# Resource object code (Python 3)
# Created by: object code
# Created by: The Resource Compiler for Qt version 6.9.0
# WARNING! All changes made in this file will be lost!

from PySide6 import QtCore

qt_resource_data = b"\
\x00\x00\x9d\x22\
\x89\
PNG\x0d\x0a\x1a\x0a\x00\x00\x00\x0dIHDR\x00\
\x00\x01\x02\x00\x00\x01\x05\x08\x06\x00\x00\x01\x7fM\xd9~\
\x00\x00\x00\x09pHYs\x00\x00\x03\xa6\x00\x00\x03\xa6\
\x01\xee\xd3[\xfc\x00\x00\x00\x19tEXtSof\
tware\x00www.inksca\
pe.org\x9b\xee<\x1a\x00\x00 \x00ID\
ATx\x9c\xec\xbdw|Tu\xf6\xff\xff<\x93B\
\x02\x09\x10 0\x13\x9a\xa8\xa0RUP,X\xb1+\
6\x04\x85\xa0\xee\xda\xdd\xb5\xaek\xd7\x8f\xba\xbb\xba\xee\
Zv\xd5\xd5U\xd7.\x09E\xec vQ\x01\x11\x05\
+6\x9a\xb4\xcc@\xe85m\xe6\xfc\xfe\xb8\xf7\xce\xdc\
\xb9sg\xe6N2\x09\xec~\x7f\xaf\xc7c\x92{\xdf\
\xf7\xdd\xef\xb9\xefr\xde\xa7\xa0\xaa4\xf6\x07\xfc\xce\xfc\
\xff*P\xd6\xd8|\xc4\xcc\xc4\x13DD\xd4L`^\
\x8aK\x9c\xddT\xf5W\xcf\x99\x02\xbeL\x22\xab\x87\x1a\
;+ \x22\x0b\x9bT\x09\x11IZ\xa8[/\x98i\
\xbe\xb1]\xffKU{\xa7\xca'e%D\xe4\xe5d\
\x05\xd9\x11\x129\xd1Q\xb9A\xb6\xdb\xe9\x22\xb2]U\
ED\xea\x93f\x92\x84\xe0\xf6\x00\xd6\xbb=\x0bB\xf8\
\xb4+\x1f\x9fOE\x95\xda\x7f\xaa\xaa\x81\x87\xe7m\x0d\
B\xb8\x1a\x8a\x1d\xf9m\x03\x1e\xcc\x980\x9d\x84\x17\x12\
\x09\x07*\xaa|8\xe2\x9f\xdf\xab5\xcf\x1d\xd2\x9e\x81\
\xd3\xd6\xf0\xdd\xc6\x06+1\xc1\xf2\xb2\x88_5\xc7\x96\
\xdf\x1b\xaaz\xaakY\xceJ8\x0b_-rq\xf7\
\xe7\x97\xfd\xbb>'7\xc7\x998x\xa6\x1f\x7f\xa1\x0f\
\xa9\xa8B\xcb\xcb\x90\x8a*gK\x08\x96\x97\xad\xf4\xab\
vwmi\xb2J\xc4\x15\x222\xa5\xac\xa2j\xa4\xb3\
\xf5\x00Z^\xc6\x86\xba\x08\x1d^\x0a\x01\x90\xef\x13\xea\
\x22.y\x19\x15i\xf0\xab\xe69\x1a{\x9e\xaa\xbe\xe0\
Z\x09\x11\x99\xab\xaa\x07\x02HeP\xed\x15X?\xca\
OI\xbeA\xcb\x09\xadN\x05\x11\xd6\x94\x97\x15\x97\xaa\
n\x15\x91\x06 \xc7\xde\xdb\xbeX<\xd9*\x22\x9d\xad\
\x0a\x84D\xc2\xf6\x0ahy\x19\xd7\xcd\xdb\x8cTT\xb9\
V@\xcb\xcb\x92WB\x95\x06\x91e\xc6\xa5\xe6:\xbf\
:QUD\xa4\x93\xaa\xae\xb5\x02W\x8b\xcc\xf6WT\
\x1dlU\xc2\xf5}\xbb`\xc1)\x9d\xe97u\x8d\xfb\
C\x1b\xb1:\xe9\xce\xea\x89\x90\x88\x5c\x14\xad8\x0c\xb5\
\xf7\x82Ex\xabG\xfaSV\xa2\xdf\xd45\xc9{D\
\x15\x15\xd9j\x5c\xc6\xf7\x84\xcf\x0c\xccU\xd5\xa7\xac\xc0\
@EU\xc2 V<)\xc8\xed\xdfnF\xcb\xcbx\
\xf4\x80v\xae\xe5\xe4\xf9\x84\x7f/\xdc\x96\xb4\x92e\xe3\
W\xb5\x85\xc4\x91\xd8'\x22C\xad\x1b\x11\xd1\xa0\xc8\xa5\
n\x19lmP\x9e\x5c\xb8\x1d\xa9\xa8\xe2\xf7_l2\
\x1a\xe7h\xf5\x9a\x91~~7w\x13]\x0a|I{\
$$R\x9f\xd0\x13\xaa\xfa\xb9u\xa3\xaa\x22\xf0\x18\xb6\
z.?\xa3K\xd2\x96IE\x15\xed\xf2b\x9dV\xf2\
R\x10\x80\xd55\x91(\x0d\xd5\x8f\x09\xa0\xe5e\xdc\xdc\
\xbf\x08\xf3\x15'\xf4r\x5c\x80T\x86\xc2\xc6E\xac\x16\
=^]\xedZ\x81\xdas\x02L\x1cV\xc2o\xf7h\
\x9d\xb4\x92\x00y\x13\x82HE\x15\xf7\x0cj\x9bX\x8e\
\x89\x5c\xd7\x94*@\xeaY\xbb\xd5\xc4`|\x12\x8f_\
\x90\x1b\x12\xbaF\xe1Y\xd2\xce\x9d\x99C*\xaa@\xdc\
3\x8e\xaf\x840;\xa0z\x91k\xcc\x14H\xd5\x0by\
>\xa1Oq\xac\xc3\x8dIM\xdf\x89+\xd6m\xee\x08\
\x89\x84\x03\xe3W\xa5]u9\x0b\xbf\xa2O\x1b\xda\xe4\
\x0a\x17\xee\xd9\x9a\xdef\xc1\xf6\xe7\x95\x7f\x1f\xf7\xc9\x98\
o><\xc2\x99O\xe2\xdcQ\x19\x0a\x07\xcb\x03\xb8M\
\xdb\xce\x0a\xac\xb0u\xef\xed\xb37\xf0\xfc\x92\xed\xc9k\
l\x8e\x98\x81\x8a :\xd6\x1f7#'\xd2\xc4X\x7f\
\x8e_5g\xc5y=V%\xcf1q\x02KY\x01\
\xe0\xcc\xd9\xaf\xcc\xf7\xab\xe68+\x00I\xbe\x0e\xa9\x0c\
\x85W\x84\x1b\xf6F\xe4\x97T\xbda\xc7\xb4\xdbO\xa4\
\xdd6c\x10\x1b\xf6\xe0lG\x86\xc2\xbf\x1e\xbdb\x9d\
\x1c22\xecV\x89\xe4+\xab$\xafe\xf9\xb8\xaei\
+\xd4c\xbc\xad\x13S\xbc\x06\x0bI\x89O\xc7\xfas\
\x02\x15A\x82\xe5e\x91d\x9fVZx\xa8\x00$\x1b\
\xacl\x15\x11\x82\xe1/\xcb\x03\xf9]\xa1&PQ\xe5\
\xbb\xfc\xca'\xd8\xd4\xa6\x1d\x9b\xda\xb4c\xda\xed\xb1\x85\
\xf6\xd8\x9b&\xc6\x15\xbe\xe8\x82=\x17\x17\xd5n\xbf\xc6\
_\x11|=U\x05\xd2V\xc2^\x11\xd0{\x83\xe5e\
c\x81\x1en\xb3\xec\xcc\x01\x87\x03\x18=\x07\x04*\x83\
\xaf\xa1\xa4\xad\x00\xa4Yc&D6\xc7|\x1d\xeb\xcf\
Y#\xb2{\x04\x16\xdb\x1e\x1f\xe9W\xfd\xd8\x1e\xc7s\
\xbe\x99T\xc2\x89\x01\xf7\xbc\xfb\xea\xd6\xc2\xe2\xa3\x8bv\
l\xfd\xe0\xbb[\x8e=\xb3\xd1\x19y\xd8y+\xc6\x94\
o]\x1f\x05\x1ce\xde\x1fe\x0b\xbf\xc5\xbc\xee\x08<\
`K\x7fi\xda2\xbcV\xc2\xfc\xaf\xceg\xb6\xeb\xbb\
\xcd\xff\x13\x81\x22+~V+\xe1,\xd4\x11g\x85\xe3\
\xde\x8a/Y\xa9D\x8a\xcaY\x05\xad\x02.jl>\
\x9e\x89RD\xaaT\xb5\xcc\x8d1b\x85\x99{\x96$\
\xeb}wxf\x8eX\x85'y|\xb7\xf9\x7f\xa9\xad\
R\x9b\xbcf\xec\xa5\xbb\x83\xb6\xebo<\xd0\xcd/\xe6\
\xf5\xf9\x8dz\x05\xb6.\x8d\xfb\xef\x8c\x17\x14\x19\x0c\x10\
P\x9d\x97\xac\x81\xb6L\x5c\xf3H\x18\xa2m\x85\x96[\
\x09\xac\xff!\x910\xd86B\xe6\xfa\xa1\xba6B\xa7\
V>B\x22\x11\xb0\x96kQt\x07\x96'kH\xfc\
\xd2^d\xa5\xad\xd0\x0a\x00\xb9\xeb._H$\xdc\xf7\
o\x1f\xae\x0aTT\xf9\x02\xe3W\x19S\xb8\xf9\xd3\xb1\
\x01J\xa7\x18l\x80\xc0\xf8U\xbe@E\x95/\xa7b\
\x95Z\x95U\xd5\xe5f\xde\xfb\xb8\xf5@\xf4\x15\x88\xc8\
l\xe0T \xac\xaa\x1b\xac\x08\xc9\xb80\x90f)\xef\
\xe0\xc8\x88\xc8L\xe0`\xe0{\xb5\xf1\xaeR~\x86^\
\x0bO^\x11!8.\xae\x12a\x8d\x7f=\xc9i\xc0\
\xadp\xfb\xde\xd1\xdb&F\x09\x8c_\xe5\x0b\x8a\x84\x03\
\x935\x1f\x18\xef,\xc7\xfe\x0a\xd4Fl\xf7\x07*\xaa\
\xae\xb3\x0a_zz\x17vk\x93\x93\xb2P\x0f\xaf\xa3\
\xc1\xaf\x9a\x97\x8c\xe7\xe0\xe4\x03\x5ceoy\xaf\xd7V\
\xa7m\xb1\xc5\x97p\xaf\x9d\xf2\xf6\xfe'\xcc2\xef\xb6\
\x8b\xc8\x83\xd1t\x18\x03\xc79\xaa:ID:.\x87\
\xf6=*\xaa\x16\xd9+\xb0\xf4\xb4.\xecV\x94\xba\x07\
\xd2\xc2\xe8\x85\x99~\xd5\xc3\xec\xe3\x8bOUEU'\
\x19\x15\xd5uy\x90\xb0d\xb7\x0a\xd7\xf22\xb4\xbc\x8c\
\xdd\x8b\xdc\x17@{\xb5\xcdM\xd9\x0b\xc0!f9V\
o\xd7d\xc4(\xb7\x98_K\xb6\x86\xf9}\x9f6\xf1\
\xf9\x97\x97qD\xe7V\xd1\x8a>v`\xfb\x84\xf4o\
\x1e4\xe2\x93\xf8:i\xa1\xc5\xfc*U\xd5j\x80\xfc\
\x17\x967\xd8\x99\x9f\xb9\x02\x0dI\xbeT/[z-\
/c\xee\xba:\x86\xbe\xbd\x16D\xd0\xb1\x01W\x9eS\
\xb5\x15P\x9f\x9b\x17-|\xe3\xe8@\xda\xc2S\xb2\xfe\
0z\xad}\xbe\x8f\xba1\x01\xd7\xe7)_AN\x0a\
&\x87\xd5r\xa9\xa8b\xf1i\xc9\xd9A\x00{\xbd\xb1\
\x86\xfc\x09A\xd7g\x09\x15X5\xae\xebz\xeb\xbax\
r(e\xc6\x16\xa6,\xdf\x91\xf2\xb9\xd5Kg\xcd\x9a\
\xf2e\xca\x0aHe(\xecSM\xa4\x9e\x14XpJ\
gn\xfcjs\xca\xc2\xad\xdez\xe4\xb1\xab\xf6\xf7\xc2\
c\xba\x1f\x91\x1b\xdc\xc6\xff\xb8\x84\x02\xf5c\x13\x99\x1a\
\x87\x94\xe63f\xb7B\xa3plCv\x92\xfd\xa7\xeb\
d4\xa5\xdf\xb0OG\xdd2yX\xca\x1a\x10\xdbM\
wWM\xfb5\xe47\xd4\xd7\xd6\x9e\xdf\xb3\xc0\x19\x9e\
@\x03R\x19\x0a\x0f\xfba\xd6\xc1\xa9v\xccN6p\
\xda\x11R\x84e\xbf\xd9-\xcf\xd9\xfd\xe0\xf2\x0at\xac\
?G\xb6V\xb5\x0e\x96\x97m\x09\x8c\xaf\xf2\xb9\xb1\xfb\
:\x17\xf8\xf0i$zo\xed\xa0\xdbm\xdb\x94\xc8\xc4\
\xc0\xd8\xc8\x06&/\xee\xa0\xa3\xfc\x09\x0bU\xf7]s\
\xb1\xac\xf6\xab\xe6\x04E\xea\x02\xe3WE\x0f3\xa6\xdf\
z\x1c\xfd\x96-`\xc58\xf8\xd5\x16}\xc0\xd2o]\
\xb3\x01\xf8\xf0\xe6\xa3\xe7\xfaU\x872!\xb4\x11H \
p\xd7\x0a\xe8\x18\x7f\xb1T\x86\xc2jT\x22\xba.\xe8\
\xb4y\xad[\xf4$\x10\xaa\xc6\x95\xd5\x05T\x87Je\
\xc8\x95\x85\x03iVD2!TC\xee\xfa\xb6\xc1\xd1\
\xfdv\x04*\xaa|'\xcd\x9d\xca\xe6B\x83m\xbb\xb5\
\xb0\x987\xee8\x19\x88g\x5c\xcc\xec\x7fX\x8cs\xf2\
\xec\xd26\xe4\x17\xac\xd7\xb1\xfe\xe4<aO\xfb\x82\x8a\
`X\xd58\x22\x1c~\xc3\x8b?SQ\xa5%O,\
\xd0\xe5\xa0\xcb!zT\xd8\xee\x89\x1fv\x04\x8d5e\
4M\xda\xbc3\xd9\xc7Q\x11\x0cSQ\xf5\x9aY\x99\
\x0f\x82\xa0A\xd0\x10|f<\xaf\x9a\xe6\xb5\xe0\x94\x1b\
\x13/(y\xea\x87\xd3:l\xda\xf0\x10\xc0\x92\xc0\x1e\
\xbf\xd3\xb1\xfe\xb7\x1a\x95\x91\xc7\xad\x99\xda\xae?\xc0`\
X(1fE\x01p\x9c\x19\xf6\xb6\x1963\xeb\xaf\
\xc0\xcc\xf8M\xabR\xd6\xcf\xbc\xbf\xde~\xef\xf5\xe7y\
E$\x22+\x5czO\x00k\x9c\x18e\xfe\x7fCD\
~5\xd3\x5c\x986\xdf\xc6\xd2@&\xb0/\xc5\x93m\
R\x93=3Y\x02O\xaa\xaa\xeb\xb9X6\x90\xd1\xba\
4\x13\xa4\x93\x97H\x82\x88\xfd\xc6\xcc\xe3?\xce\x0e\x10\
\x91\x97DDE$\xbf)u\xb4\xd0\xa4N\xb0\x1a*\
\x227:\x1bm\x7f\xf3\x8ed\xef\x9b\x0dP\x11y\xd1\
\x96W\x11Ph\xbb\x7f\xcb\xdc\xb9\x5c\xe2R\xe6\x8f\xe6\
\xb3:\x11\xd9\xd2\x946X\x95m\xd4\x0fX\x90j\xe4\
\x8a\x86\xbd\xa5\xad\x1a[\x86K\xfesm\xd7#\x92\x95\
\x0b\x9c\x90\xf5yAD\x06\x00\xbb\xab\xea\xeb\x22\xd2\x05\
\xd8\xac\xaa;\xccg\x1b0\x16\x1d+T\xb5\x87[z\
\x93\xf3\x9eV\xae)\xa1\x5c\xb8\xac\x8b\xea\x7fR\xd4\xeb\
W`\xa0\xaan6\xefU\x8d\x0d\xf0\x0cU=\xd2s\
9^\x07F\x11\xb9\x0ax\xc8>p\x89\xc8\xc3\xaaz\
\x953\xae\xc5\xaf\xbac\xdc]_?y\xe2\xc5\xfbG\
\x1f\xa4(\xcb\xb9\xe3\x93\xca\xd8\xc6\xaal}\xd5\x86y\
W\x0ei\x07\x90\x03]KU\x93n\xa0\xcc\xcfe\x00\
\xf0\xb1\xaavL\xdb0R\x9d\xb5\x19\x99\xb5W\xd5\x84\
\xb5\xad\x88\xf4V\xd5\x85\xb6\x00_\x08\xea\x1brrC\
\xdd_Xn\xb4\xc6C\xe7\xce:\xae\x13\x87\x94\xe6\x13\
Q\xc8\xa94\x16\xfb\xef\x0d\xefHa\x8e0\xec]\x97\
\x15\xa9\xb9yx\xee\xc1\xdf\xcc:~\xde\xbb\x07G\xe0\
\xb02\xd5\xc4\x85y\xac\x9e'\x01\xd3\xcc\xdb\xa0\xaa\xba\
\xee\xad\xbd~\x0e\x9d\x80j\xa0DU7Z\xe1!\x91\
\x0f\x81#\xa2\xecT\x8fT\xb5n\x94\x9f\x0eId\x90\
<\xcb\x16\x98\x1db\x9e\xa8\xa9_\xd5\x8d\x0d\xe8\x036\
\xaaj[\xe73;\xdc\x12Z\x0d\xaeQ\xd5B\x005\
D\x8a\xa2\x9f\xc1J\x91\x81\xb9\xf0\x95\x97\xc6?1\xb4\
\x1d\x17\xec\xde\x9a\x5c_l\xfa\xbf\xe1\xab\xcd\xdc\xf7\xc3\
\xd6\x84\xb8\x19\x09W\x98e\x06\xc6\xaf\xf2!BP$\
,\xf0Y\x17\xd5a\x00r\x17>U\x8d\x00mE\xa4\
\x1b\xb0\x02\xf8AU\xfb\x89\xc8<U\x1d\xec\xda\x09\xb6\
\xe9\xec{\xe0Z\xb7\xb2C\x22\xe1\xbb\xcb\xef\x9c\xf7\xf8\
I\x97\xb8rw-\x12\xb70i\xd9\x0e\xf2\x920N\
\xdc\x90\xe7\x13\xea\xddD\xe2RA\x95@E\x95OT\
\x0f\xa9\x12\x09\xfbUs\xf4\x8e\xd8\x9aCUW\x8aA\
9}E\xe4\x15`\x7f{\xf2\xd4\x1b7\x91\xafUu\
_\xeb>\xca]6\x0bN\xa8Ky\x19]^\x0e\xb1\
\xa6&\x92\xf0,\x13\xac<\xa3\x0b][\xe7\xf0\xd2\xf2\
\x1aF\x7f\xba>}\x82\xf8J'HU\xc6?\x96~\
\x18/9\xb6\x96QUD\xe4)5\xa5b\x92-q\
c\x1d\xa0\xae\x22D\x96P\xa3\x96\x97\xf1\xf8\xc2\xed\x5c\
>wcb\xa4\x0ca\xcd\x18\x19\xf3\x90\xd3w\xc4u\
\xc0,U\x9d\x03I(AD\x9e\x07\xce\xb3w\xc0\xc8\
[_^4\xbb\xefA}R\xc9Piy\x19\xa5S\
B\x94\xe4\xfb\xf8\xe5\xd4\xce|\xbb\xa1\x9eAoU'\
O\xe0\x01Z^\xc6\xda\xdaH\xf4\xe8\xc83\x12Ou\
\x5c\xf7,\x22r\xa8\xcf\xbc\xe8\x13W\xb0\xea\xf9\x00\xf2\
d0\xca\x7f\x98\xdd\xf7\xe0\x94\x1d`amm\x84\x85\
[\x1a\x90\x8a*\x8e~\x7f\x1d\xf7\xee\x17\x1b\x98\x87u\
\xce\xa7\xc6\x94\xa5+\xc8I\xce+\xfb\xf8\xd8Nhy\
\x19\xc7\x06\x0c\x1e\xb9Ea?\x8e\xe8\x9c\xbe\x02\x0e\x84\
D\x8e0\xdb$\xb6\xe5\xbaZ\xe3\x9f\xaa\xce\xb2>\x07\
\x05\x86\xa8yT\xe9\xf8\x0c\xea_>\xf4\xcc\xd9W\xfc\
\xee_\x87\xa7\x9a\x05>?\xa1\x94\xa1o{\x7f\xeb_\
\x9cP\xca\x90\x8ey\x8d:.\xd90*@\xfb|\xe1\
\xc7M\x0d\xf4M&\xc4\x8a\x80\x90\xf2\xb3\x88\xc6L\xba\
X\x9a\xb8z\xb8\x9e\xd3\xe5\x83TcA\x8e\xc0A\x9d\
\xf2\x99U]\x97qC,4E\xe6\xd0\x8e\xbf\xef\xd7\
\x96\xeb\xfb\x16\x01\xf1\xbc\xe4\xa84o\x0a\xb6^\xf2]\
dD\xdfMW\xf0\xaf\xa7w\xc9\xb8\x03\x82#\xbb\xb0\
\xf4\xf4\xd8y\x84TTQ\x9c'\xd1\xf3\xab\xc6\xe2\x86\
\xaf6G\x1b\x9f\xee\xbc\xc3\x09O[\xe9\x0b\xde{\xf6\
s\x5c\xa4:\xfd\x05\x99\xef\xc4\x03/\xaf\xa6\xd7k\xf1\
\xe2\xb1[\xea5z\x86\xd6\x94\x8e\xa89'\xc0\xd2\xad\
a\xf6x}5n\xf5M\x86\x94\x82a2!t\x84\
\xaa\xe6\xdc-\x12~\xe6\xd8\xdf&<\xcfd\x11\x94\x0e\
%\xf9>\xd6\x8f\xf27\xfa\xd3\xd0\xf22\x8a&\x05\xd9\
f\x9d\xcd\x19\xe3A\x83\xc2\xdfeb\xe8\xe4TiS\
\xca\x09\xa2|\x18\x17\xd8Xy\xc1$\xd80\xda\x8f\x96\
\x97\xd1\xad\xd0\xc7\x86\xbaHF\x1dP\xde\xab0\xee\x13\
\x92\x8a\xaaX\x07\xc4\xe0\x0b\xa8\xdeJ\x847R\x09\xca\
\xa5^1V\x86\xea@U\xc7\x06Z\xa5\x12\x84\xc8\x14\
N\xe1[\x0b=\xc6\xaf\xa2\xf6\x9c\x00\xf9)\xa6\xcf\x1f\
65p\xcc\x07\xeb\x08\xeeH89\xb2U<n@\
l\x00\xeau\xac\xbf0Y\xf4t\xc2\x9a\xf9R\x19\x0a\
Ke\xf05u\x1c\xbe4\x16\x07\x9a\xd3\xe2\xf2$\xcf\
\x9d\x12\xeb\x19\xc3\xec\x00\xc0/\x13V\x7f\x00H\xaa\x0e\
\x00\xaf\xc2\xa2\x95\xa1\xb0L\x08\xd5\xc7u\x04x\xde:\
G\xf3\xca\xd2t\xe8\x0ac\xa1\x1f7%\xa2\xeaI^\
\xd4;g\xa9r\xe5\x81\x90\xfb\x99\x8e\xf5\xe7\x84D\xd6\
\x01\xed\xd3Q\xc5\xcb\x7f>\x83\x03~\x9e\xeb\xb1\x15\xc9\
\x11'\x10\xedZ9a\xe5\xb9\xddW\xe7D\xc2\xa5\xd1\
\x0e\x08\xcb =\xb7\xcb\xf7^\xf2\xcf\xf8\xdc\xc1.\x91\
k\xb2\xd14PQe\x8a,\xc4\xe7\xf5\xf1\x1f\x87\xd1\
+\xb441\x93\x0c\x91\xb4\x13D\x98w\xc5\xfe\xf3\xcb\
6\x84\xf6\x8d6\x9e\xcc\xa4\x85\xa1\x09\x87/\x8e\xce\xf8\
\x16\xe8\xd7\xed\xc5\x15\x12\xf6\xe5\x88E\x1d\x0b.\xd9\x9b\
\xe2\xedM\xe7\x88;E\xe3!&\xa3\xdd\x94\xc6G\xb3\
ll'D3\xa8\x0c\x9d\x04\xbc\x09\xd4\xe9X\x7fa\
\xc8P\x5c\xed\x1f\xf6\xe5\xac\xef\xf6\xe2\x8aN\x00N*\
i]\xbb\x9d\x9f.\xec\x9d\x90W\xc2\x1b\x97\xe8\x1f\xde\
\xbb\xe5\xd8\xcf\xfa/[0\x14\xac\x86\x07kAr\xf1\
1\x5c\xcf\xf1\xcfhR\x1b\x9a\xda\x09q\x99\xbdD\x0e\
\xf5!c\x1d-|\xa1c\xfc\x07\xad\x16\xe9\xac\x107\
\xe4W\xb7\xef\xf4S\x87\x8dk\xfb\xdaY/\x02,\xea\
\xb6\xd7\x17{\xaf\xfcy\xb0=n\x0e\x9c\x5c\xaa\xfa\xb6\
T\x86\xbe\x04\xf6\x03`\xa1?\xcf\xce9jr\xbd\xb3\
\xd9\x09\xae\x05T\xac:\x08\xc9\x99e\x0f\xdb\xb3j!\
\x1f^\x7fx\xc2B\xadGE0\xb1aa\x1d\xaa\xe7\
\x06\x12D\x8a\xb2\x89\x169\x90\xdd\xd5\xd1\xe4\x03Y\xdb\
y\xa4OD\xf2D\xe4H{\xb8y\xfd\xa6[\x1a\xdb\
\xbd\xeb\xe8\xe9\xc8\xc3*\xe7{\xf3\xff)\xe6\xff&\x9f\
V\xa7],e\x02U\xad\x07f\x88\xc8\x8c\x0c\x93\x16\
\xd9o\xecz\xd3\xe6\xbd\x9d5\xd6\xcf\xd69Y\xd9\xcc\
d\xa3\x13^0\xffG\xdf\x9a\xaa\x1e)\x22\xf63\xc4\
\xcf\xe3\x93\xf0\x94\xf5\x5cU/\xb61v\xbf\x05\xe6\xd9\
:\xe093\x8e\xd8\xe2\xdb\x8f\x01\xff\x03\x8c\xb7\x97\xa5\
\xaa\x17g\xda\x80\x9d2&\x88\xc8\x10\xe0\x0aU\xfd\x8d\
y\xff\x1d0\x1d\x98\xa6\xaa\x1f\xb7he\xb2ud\x9e\
\xe2(}\xa0\xedzv\x8ax\xed\x80\x02G\xd8_0\
\xa8\xabC\xb3\xd5\xaf\x99\x1a\xad\xb6k\xbf\xedz\xb8\xed\
:\xdf\x91\xe6\x1fi\xf2\x19\xde\x94:\xb5t\x07\x08\xb0\
\xcc\xbc\xf69\x9e\x9d\x95\xae\xd3\xeca@\x97$\xe1?\
e\xa3\xae\xcd6\x06\x88\xc8p\x0cK\x15\xef:\xc2\xbf\
U\xd5\x81.\xf1U\xe3\x07\xb9\xe8\xbd\x88\xf4W\xd5\xef\
]\xc2\xe3\xd24\x0aMx\xcb\xbf\x02#mo$\xcf\
%\xce\xe7I\xde\x9e\x02?\x01'\xdb\xc2\xd7;\xe3\xb9\
\xa4\x1dH\xfcg\x91\x10\xa7\xc5>\x01\x1c\x03Z\xb2\xca\
8\xc3\x99<9'\x832F\xb85\xd8\xec\xc0\xc7l\
\xe19\xc0\x96\x16\xfd\x04\x92\xc8\x15\x9e\xa9\xaa\xaf4*\
\xc3\xf4\xe5\xf5Q\xd5_\xdc\xca\x16\x91\x88\xaa6n\x85\
\x9b\xc1\xdb\x98I\xfc\xdb\xb8\x17\xb8\xcdv\x7fS&=\
\x1f\x82\xce!\x18n\xfezeH}\xae\x9f\x01\xc6\xe0\
[\x03\x9c\x9aU\x0aH6\xf0\x88H\x07`\x9d\x19\xad\
\xb5\x9a\xd2jN\x04E\xde\x15\x18\x9e\xe1\xbbY\xebW\
MyL\xe4\xa8\xcbs\x18\xd23\x17\xa9j\x89\xd7B\
\xd2.\x87E$\xcf-LU\xebUu=I\xd6\xe5\
A\x91\xc7\x05.\x06\xa8\xcbo\xf5\xebn\xcf.MI\
\xa2>\x81\xb0\xa9c$\x95Af\xdcx\xd4rL\xe9\
6`\x91_u/g\x9a$/\xe5\x8f\xe6\xff\x0f\x80\
wU\xf5o)\xdb\xe7u\x0c07\x22?\xa8j?\
\xf3\xfex\xd5x\xf3\x22\x00!\x91\xcf\x81!\xe00\xfe\
\x93\xa2\x9c\xf7\x87wd\xb8\xbfU\xf4\xfe\xfc\xcf6\xf2\
\xc2\xd2\x181\xad<\xb7\xdb\xda\x9cH\xa4\x83BC@\
\xb5\x95<\xb2\xa8\x95^\xb9g\xadK\x1d{\xa9\xea\xd2\
L\xa6\xc7T\x22y\xd5\xaaZ\xea\x08\xdb\x00\x5c\xa6\xa6\
\xd2\x9f\x1d\xcbD\x02\xad`%\xd8\x1a\xee\xc2Lu\xc2\
:\x11\xbap\xceF\x9eY\xbc=\xa9m0\x80\xe5\xe7\
\xf5X\x95\x17n\x08(\x5c\x17P\xfd\xa7K\x9d\xadA\
\xc1\xf3\xda \x99\xd4I1\xc6J\xae\x83\xcb\xb3\xfdU\
u\xbe=,d\xd8\x8f\xf3ez\xb6`5\xdeWQ\
\x15\xed\xa6t\x0a\xa9\x10\xcf0u\xd4\xed&U\xbd\xd7\
v\xff2p&0\x0f\x18\xec\xd61\xc9\xbe\xcb\xf5\xaa\
\xdaAD6\x89H\x9cv\x9aK\xe3\xc34\xa1\xf1E\
\x93\x82\xd1\xc6\xfb\xd2\xbd75\xd6P\x81\x8a*\xdf\x96\
\xd6\xc5?\x86bc\x84U\xb7{Mi\x92\xf3D\xe4\
\x09U\x1di6\xda\xb5\xf1\xe0] s\x0b\xd0\xe0\x1c\
]C\x22\xe1\xc5\xfe\xdd\xe7\x0f{`\xe6\x10/\xe4\x0e\
\x86\x98\x9d\xa5P\xd9~r\x90M\xf5\xb14\xe1\xb1e\
Q\xe9T\x0f\x95b\xf0\xa2y\x8b\xa7\xde1\xa2W\x0a\
!\xab\xb4\x9f\x84\xa7\xc5\x83\xaa\x16[\x8d\x97'\x97\xb4\
\x03\xa3\xf1\x15G\x8f\x9bc4\xdeZ\xdd\xa6\xc6\x11\x9d\
[E\x1b/\x15Uq\x8d\x07\x0f\x14\x10_)\xe6\xed\
9x\x8f\xdeO\xffR\xeb\xa4\x04G\xdd\x9d\x8b\xb5\x05\
qe:\x13\x88\xc8\x9b&\x19]\xed\x9a\xe1%\xbbo\
\x0a\x89\x84W\x94v\xff\xfa\x8f\x17\xfe\xfd\x90T$\xdf\
:WXpJ\xe7\xe8\xf1\xf7\x8cc\x0dYi\xb7o\
\xbcfL\x80\xc1\x99J\xa9\xa9\xb2\xb5\xa0\xa8p\xd8}\
\x9fTY\x9d wa\x09\x92M\xb3M\x8d\xf3\xcc6\
u\x01\xe2\x14\xd9\x12\x15\x18UGX\xd7\x222\x02x\
\xc3\xde\x8b!\x91:\x80\x03\xff\xf9\xf9\xfe\xc9\x1a?\xa4\
c\x1e_\x9cP\x9a\x10>\xbd\xaa\x96\x93>Z\xe7\x92\
\x02Z\xf9\x84\xf9\x1b\x92\xdb\xe2L\x0aU\x16\x97\xed\xd9\
mE\xa7\xee_b\xb3W\xa0\xaa'\x9b\x9f\xc0\xb9\xaa\
:XD\x0eQ\xd5\xd5@/\x11\x19\xa9\xaa/\x83m\
\x0c\x10\x91\x1a\xc0\x9a\x8c\x1f\x00nT\xd58\xd2\xb2\xa6\
:\xe3\xf0\x14\xdc\xc8\xde)\x22S81HM8\xfd\
\xe7\xa1\xe5e,\xde\x1af\xcf\xd7\xdd\xad\xd3\xa5E\xec\
\x18}\xaa_\xf5\xb4\xf8G\xf2:p8\xf08\xc6\x92\
=\xb6\x8f\xb0\x0f\x82\x22r\x1e\xf0<0\xd5N\x09\x16\
\xbc\x88\xe1\x02l\xaaW\xdaO\xce\x5c.`\xf6\xf1\x9d\
8\xb8S>\xf3\xd6\xd73dz\x86\x9f\x83m\x8at\
\x186=\x17\xd8\xa1\xaaS\xdc\x92\xc5\x8d\x01\xaa\xfa\x82\
\x1az@#Dd\x90\x9dG\xbfZd\x96-bB\
Fv\x11\x97\xc64\x1e\xe0\x90w\xd6\x22\x15U\x0c\xee\
\x90\x97\xb9\xb0\x95Y\xa7\x9f\xba\xed\xf5\xb9cP\xf4\xdb\
\x1bo\x1b\xe3~\x00\xa22\xc8i\x97\x8e\xe9\xc4j\xb6\
\x9f\x13\xa0uS\xa5Al\xc8\xa6\xfc\xb1\xf9\x22\x15h\
\xab\xaaq\xba\x00\x16\x05\xd4\x99\x11\x0f\xb6%\xba\xdf\xba\
\x0e\x8a$,;\xed\xa8\x1cVB\xeb\x89A>?\xa1\
\xb4Ibrv\x14O2:\xf3\xf8\xb2Vib&\
\xe2\xe7\xae{\xcd\xb1S\x81I\xd5>5\x8c\xca\x0e\x13\
\x91\x1b\xadgv\xb1\xdbW\x813\xdcvX\xe9\xbe\xfd\
hA\x19\x1b}I\x8d,S\xc1V\xe09U\xbd\xc2\
\xbc\xef\x05L\xb3\xcci\x88\xaa\x9e\xa9\xc6)\xccI\x22\
\xb2\x1d\xa8\x95\x97\xd6\xc6oA\xbd\xac\x1am\xa6v\x9a\
\x8a\x8c\xf5\x10\x1cX#\xb2\xbb\xed\xf6x\xab\xf1\x00\xaa\
\xba\x14\xd8'\xd1,\xa4\xea[\xaa\xdaZU\x0btT\
\xa7\x9f\x83\x22\x95jpY<\xc3\xde\x09Z^\xc6\x9c\
\x13:qV\x8f\x82\x8c\x0e\xf4\xbe>\xa9\x94\x97\x96\x1b\
\xc5\x86\xc7f\xde\x99\x7f\x19s\xdb\x1c\x87z\xe0\xf5.\
\xd1\x22\x82\xc1Rr.\x17\xdfW\xd5c\xc0 \xff\xee\
/,\xd7\x06_n\x8e\x97\xad\xad\x9d\x5c\x9f9\xa8=\
O-\xda\xce\xec\xb5\x86,\xc5\x94\xc3K\x18\xd9\xbd\x90\
\xba\xb0\xa6\x14\x9fs\x92\xbeu\x9fSY\x857m\x9d\
D\xa9s\x11\xe9I\xbc\xfd\x87\xabT\xf5\x11\xf7\xbd\xc0\
\xc8k\xef\xb5\xdf6\xe4\xa4o<\xc0\x9f\xbf\x8b?\xf1\
\xbe`\xce\xc6h\xe3\x01\xce\xfad\x03RQE~\x8e\
P\x9f\xc4\xc2\xcc2S\x18\xfb\xed`\x8c\xdf!\x15U\
\xac\xab\x8d\x10\x1e\xebU(\xdbe\x9aV]f~\xea\
\xd6\xef\x110\xd8Y\x83\x81\x8f\xd4Ta\x13\x91\xd3\x81\
W\x13\x06\xc0\x14\xdf\xff\xcc\xe3:q\xf8{k=\xbe\
\x1d\xb3B\xe5eq|\x00\xaf\xb8\x7f\xff\xb6\x5c\xb7\x8f\
q\xaa\xbe\xc7\xeb\xabY\xb25\xc9>(\x8d:N4\
\x9ac%X\xa26\xc3f\x90\xbe\x03\xea\xc7\x96\x91\xe7\
u\x0bkC\x9b\x5ca\xeb\xd9\x81&\xcd\x16\x0f\x0fi\
\xc7\x95{\xc5\xac;\xc5\xed5\xcc\x0e\xa8\x87\xee\xddU\
\x93\x16\xe2\x5c\x09n\x00\x90\xca\xd5\xa7\xc9\xab[\xd2\xaa\
\xb9jy\xe3\x1a\x0f\xb0\xadA\xd9\xd6\xa0\x5c\xb3wQ\
\xfa\xc8Ip\xd5\x97\x9b\xa2b\xfakj#\x9cX\xd6\
\x8aug\xc5\x9b\xba\xc9\x87\x13\xa524\xca\xcd\x94\x0d\
$\xe5\x07\xe8+\xd4nqU\xbe\xb6\xe3\xc1\x1f\x13\x15\
,\xd3\xc1.\x19^4)\xc8?\x06\xb7\xe5\xb3\xe3;\
e\x9c\x8f\x13]LE\xad\x0e\xad\xe2\x9aT\xa7P\x86\
F\xbcQ@|M\xf3\xd2\xaan\x5c7?\xb9-'\
7\xf4ik\xec\xbe\x8f~?\xb6%\x96\x8a*z\xb6\
\xc9A\xcb\xcbx\xe1\x90\x8c\xccI%\xc0e\x0c\xca\x07\
\xd6\x93\xe3s\x1fqI\xd9\x01\xe1#\x9bT\x1b\x17\xfc\
\xb2\xd9\xd0N\xfbhu<G\xbb\xec\x15\xc3x\xde\xb9\
\xbdZst\x97\xcc\x97\xbe\x16|\x02[\x1b\xe2\xa5\xef\
\xc20\x8b0G%M\x93$|=\xc2e\x8d\xaeI\
\x13p\xdb\x80\xe2&\xa5/\x9e\x14\xaf\xb3\xd8U\xf5k\
|\x5cH\xfc\x1a \x0a\xf7\x0e\x10\xb9\x19\xa5i5i\
$\x8e~?\x13\xa3Q1\xd4\x8d\x09\xf0\xca\xf2$\x0b\
V%\x0f\xe1f\xb7G\xae\x1d\xa0c\xba<\xe5\x16\xde\
\x9c\xd0\xf22VlK\xa19\x92\x02S\x0e\xef@\x9e\
O\x18\x99b\xef\xa0c\xfc\x93\xdd\xc2\xbdp\x85\xb7\xcc\
\xb8\xe1\xc89\xd9\xd63\xb2P\x98c\xa8\xdd\xdd\xff\xe3\
Vz\xbc\x969;l\xf3h?#\xbb\x17\xc4\xaf'\
DhS\xbb=\xb5\xcdz\x13\xa95\xce&\xad>E\
U\xdb\x93\x82\xed\xdcX\xec^\x94\xcb\xe2\xd3:S\x17\
No\x13\xcf\x89\x1c\x81\x0f\x8f\xe9\xc4\xe1\x9d\xf3Y[\
\x13\xa1\xed\xe4\xc4\xf4\x8b.\xd8\xb3@\xe06\xa9\x5cS\
\x9e*\xafT\x1d\xf0g\xc2\xfa:\x86\xf4EV\xb1\xfd\
\x9c\x00\x859\xc2\xd8\x99\x1b\x98\xb0,\xf1D}@\xfb\
\x5c\x8e\xf5\xb7\xa2.\x02{\x14\xe7\xb2_I\x1e\x83;\
\xe4R\x94\x17O\xb0'|\xb8\x8ew\x82\x09g\xa4Q\
tQ\xfd+\x95\xa10\xa2n;A \xcd\xc9\x90\xa5\
\xb6\x1a\x12\xd9\xb6\xa1\xa8\xc3\xa2\xbeO|?\xd0\xeb\xd1\
W2$\xd32\xfb\xc3\xa5\xffd\xcb\xe8q\xbc}t\
\xea\x05\xe8\xe3\x0b\xb7q\xf9\xdc\x14v\xacE\xd8#\xb4\
\xa4j\xe6u\xc3\xfc\xe9To\xc1\x8b|\xc0\x84\xd0\x1c\
Um\x93\xad\xcf`\xc2\xaf;p\xb3\x19\xf9\xc7+N\
gh\xff\x8eY\xe1$\xcd\xbcn\x98?\x07\xdaIe\
(\xb9\xc1C\x13)\x07AS\xe9\xf2\x00\xeb\xfe\xed\xdb\
O\x9a\xdd\x94\xc1P\xcb\xcb\x18;k\x83\xeb\xb3\xbc\xc2\
\x82\xa67^\x84\xb6\xdb7m\x03(5\x98\x9f\xfd\x9a\
\xec\x8f\x01@*C\xdf\xaajN\x94\x0a\xd2;\xb8q\
\xc5\xa7k\x92+k_\xf6\xfcg\xb0\xd7\x81I\x9f{\
\xc5\xcf\x17\xefS\xb8\x1e\x0a\x03\x13B?z\x89\x9f\xde\
/\x8c\xd1\x83\xfd\xcc\xdb/\x8c\xd3\x97\xcc\xa9\xe0\x90\xd2\
|\xee\xf86\xf9\xdea{A\x9b\xa4\xcf<A\x84\xa5\
\xbf\xdd}1@_\xd5:\x94>^\x94\xac\xbc\x89\xcc\
\x0b\xcb-S\x9f!\x91\xf0-\x93\xfe:\xe7\x9e\xb3o\
>(\x93\x01\xf1\xfe\xfd\xdbr\xc8;\xc9Wy\x0f\xfd\
\xfbJj\xf3\x8c}\x80\xa8\xd2v\xbb\xd1Yn\xc6R\
\x13\xeb'\xe4\x86\x1b\x1a\x0a\xeajzE\xb5\xcc\x84\x9f\
\xbd\xd4+\x03\x05\xcbP\x18\xe1K\x1d\xe3\x1f\x1a\x12\x09\
w\x1d\xbfR\x22\xe2\x93T\x9d\xe0\xc5\x9bL:xQ\
\xae\x04\x93\xff\x07\xf9R\x19\xfc\x1a\xa5\xafW\x15;\xef\
>\x17\x8c\x01q\x88\x8c_5\xc8\x0f\xf9\xab\xc6u\xb3\
NU\xbdf\x91}\xc4\x8b\xcc\x5c /T\xed\x97I\
\xe3!S\xfd\xa1\xbc\x86\x22|9\xf3\xe5\xd9\xa5ya\
\xe8i\xc9\xea\xec\x94N\x88o\xfc\x8b\x81'\xaa^\x22\
G>g\xdd\xd6\xd4\xce\xcd\x1c\xc8\xcc%\xe9\xa8n;\
\xd0\x86}\xc9/\xd8\xd6\xed\xf9\x95;\xf2\xa1$X^\
\x16\x19\xbc\xf0\xcb_[\xb4\x13D\x10U\x82\xe5e\x11\
\x85\xeb\x02\x93W\xfc\x81\x22\xd9BX\xfb\xbb\x89\xcf\xa5\
B\xc6\xf2\xb5Z\xde\xed;\xd0\xdd\xc9\xcdY\xd3q|\
\xf0\x5c\xbfj\xce\xd4;O\xedQU^V\x87H\xf3\
R\x83\x00\x22\xcc\xb9\xf6\xa0\xf9U\xe3\xbaF\x14\x8a\xcb\
*B\x11\xeas\xabih\xe8\xa1\xe7\x06<M}q\
Yz\x1d\x04]\x13\x1b\x03cD\xc7\xf8\xf3L\xc9\x91\
\x9cC\x1f\x98\xb9~\x89\x7f\xf7N\x00'\xcf14\xe7\
6\xb5i\x17\xf7\xdf\xeeT\xcaB\x9cs)\x1b\x0c{\
\xcd`M\xbd\x0e\x9d\xe2\x06@\x1a\xabS\x0cYP\x9a\
\x8ar[\xf3\x1a\x8atT\xb7\x1d\xd6\xa9\xec~\xff\x9a\
\xbf=T\xe27X\xbe\x0ei\x12\xb7\xd9\xc1u\xb4\xb7\
Q\x93\xd5p\x81=\xfd\x93\xd7TS\x1f\xde\x04\x8dW\
\xa8\xb6\xd0d\xd59\x1d\xeb\xcf\x91\x89k\xce\xa0>w\
\xabT\x86P\xd5\x9c%\x22\xed\xbe\xbab\xff\xf5@$\
\xec\xcbY\xdb\xed\xc5\x15\x9d\xd3.\x9e\x5c>\x9d\xb9\xd7\
\x1c\xf8U\xf7\xea\x95\x96\x83\x94S\xfc\xaa\xd3\xa52\x14\
\xa6>\x0c9\x9c\xa2g\xfb\xa77\xb5\xfe\xd9U\xaa\xae\
\x0c-\x06v\x03@\xf3K\xb4\xbc\xc3\xe6\x90\xc8\xfb\x10\
\xc7\x94\xac\x0bC\x81Sq\xf8\xf1\x11W\xce\xbd|\xda\
c\xbb\xe5F\xc2v\x1e\xf9z\xbfj\xa9<\xf7k{\
\xf2\x0b,V\xf2B\x1d\xeb\xdf;ku\xcef\x07D\
3\x9d\x10z\x0e\xe5\xdch@\xa4a/\x1d\xd7m\x11\
@\xc8\xb0\x10w\xbfK\xb2\x08p\x9f_\xf5&#\x8f\
\xe0\xde\xa8M\xa6O\xf4i\x1d\x13\xb8\xc4%]\xd3\xea\
\xda\x1c\x1d\x10W\xc0\x84\xd5\xb3Q\x1dj\x0f[^\x1e\
\xf0\xa6M.\xcc\xd21\xfe\xc3\x9b\xb1z-\xaf9*\
/U\x17\x1d\xb0\xe0\xb3?o,j\x7fd}N\xee\
n\x00y\xe1\xf0\xd2\x85e\xbd_%,\x0f\xea\xb9]\
\x92;\xc9m\x8e\xfa\xb4t\x07\xecj\xc8\x86*\xfd\x0a\
\xf3\x7f\xd4\xd6\xb8\x88\xdcg\xfe?\xca\xfc\xa9\xf9\xbf\xb3\
\x88\xcc\xb0\x85\x1fe\xc6\x9b/\x22\xafZ\xf9\x98\xff\x97\
\x88H\x89\x88\x9c\xe9T\xa9\x17\x91\xaf\xec\xf7Mj\x80\
W\xe5\xa2d?L\x1f\x80\x10g\xef\xff>G\x1c\xb5\
]\xcfp\xc9\xa3\xc1%l\x89\xed\xfa-\xdb\xf5\x17\x8e\
\xfc4U\xfd\xd2\xfd\xb2mG@D\xe4\x01Hm\xf7\
\xc3E\x8c\xfd^3\xfcn3\xfcV\xf3~\x22\xe0\x07\
\x8e0\xef\xcfR\xd5\x03\xecbn\xd9\xa8t\xd6(\xc0\
\xfc\x1f\x06n\xc8\x90\x02\xbe\xb2]o\xb2S\x00\xb0\xd4\
\x9e\x8f\xed\xb78\x1b\x14\x90u\xff\x06j\x88\xa4\x5c\x90\
a\xb2}\x93=P\xd5^\xb6\xef|\x9b\x9a2>\xc0\
\xee\xc9\xd2d\x82l|\x02o\x9b\xff\xed\xe7\x89o8\
\xe2\xd8\x9f}\xea\xb4\xfa`~:\x7f\x03N\x03,9\
{\xbb\xd2\xf5oD\xe4`U\xb5\x8b\x93X\x87\x9dq\
\x16)2\xad\xfc\xff\xf44(\x86KJ\xfb&\xa3\x16\
\xf8\x12c \xfd\x83\xda\x1a/\x22\x07\x00\xbd\x81=\xcd\
\xff\xe3\x80-\x10;%\xd7\x0c\xb4\xd1\xfe\xab\xd0\xd4q\
pW\xf8\x01{\xe0\xaeq\xff\x17\xb7p\x0f\xf9\x9d\xe6\
%\x1d\xc6x\xbc\x0cc\x18\x9bJl\x8c\xae%C\x95\
\xe8\x9d\xf9\xfb\xaf\x1a\x09\xcc/\x1bu(\xcc\x9b\xea\x9e\
\x9b\x9d_\xaa\xa9\xfd\xecz(\x95\xea\xab\x16\x91\xaf\x81\
Ai\xe2,\x00\xfaf2:\x88\xc8\xa7\xc0\xe1\xba\x8b\
uz\xb39<j\x0e\x98/\xbf\x8b\xb91x\xda\x16\
\xeej\x9fK\x0dSW\x00\x0fk\xbc\xc0p\xba\x177\
\x08\x98\x95\xec\xa1\x18\xee\xb4\xfa\x02\xfb\x89\xc8T\x89\x19\
BoH\x12\xbf\x9b\xb9\xa8yEUUD\x1e4\xe3\
\x7f\x96\xa6\x1e-\x83\x9d8\x84\x9fL\xfc2Wq\xb1\
+\x94\x22\xfd\xbdf\x9abkhN\x12\xaf\x96\xf8e\
\xb95\xdf?\x04\x9c\x9db\x98?&\xc9\xb3|\xf3\xf9\
\xe1\x1e\xeb9+E\xdd\xfe\x94\xecY\x8b\xbe\x8b\x9d\xf0\
\xf2\xff/U\xc3-\x82\xc8 \xbfM\x18\x0b\xb8\x16\xe9\
L\xe0#\x1b\xd1\xd6\x00\xb7\xe3bQ\xc8\xd6\x96\x15\x18\
\xfa\xa9\x0b\xcd\xfb\xe5\xc0+\xb6<\x9cv\xa7\x0a\xcd\xf0\
\xb7\xff\x97\x89@\x81/\xd2\xc4\xb9vW\xf8B\x9a\xd0\
F\xcb'\xe5\xc1.m?-M\xdf\xd4\xb5t}w\
\xc6\x9a\xa050\xc4\xd4rv\x85\xaa\xfe\x03@D\x8e\
m\xb1Z%\x81\xa5\xa3\x9f\x09T\xf5]5\xd6\x1en\
s~\x82\x08\x9e\x884X\xca\x9b\xaa\x9a\xe0\xd8QD\
\xde3\xd7\x10\x8d\xd0\xb9\xf7V\xe1l~\x01\xa5\x18\xd4\
\xfc\x19\xd0\x168\xcb\xbc\xdf\xea\x12\xf71\xf3Y5\xd0\
\xd9\x16^i\x86\x1f\xd4\x94\xba\x04\xe1\x80 <V\x05\
\x1b\x82\x10n\xe2\xef\x8d \x8c\xceB\xff\x08\xd0\xcfv\
\xbf\xcelk\xbeK\xdc}\xcdg?\x01\xddh\xc6\x91\
1+[D\x119\x15x\x1d\xc3\xb2\xe6w\x8eg\x02\
D\xb4\x19\x18-\xa6\xcf\xb9\xd7\x01W\xd5\xa7\xfa\x9c\xdc\
\xd5\x1f\xec7|\xe9C#\xae\xea\xf1\xf5\x9e\xfbu\xcb\
4\xffk\x03\x0d57\xec\x96\xd3\xd0\xea\xad\xd7w\xd4\
^\xf1\xbbd\xe2\xbd\x11\xe0j\xbf\xeac\x99\xe4m\xf6\
K@\x1d\xcan\xa6A\x9fb\xa0\xb7\xaa.2\xc3\x14\
\x87\x153\x119\x11x\x0b8ZU?\xca\xa4\xec\x84\
\xbad\x83\x08\xa2\x99\x19&\x0b\xf6\x01\xfe\xaa\xaa\xb7\x88\
\xe1\xcd@1\x94Y\x06;\xa2\xaf\x05\xfe\xa41\xfdN\
\xd1T\xd2\xa9\x22\x122\xcc%\x0d\xb2\x07oj\xd3\xee\
\xe7\xe1\xf7|\x10X\xd5\xa9,\xb5>\x96C\x84#\x19\
N,k\xc5[G\xb9\xbf\xef\xdc\x09A\xec\xb6BD\
\x95\xca\xfb\xc6\xcd:\xf2\x9b\x8f\x0e\xb6\xc7Sh\x88\xc0\
\x80\xae\xa6q@/0_\xf4K\xaa:\xda%\xfc\x0a\
U}\xd4$\x9c:\x0cVw@S\xf8\x01\xcd\x04M\
\xb2\xb8\x08\x94\xaa\xe1\x11\xd2\xf9\xac3`\xe9\x87\x14\xab\
\xc3\xac\x83W\x84\x8cC\xc8?X\xf7\x0a\x0d\x87\xdd\xff\
\xe9\x86\xc5\x81=\x12u\xfe\x9a@\xcc\xad|\xc2\xdaQ\
](\xca\x8dM\xff\x0b65p\xdf\x0f[\x19\xd5\xa3\
\x80\x93\xbb\x16\x000b\xc6z\xa6\xae\xb2).\xb9\x88\
\xbd\x88*\xbf\x5c\xbc\xf7/E;\xb6\xeci\x0b^\xe6\
W\x8d\x1et\xc8s\x14\xe8o\xd2\xab\xec\x8b\xc8J\xe0\
g\xe0}\xe0\x1e\xe0Q\xb5\xd9\x08\xc8\x162w\xd5!\
r\x13\xc6\x97\xee\xcd\xa4\x9d\xc83\xc0o1\xec\x94\x1e\
\x9a.~Hd\x02\x10\xfd\x1a\xfey\xdaU_\xfem\
\xf4M\xf1\xa2\xe6\x1e\xbf\xeat\xa88\xb4\x84\xb1\xbb\xc5\
\x9c\xda\x84\x15\xdaN\x0e\xb2\xdd\xe6\x0b\xe9\x84\xb2\x02\xa6\
\x1fe\xd8\x9d\xcb\xc4/\xab\x85.\x1bVo\xfc\xfa\x8a\
\xfd\xec\xfeW\xb7\xf9\xd3\xf8c5\xb2\x91+\x81\x87\xb1\
\xb9`\xf5\x90\xe60\xe0B\xe0JM\xc2@sM\x97\
\x09\x11\x98_\xff$\xe0\x14\xa0\x0d\xb0\x01\x83G\x9eB\
\xd5%=V\x89\xec\x9bc\x0c\xf5\x00\xfc\xdf\xb9\x7f\xfe\
\xfa?'\x5c\xe8\xc9\x8drc\xf0\xf3\x88\xceQm_\
\x0b\xf9\x13\x82\xae.W-u\xe8\xc1\xd3\xab\x99\xbf>\
\xc3\xc5\xb9M\x0c\x12\xa0M\xcd\xf6\x9aE\x17\xee\x19]\
\xfd+L\x0a\xa8\x8eM\x99\x851\x05\x8c\x06.\x02\x8e\
\xb1=\x0ac\x98\x86zHU\xbf5\xe3\xbe\x87\xc1\xe4\
\xcah6\x14\xce\xab\x00\x00 \x00IDAT\xfd\xe5\
\xd5\xf0^k`\x1b\x86Mi\xa7/\xfbR`\x09\x86\
W\x81\x8d\x18D\xe1\xc9\xe5\xa9\xfd\xab\xaf\xcf\xc9\x0d\xf6\
xa\xb9M\xd62\xe5\x0a\xa1Q\xf8\xea\xa4R\xf6-\
\x897\xa6\xea4\xfeg\xc7\x8b\x87\x940\xaeW!\xcf\
.\xde\xce\x05s\x9a\xee\xc5\xd5>J\xdc5\xfe\xce\xcf\
.\x99\xfe\xa4%fV\xefW-\xc8,+\xa9\x05\xde\
T\xd5\xb3D$\x88aZ\xaaQ\x8b\xef\xac\x1f \x89\
HG`1\xb0\x97\x1a\xa6\xde\x12`\x97\xb4\xfc\xb4\xdf\
\xb0\xcfF\xdf296Md\xb9>\xed\xf3|l\x18\
\x1do\x81A\x816\x13\x83\xecHa\x11nd\xf7B\
\xa6\x1c^\xc2\xcc\xea:\x0es\xf3O\xde\x14\xd8\x88\xa1\
\xf3\xc65\x9b\xbe\xf9\xfd\xbe\xd1\xe3\xeat\xf6A\xe2\xb3\
\x91\x1d\x18\xfe\x0b\x9a\xb4\xf3J\xe7\x04z\x22p6\x86\
\xbf\xa1\xdf\xa8\xa6w\xfd\x99\x90\x87m\xd5\x1f\x14\xf9\x83\
\xc0}\x00\xef\xef{\xcc\x17\xe7^\xffBL\xe02\x8b\
/\xff\x8f\xfb\x14q\xf5\xdem\xe8\xd6:\xbe?\xe7\xae\
\xab\xf7\xe4\x94\xf6\xa5\xc3J8\xabG!+\xb6\x87\xe9\
\xf1j#\xcd\x01z\x85I\x10\xed\xb6n\xdc\xfc\xd3\xa5\
}-\x81\x91M~\x17\x03\xb8\xb1$\xa9M\x8b\x8a\xc8\
\xd1\x18\x96\xc4\xeck\x0f\x9f&y\xd9\x99\xae\x09\x0a\x81\
G1\x16z`\xbc\xdc\xdbU\xf5\xee4\x09sB\xe6\
\x91n}N\xfe\xaa\x1e/\xfc\xda=\xfa\xac\x11/\x7f\
@\xfb<>8\xa6#\xa5\xad\xd23\xf3v\x84\x95\xb2\
\x97W\xb3\xb1\xde\xbb\x8f\xabF\x9b=k\x0aLb8\
\xff\x83\x17\xbe\xb8\xf7\x99\x9b\xac\xed\xf4o\xfd\xaa/$\
O\x22\xad\x80\x09\xc0\x19f\xd0v\x0c~\x82\xf3H\xbd\
\x00\xc3\x0cc\x93\x8c\xf1\xf6\x00N\x00N4\xff;\xe7\
\xaf%\x18\xc4P\xe9L\x1b\x14yE\x0c!\x0d\xba\xbf\
\xb0\x5c\x0d[Vd\xf4\xf2\x07\xb5\xcf\xe3\xe3\xe3:\xd2\
./\xfdK\xdf\xd6\x10a\xea\xaaZ\xc6\xce\xda\x90\x91\
9(;v\x0a\x11\x80S\xadd\x07\xa6aT\xb7)\
B\xee\xc2\xe7\xe6\xbdMD~\x04\xf6v!\x04\x05\xce\
Q\x17[\xe2\x09D \x22]1\x8d\x8bc\x9c\xd0\xdd\
\xa9.\x06\xc0\xbd\xc0\xd2\xbb\x09\xfb|\xd5\xdd^\x5c\x19\
\xdb\xdb{$\x80E\xa7va\x8f\xe2\xc4)2\xa2p\
\xd3\xd7\x9b\xb9\xef\x87F\xb1\x1f\xd2\xe2\xaf\xfb\xb5\xe5\xa6\
\xbe1Q\xbe_\xb7\x859`z5kk\xb3\xe61\
/5\xa2\xa3\xc2\xf3\xf3\xee}\xe6\xe6\xfd\x00\x14\xba\x04\
\x5cx2\xb1$r\x1f\xf0G`?U\xfd\xda\x14\xc3\
\xfd3\xb0\x15C\xe25\xa9=\x95LL\xf3\x9f\x08<\
\x0bX/s\x0ep\xbe&\xe1\x8aY\x04\xf0\xd4\x09\x17\
~v\xfb\xb9\x7f6\x16~\x1e\xf7\xf7o\x1e\xd9\x81S\
\xba\xc6\x06\x9b)\xcbw0\xeaSw\x95\xfd\xe6F\xbf\
v\xb9|\x7fJ\xe7\xb8\xb0Fm\x173\x85I\x08>\
\x8d\xa8\xa5\xe1+0\xb6\x8b\xdb\x97l|\xe5w\xa8\xea\
\x9f\xd2g+'c\x8c\x08Qm \xa71\xba\x0f1\
\x86\xf5\xa4R5\x1e*\xef\x0bA=\xc0\x19\xb7\xbf\xb2\
x\xce\xde\x07\x19n;=\x12\xdbs\x07\xb7\xe7\xfc\xdd\
[\xb3#\xacY5r\x9b\x0d\xcc?\xa9\x94\xfdl[\
\xcc\xa7\x17o\xe7\xa2ll\x1d\x93\xc1E\xeb\x10\xb8\xc9\
\xafz_\xf2$\xd2\x0eC\xb6\xd2\xceY\xdc\x82\xf1^\
\x1frMc\x11\x81\x18\xa6\xcbCI\xe6\x92|\x8d\x89\
j!\x22m0N\x06\x13\x16\x1a\xd6\x08p\xea\x9d\xaf\
/\xfc\xa2\xf7\x01\x86YW\x8f\x04P\x94+l>;\
\x80\xaf\xa5\xe7\xe2\x0c\xb1\xed\x9c\x00\xadM\xa7\xe4\xf3\xd7\
\xd738S;\xda\x19A\xa2\xfc&\x1b!\x8c\xf1\xab\
\xc6\x99\x96\x12\x91\x7f\x00\xffN62\xa7\x82}\xa5\x15\
\x02\xeetd\xfc\x11\xb0\xc6N\x00&6cX;\x8f\
Ct\x0a8\xee\x82\xcf2%\x00\x80\xd2V\xbe(\x01\
<2\xa4]\xd4\x80\xa1\xf5\xdb~NR\xd3z-\x8a\
6\x13\x83\xbcUe\xb0\xfe\xf7\xef\x90G$K\x16\xa9\
\xdd\x11c\x9a\xd9<\xdfLX/\x12\xc7zV\xd5k\
\xed\x04 \x22\xbf\xb7\xc9>\xba\xfd\xde\x8b\xc6uL\x07\
Ga\xf0\x05F\x03N\xa7G\xb5\xc0\xcb\x18\x87\x19\xcf\
8G\x81\xd5\x22_+\x0c\x08\xfbrVw{qE\
\xc0\xacY\xe3\x9bnvl\xff\xa9k8\xb1\xac\x80\xfb\
\xf6\x8f\xb5\xf9\xe35\xb5\x1c\xf9\x9e\xbb\xbf\x83\x96\xc4w\
'w\xa6\x7f{\x83\xfd|\xc3W\xcd\xb7P\x05\xa2S\
\xc3)s\xa7}\xf5\x9f\x87.\x1e\x04Iv\x0d\xe6\xee\
\x80\x14|\x013^[\x0c5'\xc9\x0a\xc70d\xb0\
\x8eC`wW\xd4\xb4|\xed&L\xb7\x99\x07:\xe7\
\xf6j\x1dg\xc1S\x81\xc7~\xd9\xc6\x15_4\xe9\xe8\
\xa2I\xb0\x9bL\xee\xfb\xe6\x1a~\xdc\xec*p\x9c\x1d\
\x98\x84\xb0j\x5c\xb7u>\x8d\x94\x00\xd3\xfd\xaa\xa7\xc4\
GI\x9c\xbe\x93g'\x0at\xb2l\xd5_\x83!\xe9\
\x9bJ\xce\xbe\x0b\xc6\x8b\xee\xa8\x86\xc7\xb2(\xaci\xe0\
\xe9\xe3/\x98}\xdby\x7f1\x0c\x8fe\x89\x08\xdc\x8c\
s\x9f\xd3\xb3\x90\x09\xc3<{gc}m\x84\xab\xe6\
m\xa2b\xa9\xabg9\xcf\xb0\xefZ\xfa\xbc\xb1\x86\x85\
[\x8c\x17\xfe\xeb\xe9]\xe8\xd9\xc6\xf8(\x1b\x14\x0e}\
\xa7\x9a\xb9\xeb\x9aa\xf7\xe0\xb2Ptq]\xb57\xf0\
#\xf0\x9e\xaa\x1e\xe7x\xd6\x06c\x1a\x1fg\x06\xf9\xd4\
|\xe9\xc7\x01\xefx\xe1?\xcb\xa5w\xb5\xe6\xc9;\xb7\
\xd9\xe3V\x8b\x14\x85\x0d~\x82gom^\xa0\xe5e\
,\xdf\x16\xa6g#\xccV:q\xe5^mxxH\
\xbb\xe8}\xc1\x84 \xb5\x19p\x92\x8e\x0b\xb4\xe2\x1d\x87\
\xdd\xc0\xa7\x16m\xe7\xe2\xcf\xe3w\x06o\x1d\xd5\x91\x13\
\x1d\x1e&\xa6,\xafaT\x13\xfd\x0e\xc4!\xea\xc8\xad\
\xe7\x8a\xbcp}W\x85W\x03\xaag\xc5E\xb1\xb1\xea\
E\xa4\x1b\x86\x98\xfc2ux\xe1\x89\xc67G\x02\x05\
*U5\xa5IK\xf3\xc0b\xbd\xaaFO\xfbB\xc6\
\xe2\xf1\xf0Mm\xda/\xd8\xfb\xc9\x1f\x06\x00M\x22\x80\
\x1c\x81w\x87w\xa4wqn\xd6\xf9\xf6\x13\x0e-\xe1\
\x1cS~\xe0\xa5\xe5;\x18\xdd\x8c\xbc\x87\xfe\xed\xf3x\
\xe5\xb0\x12z;\x8e\xac_^^\xc3YM!\x0a\x93\
\x08z\xaf\xfce\xf9'7\x1e\xd9\x0d2;tr\xcd\
\xd2\xb6E\xcc\x03~\xc0P\xc8t\xc3+\xaa:\xd2\x19\
hM\x05co\xac\xf8\xe9\xa3\x81G\xf5\x052&\x82\
\xbb\x07\x15sK\xff\xe2\xb4\xa6G\xb3\x85\xcd\xa3\xfd\x14\
\xe7\xf9X\xb0\xb1\x81\xfe\xd3\xd64{yv\x9cTV\
\xc0#\x07\xb4c\xf7\xa2\xd8{\xab\xae\x890=X\xcb\
_\xbf\xdf\xc2O\xe9\xd6\x14IL55\xa5NM^\
\x18ZD\xd0\x98\xa9`\xee\x09\xa5\x1c\xd01\xaf\xe5y\
\xf4\x18\x8eE~\xbbGk\x16ni\xa0\xcf\x1b-K\
\x08N\x04\x0a}\xbc;\xbc#\xfd\xdb%8\x8e\x05\x0c\
i\xa7-v\x99\x07\x87KK\xe0\x18\xbf\xeaG\xf2\xe2\
\xea\xce\xe4D\xba\x03\xe8\xd8\xc0<g>\xc9\x90\x91L\
\xbdT\x86\xc2R\x19\x0a\xcb\x84\xa0\x9b\xd5Y\x03\x1ei\
\xea\xdf\x07\xb6c@\xfb\xdc\x16!\x80\x91\xdd\x0b\xb8\xa2\
O\x1b\xc6\xed\x163\xe3w\xc1\x9c\x8d\x14O\x0a\xd2\xbb\
8\x17-/\xe3\xbc^\x9e$\xb8\x9a\x05\xc1\x1d\x11\x06\
L\xad\x8ez\xa2p\xf6\xc9\xe6\xd1\x01N\xed\x96\x5c\xe6\
D-\xe1\xdb\x1c\xd9\x0fd\xae\xf1\xf3\x8e\xac\xda(\x89\
V\xc9\x03.\xeb\xdd\xa6\xd9\x09\xe0\x1f\x83\xdbq\xcd\xde\
\xf1\xc6`\xbb\xb6\xf6\xf17s?\xbf\xb5\xc10\x1b~\
[\xffb\x9e?\xa4\x84\xe7\x0f1v\x1cO.\xda\xce\
\xa5\x9f7#;\xd8\x03\x8a&\x05\xd9zv\x8c9\xf6\
\xfa\x11\x1d\xdc\xfaK\x01\xf1%\x9e\xeaf\x84F\x12\x81\
\xf4\xc6pw\xee\xf6\x8ct\x84\xe0\x13\xf8\xb99\xf7\xd3\
&\xae\x9d\xb7\x89k\xe7\xa5\xe7!\xfc\xe5\xfb-\xfc\xe5\
{C.\xb3_\xbb<>=\xae#\x97\xecilQ\
\xbf\xd9P\xcf\xbe\x99z\x1b\xcd\x02\xb65(\xab\xb6\x87\
\xe9j\x0a\xc6\x0c\xff\xc0\x959f\xed\xd2~5\xfe%\
:\x00\xf7\x82\xc6\xa9\xa1E8\xdd\x19\xd4y\xc3\x1a\xe3\
\xd3\xf1`>*\xa2\xb0W\xdbf\x18\x84\xb2\x80\x05\x9b\
\xea\xe9\xf0R\x88\xa1o\x1b\xa7\xb6\x83J\xf2\x98\x93\x05\
_;\x99\xe2\x92=[G\x09\xe0\x80\xb7\xab\xf90\x94\
|\xc1\x1c\x89\x9a\xc6\x89wh\xea\x15\x99\x11\x81b\xf8\
\xc8\x14\xec\x5c\xaa5\x00O?t\xb1\xa9y\xe4M\xdc\
\xedO\xdfy\x96\x88\xde)\x98\xbb.f\xdb\xe2\xf3\xe6\
`\xfc\xa4\xc0Q]Z\xf1\xc4P\x833\x9a?!\xc8\
\x97i\xca\x0f\xa8Zn;\x8e4\xfe\xe93\x99\x94\x97\
\x19\x11\xe47\xfc\xc6%t\x0c\xc0\x90\x85_\xa4\xd5)\
\xb0\xe3\x8eow]\x22(-\xf0E9\x96_\xac\xab\
\xe7\xea/[\x8e-\xfd\xf1\xb1\x9d\xf8\xf0\x98\x8e\xd4\x9a\
nN\x12\xc4\xe0\xcd\x9d\xc1\xc77\x1ca)\xbb\xaeH\
\xc8$/\x90\x91;\xa6\xcc\x95O,\xab\xbd\xcat-\
\xf7\x9f\x02\xb1m\xe21\xf7\xbc\xbfbA\xcf\xbe=\x9b\
C\x5c\xbc%0\xa2[\x01o\x1ca\xc8w~\xbb\xb1\
\x9eA\xd3Zn-\xf0\xf5I\xa5\x0c2e\x15\xfaO\
]\xc3\x82MI\xd6L\x8e\xeda\x03\x94vS]/\
\x13B\x9f\xa0\x1c\x0adl\xd98\xf3\x89\xd9\xc7\xa9D\
x\x03\xc1n\x90\xfa*\xe0\xe1\xf7o9\xa6{\xa0\xa2\
\x0a/\x8b\xc3]\x01C:\xe6\xf1\xda\xe1\x1d\xa2s\xef\
\xec\xea\xba\x16\xe5YL\x1aV\xc2\xe8\x9e\xc6\xd6TI\
\xad\x03\x01D\x09`\xea\x9d#>\x05\x0e\x05\xc2\xdd\xac\
s\x1c\x93\x00\x88\xe8\x91\x99\xd6\xa3Q\xcc\xa2\xe8h \
\x12\xd41]\xbaAl4x\xf5\x903f\xfd\xee\xf7\
\x8f\x1efTl\xd7#\x84w\x87w\xe4X\x7f\x8c\xbf\
\xff\xc9\x9a:\x8ex/\xcbz\x05\x0e\xac\x19\xe9\xa7\xb4\
\xc0}\xe6}?T\xcb\xb1\xee+\xffx\xb8\x1d\x1eA\
.\xaa*\x13B\xebP\xda\x03\xaac\xfd\x19\x7f\xd8\x8d\
WH\xb5\x08!GN\xd3\xb3\xbbL\x85\x18!\xf4z\
fI}M\xab\x02\xa3\xa7w\x01B\xe8Z\xe8c\xe5\
\x99~~~\xf4)r\x22\x06\x93mY\xc5$\xeaV\
WG}\xa8Xh\xb7m#w\x8d\xbb\x8b)\x87\x8d\
\x8a\x86]\xbbw\x11\x0f\x0eN\xab>\xe8\x09\xab\xb6\x87\
\xb9v\xfe&^Z\x96\x91\x0b\xe9\x84i@\xe0\xd6.\
\xaa\xf7\xca\xc4\xd5c\x89\xe8\x8b\x90\xf94`\xa1\xf1\xfb\
4\x91\xd3Q}\x8d\xb0\xbe.O\xce+\xd0K\x06\xd7\
+\x1c!\xf0\xf1\xd2\x0bv\xcf\x0bD\x87\xd5\x9d;5\
X\xac\xe9\x113\xd6\xf1\xd8\x151c\x9f}R\xa4\xf1\
\xb5.\xa4nL\x80<\x9f\xd1\xf1\xef\x05k=M\x13\
\x059BQ\xaed_*\xd9$\x80\xaaq]\xb7`\
\xe8\x80.\xed\xa2z\xaf<\xb2\xa8\x15\x1d\x8b^4\xe2\
pt\xa3\xb3o\xca\xd9\x81T\x06\x9f\x00\xb9\x08bT\
\x18\x12\xf9\x1d\xf0\x08\xd8\x05L\xa2\x7fZ\x14\x13\x87\x95\
pj\xb7\x82\xa8\xc0\xaaW\xa7C5\xcb\xd7\xd2\xabk\
\x07J\xa7d\xa6\xb4\xd2,0\x09`\xe5\xb9\xddV\xe7\
D\x22\xa5\xc0\x0e\xbfi\xda66-\xf3\x0f\x1d\xe3\xff\
cc\x8bh\x92\xcd\x22\x1d\x1b\xb8\x14e\xba\xbdB~\
\xd5\xc7|p>\x18C\x97\xa8bygiI\x8c\xee\
Y\xc8Y=\x0a\x1b%\xb1\xfc\x9b\xc7?$oBp\
\x97!\x80`y\xd9\x0e\x93\x006\xfaU\x8b\x04$\xe6\
\xc9Z'6\x85\x00 \x0b\xc6,\x8dm\xa2>\x09\xe6\
\x01\xd3K\xa1\xd2\xce\xaa\xe3\x1bL\x132U\xe3\xbaF\
\x0e[\xf0\xa9\xe1{\xac\x05\x09a\xd2\xb0\x12\xfe\xfdK\
\xe3\xdc%lo\xd5D\xe7sM\x85\xcde\x92\xb9\x06\
h\x05L\xf5\xabv\x94\x89U\xdd1<\xfc\x80\xf2\x80\
\x8e\x0d\xa4\x94\x01\xf1\x82\xacX/\xd3\xb1\x81\xcb\xa3[\
\x93zBR\x11\xfck7\xd5U\xd69\xf7\xe4{\xce\
\xee\xbd\xe2\xbc\x1e\xc6\xa4\xda\xdc>\xa10\x8e\x89\x01\xae\
l$\x93g[AFN\xc3\xb2\x0b\xb3oF\xce|\
e\x9em\x118\xc8\xafz\x9aT\x86\x1e#\xe2\xfb\x15\
\x00_d\x88\x96\xfbo\xc8J\x91YWM\x8f\x0eS\
\xb1uBP\xa4R\x0c)f\x06?\xfc\xe5\x86\xaa\x8e\
e\x86\xacV\x13\xca\x9ex\xcf(\x0e\xf9\xc1\x83W\xc4\
\x16@Z\xe7\x84^\xe0\xaeh\xa2~\xd5\x5cp\xef\xd7\
l!\xfb\xce\x0e\x8c\x0a\xbe\x05\xe6\xf40!xM@\
u\xac5*\xcc\xbbjHI\x9c\xcf@\x11\xbc\x9e7\
\xd8\xd1\xba\xd6\x93\x97\xeb]\x1f\xb6\x91\xf1\xfb\xcb\xfa\x7f\
\xeb\xf8\xfas\xa52t\x87m\xfe\x7f5\xdb\x04\x00\xcd\
0\x12\xc4en\xa3^\xa8\xeb\xa4c{l\xb0\x8b\xa7\
\x03\xb5\x81\x8a\xaa\x984G\x06uy\xff\xa6\xa3\xe9\xb3\
\xd2\x93\x9b\xd3fG\xa3F\x02\x9b\x98\xd8;\xb7\x9d0\
g\xe0\xd2o\x0f\x04Px8\xa0z\xadL\x08vB\
%*d\xd9\x1c/?Z\x95\xe6$\x02\x00yqu\
/r\x0c{|\x00\xe4\xad/\xd4Q}\xeb\xaaE\xfc\
a\x88\xf6^\xafg\x17\x87k\xf2\x0bc\xf2Ui\xea\
5\xfb\xda\x83\xe8V\x9dxv\xb23\x90\x11\x11\xd8\x86\
\xfd\xe5\xe7\xed\xb6\x22/\x5cg\xed[\x1f\xf7\xab\xfe^\
\x9e\xfb\xb5\x80\xfc\x82\xd8\x8a6R\xdbM\xc7\xf5lV\
\xa5\xcc\x16\xf3w \x95\xc1\xc1qbO\xa2\xfdtL\
\xe0'\x80\x90a\x22^\x00\xbe\xec=x\xee\x88;\xdf\
<(\x96\xd2\xfd0\xea\xeb\xcb\x07\xd0aK\x16E\xb9\
\x9b\x00\xaf\x0e\x8b\x01\x06\xfc\xfa\xfd\xf2wo=.j\
XSah@\xf5K\xa9\x5c\xb5/\xe4\xc4\xe4\x02\x85\
\x81:\xc6\xbf\x80\x16\xc0Nq\x83g\xf9\xf14\x02\x0c\
/\xd3\x00\xabE\xaeT\x88\xdaB\x98r\xe8\xc8YW\
\xfe\xee\x91\xc3\xe220\xeb\xfb\xcb\x05{PP\x97!\
\xeb\xb5\x99\x90@\x04\x0e\xabe\xbdV/\xad\x9e\xfd\x87\
C\xed\x8a\x0b?\xf9U\xfb\x01\xc8\x84\xd0\x1c\x94\x03\xa2\
O\xb6j\xb1^\x12h\xd1\x05\xcfN\xf5|\x22\x95\xc1\
wA\x86\xc7\x02\xb8Y\xc7\xf8\xff\x0e\x10\x12\xb9\x01\xf8\
\xab\xf5(\xec\xf3m\xd8\xe7\xc9\x1f\xdbn),\x8e\x17\
\xc9\xf5X\xffV\xf5\xb5,\xfc\xad7\xc7Y\x19\xcf\xf1\
.[\xde\xa9\xffw\xca\xa7\x83\x17\xcf\x8f\xcaX\x08,\
\xee\xa2\xda\x07@*W_\x05\x86\x11o\x13\x1f\xe9X\
\xff1\x09\x99\xb4\x10v\x19\xf77R\x19ZK\x9c\x12\
\xac~\xa0c\x03\xc7AT\xcb\xe9W\x1cJ\xb2\xf7\x8d\
\xba\xfe\xeb\x07O\xbfv\x7f\x5c\x11?\x8d\x14o\xdf\xc2\
\x82K\xbc\xb9\x92M\xe7\xa1\xd8\x89n\xd5+\xaag_\
wXm^\xb8\xce\xa9\x9e|\xb6_u\x0a\x80LX\
\xfd\x01j;\xe6\x156\xea\x18\x7f2{\xc9-\x8a]\
\x86\x08\xec\x90\x8a\xe0tD\x8es\x04\xffS\xc7\xfa\xaf\
\xb3nB\x22\xff\x02.wK\xff\xd9>\x07\x7f~\xdd\
E\xf7\xef\xbd\xd4\xdf+J4\x1d7\xaf\xe5\xab\xcb\x07\
z*\xbf\x87\xcbaQn\xb8A\xff\xaf\xe2\xcfs/\
x\xef\x99=r\x22a7\xcbb?\x00G\xfbU\xab\
\x01\xa42\xf4\x08\xf0\xbb\xf8\x86\xe9\xeb:&p\xa6\xa7\
J\xb4 vI\x22\xb0C\x9e\x9c\x97Gq\xd7\xefQ\
\x17\xcd(\xe5\x01\xca\xfd7F\xbfy\x11\xdfj\xb8Q\
\xe1:\x12U\xeb\xc1;_$\xd5\xa1\xc1\x0b\x0dp[\
7\xd5U\x80\xe1\x0f\xa1O\xf0\x01T\xaeJ\xac<?\
\x90\xeb\xdfWG%\xfa8\xd8\x95\xb0\xcb\x13\x81\x1bd\
\xc2\xca\x81h\xee4 \xb9u\x08a>\xca$|\x91\
IzN\xd9\x8a\x95\x22\xbd\x15<Y\xf1\xe8nS\xb8\
\x95\xca`OD\xceF\x19\x0d\xec\x97\xa2\xbc\xe5D8\
Y\xcb\xfd?xo\xc9\xae\x81\xffJ\x22H\x05\x99\xb4\
\xfa\x14\x22z\x1dJ\x9cw\xf1\xbdV\xfe\xc8{7\x1e\
\xedi$p\xf5X\x0e 2\x03\xd5\x07t\xac\xff\xad\
,Tu\x97\xc1\xff\x1c\x11\xfc\xff\xc8\x1c;\xdd/\xa2\
i?g\x85\xed\xdeg\x86\xbd\xe6\x12\xf7>\x17\xc7\xe9\
\xa9~W\x98\xf1f$\x8b\xe3R\xc6=.\xf1\x9ew\
\xc4Y\xe2\x12\xa7^D\x5c\xcf\xf5E\xe4+3\xce\x11\
.\xcf.u\xabGKb\xa7\x13A\x0a\xf4\x16\x91e\
\xa9\x22h\xbc\xb3\xcb\xa9\xce0U\xfdW\xb2\xf8\xb6t\
\x00\x88\xc8H\xf3eT\xb9\xc4\xf9-.p\xc4\xcb\x03\
.w\xbeP\x119\x09\xc3\x9f\xd1\xd1\xc0\x8c\xcc\xbb\xa1\
\xf9\xb1\xcb\x12\x81\x1a\x1c\xb5eb\x0a\xaf\xb6\x00\xa6`\
\xb8\x9f\xf9\x97\xf3\x81\xd3\xbc\x7f\x0a\xec\x8ea\x0c\xdc\x8e\
i\xc0(\xd3OQ\xd0t\x11\xb4Ka\x97%\x02\x00\
U=\x1cx\xc0\xf6u57\x9f8\x8eK\xe4\x18\xee\
\x13\xd4\xbdE\xe4\x17\xf3\xa7\x222\xcd\x1c\x11\xca\xec\xcf\
\x81\xd5j2\x8c\xccg\xfb\x88\xc89\xcd\xdc\x8e\x8c\xb0\
K\x13\x01\x80\xaa\xde\x00\x1ce\x12\xc2\xa2t\xf1\x9b\x80\
\x99\xc05\x8e\xb2\xad\xe9`\xb3[\x02U\xed\xa3\x06+\
8\x1f8ID*\xacg\x22r.\x86G3\xbf#\
\xd9?1,\x93\xef2\xd85U\x83\x1dP\xd5\x19\xa6\
\xb9\xf6&\x8d\x04n\x0b0k]\xa0\xaa\x87\x89\xc80\
[\x9c_0<\xb6\x1d\x84\xf1\xb1$Q\xc5\x07\xd3\x5c\
\x9c\x98#\xc2\x10U\xdd\x0bx\x01\xdb\xd9\x87-\xee\xb5\
\x22r\x8d\x88\xacT\xd5\xe8ib\xaa\xba57\xfe\x9f\
\xd9\x22\x8aH\x008\x008\x10h\xab\xaaW9\x9eW\
a\xf83\xb6~\xbf`\x8c<\x0bUu\xd78\xael\
&\xfcW\x8c\x04\x8d\x81\xe5\xe8\xc1\x11\xfc+\xf0\xb9\xf9\
\xb3\xc7\xcd\xc3\xd8\x01\xf46\x7f\xb7b8\xa8\xb4\x9e\x03\
T\xa8\xea8\xfe\x07\xf1?1\x12\x98C\xe9LU=\
\xcc%\xfcdU\xcd\x88\xc3g\xa6SUM\xb9f\xb2\
\x0d\xe1K\x80\x9bT\xf5\xa5L\xca\xd9U\xb0\xcb/\x0c\
\xb3\x80\xc6\xaag\xcdI\xf5\xd0\xdc\xff\x03\xe4a\xb8\x04\
z\xc6\xb6\x93\xf8\xb8\x91e\xee\x14\xfcW\x10\x81\x88t\
4;wJ#\x92\x1f\xe5\x92\x9f\x97v\xcfH\xf3\xfc\
U\x0c\x1f\xd0\x0d\xaa\xfa\xa0\xaa\x16\x9b\x0b\xb9\xd6\xc0\xdf\
3\xaf\xe6\xce\xc3\x7f\x05\x11\xa8\xea:\x0c\x8b(#E\
\xe4\xecd\xd1\x5c\xc2\xc2\xc0\xfe.\xac\xe2\x04\x9bK.\
\xf8(\xcd\xf3| \xc1\xb1\xa5\xaa\xeeP\xd5i\xcep\
\x11\x19!\x22#<\x94\xdb\xf2\xd0fr\xc7\xde\x1c?\
\x8c\xfd\xb5\x02\x9d\x1d\xe1\x0a|\xe2\x12\x7f\x06\x19\xba\x9c\
\xc7\x90CP\xa0U\x8a8O\x9bq\x16a\xb8\x92\xf1\
\x92\xaf\xda~\xbf\xdd\xd9}i\xff\xfdW\x8c\x04\x16T\
u\x0c\xc6\x22\xcci\xf48\x99\xf9\xf2t_\xb3\x1b\x8e\
4\xcbJe_\xf7\x02\xe0K\xe01\xe0I\xdb(\x93\
`\xf6\x17@D\xd6\x9by\x0a\xd0\x0dx\xd4\x8c\x9f\xcc\
\x84p\x8b\xe2\xbf\x8a\x08\x00Tu\x0f\xa0^D\xec&\
\xbd\x92y\x9bh4\x11$\x83\x88\xf45/\x8f1\xd7\
\x02m\xcd\x97[\xa8\xaa/\xbb\xc4\xff\x1d\xc6\xe8\xd2\x0b\
@UW\xa9jk\xe0\xf7\xc0B1|M\xee\x5c\xec\
\xc4\xa1\xfd\x13\xe2\x87\xc8\x0d@i\x06\xe9\x15X`^\
/\x06>v\x89\x93c\xc6\xebd\xde\x17\x02\x87\x03\xd7\
\x03S\x92\xe4\xfb\x0d)\xa6\x10\x8cQ(\xe9\xf3$\xe5\
\xbf\x91\xa2\x0dw\xfe?7\x1d\x88HwsqV\x84\
1\xef\x0a\x86\x98X=\xb0FD\x9e\xf6\x98Uk\xa0\
\xaf\x88\xfc\x09\xc3\xdbW\x024f\xdf\xbf\xda,s;\
0\x1d8\x09\x83p\x92\xe5\x9b\xea\xd4\xb03p\x93\xc7\
:Z\xfa\x03\x87\x8aH\x9cEL\xdb\xd4\xf1\x98\xc7\xbc\
\x9a\x0f;a\x04P\x0c\x1fJn\xcf\xae7\x9f?\xe4\
1\xaf\xfef\xfcU\xc0\x8c\x16\xa8\xfb\xc1\x18\xe7\x17\xd6\
\xe8\xf5\x11ph\x92\xb8\x7f5\xe3\xb4\x07.\xb1\xa5y\
\x03\xc3\xf9\xa8\x02\x93\x5c\xd2\xcd \xc3\xc5l\x93\xdb\xd5\
\xc2\x04\xb0_\xba\x06\x02\x13\xcd\x0e*\xf6\x98\xe7\xa5f\
\xfc\xab\x92\xc6\xf9Hs\x9b\xa1-m\x81\x7f`\x8c\x1a\
\x0a\xbce{\xd6\xc6\x0c{\xd4\x16\xf6\x1f3\xec\xff\x80\
\x07\x80\x12\x97<'\x9bq\x0e\xfa_&\x82\xe3\xbcP\
\xb9\xd9\x11KZ\xb2nYng\x04hp\x84=\x9b\
\xaa\xed&A)0\xa2\xa5\xeb\xdb\xa2k\x02U}\x17\
@DnN\x13\xf5c\xcc\xd5t:\xc4\x5cG\xeeR\
x\x06cma\x87\xbbG\x0b@D\xfe\x80!\xcbp\
\x99\xaa\xbe\x99$N\xa2^C\xb6\xb0\x13\xbe\x92e\xa4\
\x9f\x12\xdeH\x17\xe7\xbf\xed\x879\xcd\xb9\x84\x9f\x831\
\x02\xfc9I\xba\xce\xc4\xd6\x13\x9d\x9b\xa3nY?J\
\x16\xc3\xc1\xe6\x87\xe6m\x04\xe8\xa9\xaa\x96\x17vT\xb5\
\xa7\x8d}\x9b\xcc\x81\xe3\x08\x8c\xaf)\xfb\x10\xc9\x09\x1a\
f\x0c\xdb\xf8\xa0\x1d\x80\x1a\x9e\xec\xb6\xb6\x82\x85\x1dT\
]\xa5\x88\xb2\x80\x84\x91@D\x8e\xc4\xe0\x82>\xa7\xaa\
\xb7\xbb<\xbf\x0e\xb8\x1fx\x18c\xcd\xd3<~z\xb2\
L\xed\xb31(\xf6T\x8c\x85\xd3/\xe6}\x7fG<\
k\xff\xac\x18n\xdd\xad\xf0\x81f\xd8\xd6&\xd5\x05r\
\xab\xe0\xb2 |\x12\x84p\x13\x7fK\xaa\xe0\x9e*\x83\
\x98\x9b\xda?'\xda\xae\x07\x98m\x9d\x9e$\xee\x22\xf3\
y\x1f\xa0\x0e\xf8ks\x8dRY\x93'\x10\x91U\x18\
+\xde\xd6\x8e\xf0\x1d@\xae\x1a\x22\xd9\xce4\xf7\x01N\
Y\xfd?\xaa\xea\x03\x99\x96\xbfZ\xe4*\x85{1\xcc\
\xbd57\xa6\xd4\xc3\xb5\xddU\x1be\x0d[D\xba\x03\
\xcb\x81y\xaa:\xc4\xf1\xac5\xb0\x0d\x83\x00\xf20\x5c\
\xdb\xb8:'\xcf\x16\xb2B\x04\x22\xb2\x1d\xa8W\xd5v\
.\xcfV\x98\xe5tKL\xd94\x84D\x1e\xc0!\x1c\
j\xc7\x8aN]\xbfy\xe6\xf8\x8b#\xe3\x8f\x1e;p\
kAQ\xd2\x85\x99\x1b\x04\xf8\xf2\x00\xd9\xd6s\xc3\xaa\
\xda\x863N\xcd\xd3\xaa\xaad\xc6\x0dg\xd6\xc1\xe9=\
T3r\xb2(\x22\x17\xa8\xc6;\xa7\x10\x91Q\x18\xdb\
\xc4\xafUu?3l\x16\xd0WUK\x1cq\xd7b\
\xb0\xaa\x9blt1[D\xf0O\xe0jl\x957\xc3\
-\x97\xad\xff\xc6p\xeb\xfe]S\xcb\x0a\x8a\xec#\x86\
xXB\xe3g\xf4?l\xf6o\xaf{\xfe\xc0\x9a\xfc\
\x82\xfc\xa6\x94q\xef\xbe\xc5\xdc\xd8\xb7(.\xec\xee\x05\
[\xb9\xed\x9b-\x5c\xf9\xc6#\xdf\xdc4\xf9o=|\
\x1aI$x\xf8C\x17\xd5\x87\x1aS\xa6\x88|\x86!\
\xd4\xfa[U}\xce\x16\xae\xc0\x10U\x9dg\xdew\xc6\
`]7`\xf8Dn\xf2\x0b\xcc\xe6t\xb0\x0f\x86\x8e\
\xbe5\x8c\x0d\x05fa\xec\x8f\xc7\x928L\x7f\xa0\xaa\
\xc7\x00\xc8\x845\x03uL\xe7oS\xe5\xbfF\xe4\xf4\
\x88\xe1\xb5=\x0eO\x9ex\xe9\xdc;\xc6\xddq\x90[\
\x9a\x18\x14\xd4\x9b\xa1\xed\x05\xa7t\xa6o\xbb\xc4\xf5\xf2\
\x92\xada\xf6p\xf8O<t\xc1\xacE\x93\xee=\xa7\
8'\x12.u\x94V\x11P=\xcf\xba\x97\xa9\xc1\xd6\
zJr\x134\xe6\x96\xf9\x1e\xa0\x9d\xda\x16\xa6\xa6\xec\
\xc4Dk*0\xd5\xdc\xee\x03>R\xd5F\x1b\xb4N\
(?[D\x10\xcdP\xa4\x8e\xd8J\xb8\x87\xaa\xaep\
<\xf7c\xd8>~\x5cU\xd3\x9a\x1c\x0d\x19\xfa{\x1f\
\xda\xc36\xb5i\xf7\xcb\xc0\xc7\xbe\xe9]\x97\x9b\x9fh\
\xd6-\xcak\xca\x0c=\xdb\xe4\xb2\xe4\xb4\xce\xf8R\xcc\
\xbcRQ\x95\xd4b\xc9\xbf\xffu\xf9\xec\xd3?{=\
\x8e\x18\x15\x9e\x0a\xa8^\x1aM?\x83\x5c=\x12\xcfn\
\xe0L\xed\xab\xf1\xaaz\xbe\x88,\x02\xf6\x00NQ\x17\
\xa1\x95\xa6\xa0qN/D\x1e\x01\xfa\xa8\xea\xf1I\x9e\
\x7f\x80!\xdb7YU\x93I\x02\xa5\xc4Z\x91\xe2\x06\
\xc3\xc9Vth\xff\xa6\xd7\xa0/N\xf8\xcb\xf4\xa1\x89\
\xb1\xb5IF\xd4\xff3\xb4=\x17\xed\x19\xcf\xdbyj\
\xd1vn\xfbf3\xa1\x91~\xab\x04|v\x0b&\x0e\
\xe3T\x16F\x7f:\xe5\x9b\x87\x1e\xbfj\x80#8f\
\xb6\xe6%r\xbc\x18\xad\x10\x91\x1c\x0c\xae\xa3\x98\xc4\xe0\
\x03\x0a4\xb5\x9cC\xa3\x90\xb9\x0f$\x912\x8c\x03\x9b\
Nj\x88}%\x8b7\x02\x83\xe9\xb3UU\x8b\x93\xc5\
\x03\x90\x97^\xca\xd1Q\xa3\xa2\x1d\x13\x12\x99\x0cD\x05\
4\x96\x97\xf6\xf8f\xe8?\xe78\x0cD4\xed\xc5[\
\xb0\xbb\xbd\x07X\xb6-\xccn6O\xed5c\x02\xb4\
\xf2\x093\xab\xeb8\xec\xdd\x14\x1eR\x1c#\xc4Eo\
?=\xff\xcf/\xde\xbe\xaf-h\xab\x1f:\x90\xc4s\
ybv\xf2\x1a\xc6\x94\xea\xc782\xef\xef%]c\
\xd0\x18\x22P\xe0\x1eU\xbd\xd5C\xdcBb\xc7\xa9\xdd\
\xd44\xf1\x92\x0c\xcbEJ\xf2\x0d\xad\x1f\x00\x22\x22\x9b\
{\xbc\xb0\xbc]\xd8\x97c\xeb\xe1\xec\xbc\xfc<\x9f\xb0\
\xedl\x7f\xd4\xb1\x05\xc0\xab+j8\xf3\x93x\xdb\x88\
\x91\xf22\x04\xf8\xdd\xdcM\xfc{a\x1a\xab\xe9.\xa3\
\xc3\xbb\xb7\x1e?g\xc0\xaf\xdf\x1dh\xdd+\x5c\x1eP\
\xc3*|\xca\xacb\xe2\xec\x97\xa9\xea\x13\x1e\xe2\x17c\
H<\x9d\xa2\xaa\xc7\xa6\x8boGf\xbe\x92\x8dy\x09\
<\xaa\x83\xa9!t)\x18\x0b\x99\x94\x04\x10\x14\xb9\xcd\
N\x00W]\xf6\xd0\xf7]\xc7\xafj\x1f#\x005\xcc\
\xd5e\x81\x00\x02\x85\xbe8\xcf&\x00\xe3\x97\xeeH \
\x00\x88\xbd\xd2\xb4\x04`V\xd1\xa8c\xac\x92\xc7\xdd\xfd\
\xceA\xbb?\xbb\xb8A\x8d\xd5<\x02\xff\x0e\x89,\xf7\
P\xcdV@\x077\x02\x10\x11\xbf\x88\xdc&\x22Km\
\xdc\xd7\xf5\x18\x8a3\xc7\x88Hr\xb3:.\xf0L\x04\
\x222\x0eca\xf2w\xe0Of\xe1\xff\xe7%m\xba\
\x95lHd\x91\xc0]`|\xfd\x81\x8a*\xdfK\x87\
\x8d2M\x8de\xef\xe5\x03\x1c\xd1\xb9\x15Ug\xc6\xeb\
\x88N]U\xc3\xb9\xb3\x13\xb7\xf9W\xece\xecB\xb7\
54\xa2p\x1b!\xec\xc8/\xcc/\xab\xa8\xca\xffr\
\xcf\xfd-\xcd\xa7\xae!\x91p\xd0`\x0c%I\xaeu\
\xaa\xbaADz\x8b\xc8\xdfDd\xad\xed\x85\x07\x81\xd1\
\x18\xcc\xb1\x5c\xf3C+\xc1\x10Y\xbbUU\xbf\xca\xa4\
\xaa\x9e\x88@Dr\x81\x17\x81\x83U\xf5F\xb3\xd0\xbb\
\x80\xbb\xcc\x8a\xdd\x9bI\xa1v\x04Ej1O\x0c?\
\xdb\xe7\xa0/\xbb\x8e_\xd5>\xfa\xd0b,g\x09\xa7\
u+`\xc6\xb1\xf1\xa6\x03?YS\xc7\x88\x19\xee\xe6\
q/\xefm\x10A\xa3\xbd\xb9:F\x85\x11wM=\
\xf8\xa0\x07gG\x17\x1c\x02[\x82\x22I\xec0F\xd1\
\x0f\xc3T_\x05\xd0\xcb\xc69\xbcFU\x9fP\xd5\xb0\
\xa9g\xb9\x05\xb8]U\xef\xc9\xb4\x9a\x9e\xd6\x04\x222\
\x13\xd8\xe16\xd7\x88\xc8\xdf\x00\xcb\xf9\xc2\x9d\xaaz\x97\
\x97\x82\xe7\x89\xe4u\xb5M+'\xfcy\xfa\x8aov\
\x1f\xd43\x1a!\xcb[\xd7@\xa1/a\x04H\xe7\x0e\
\xcf\xf2\x92\x9a\x15_\x89\x8e\x85c\xb0\xbc\xac\x1e\xe3\x0c\
\x05`\x8c_u\xb2\xf7\xacd?`\xbe\xb9s\x18\x00\
|\x0b\xdc\xac\xaa\x8d\xfa\x18=\x8d\x04\xaa:,\xd9b\
\xc362\xfc\x0d\xb8\xd3\x1c\x19\xeeL\x95\xdfZ\x91b\
;\x01\xec\xfe\xcc\xe2\xfa\xe6$\x80\x87\x86\xb4K \x80\
O\xd3\x10\xc0\xa5\xe6(0uU\x96\x14\x92\x1dSZ\
\xa0\xa2*\xaf\xc1\x97c\x8d\x0a\x13\x82\x86L\x81\xc7\xac\
\xf4+\xe0=\x11\xd9\x8aA\x0075\x96\x00\xa0y\x98\
Ewb\xach\x9d\xc6\x19\x00X)R\x98k\x13\x11\
/\x1b\xbf\xca\xa7\x12[\xfbeu\xfc\x07>:\xa6#\
Gv\x89gV\xbe\xb9\xaa\x86S\x93L\x01\x16\xb6\x9e\
\x1d\xa0M\xae4\x8f\xc7T\xdb\xa8\xb0\xe8\xc2>?\xb7\
\xa9\xd9\xda\x1b@\xe1\xfa\x80\xea\x83\xde\xb2\x88n\xc1o\
m\xcc\x14`G\xf6=\x9f\xa8\xde\x09\x1ap}(\xe2\
\xb3\x13@\xa0\xa2\xcaF\x00Y^\x00\x00\xdf\x9f\xd29\
\x81\x00\xee\xfe~KZ\x02x\xee\xe0\x12\xda\xe4\x0a\xdf\
m\xf4\xcc\xdc\xcb\x0c\xb6\x0fo\xcf\xa7\x7f\xd9kc\x9b\
\xf6?\x00\x08\xdc\x172\x0e\x91RBD.\xc1\x03\x01\
\x88H\x89\x88\xbc\x97N\xf72\xe5H`\xdb\xab>\x8e\
!\xd4\xd0$\x1f\xf2!\x9b\x11\xaa\xa8\xcfD\xc8\xea\xf0\
\xdf\xbdu\x0e\xff:\xa0\x1d\xa7v+Hx\xb6\xef[\
\xd5|\xb3!}\x13\xac\xb5@\xe9\x94P\xf6\x1d]\xda\
a\xe3+,\xbc\xb0\xcf\x8fE5[\xf72C\x06u\
Q\xfd\xde5\x89\xc8m\xc0\x9f\x81\xebU\xf5~\x97\xe7\
>\xe0)\xe2-\xae}\xa3\xaa\xfb:\xe3ZHI!\
\xe6\x5c\x7f>\x06\x13\xa2\xce\x9c\xef\xdf3\xf9\xffi!\
w\xdd\x15\xcd?$\x12=\x18\xe9\xfe\x82m\x9b\xdc\x84\
\xf7?n\xb7\xd6\xcc8\xa6\x13\xc13\xbb\xa0\xe5eh\
y\x19\xcb\xcf\xe8\x92@\x00U;\xc2HE\x95'\x02\
\xd8\xab\xadqx\xb4\xa5>\xd2\xbc\x04\x00qm\xef\xfd\
\xf4/\xfbD\xc4\xb7\xd6\x0c\xfe\xe6\x07\x91|\x00yi\
\xa5SC\xe9n\xe0\x16'\x01\x88\xc8\xd5\xe6G\x1b\xc6\
 \x80\x9b\xcc\xf7\x97\x0f\x0c\x12In\xa6=\xa35\x81\
9\x0f=\x03X\x8a\x14\xf3\x80\xf3U5\xa5\x87\x8e\xa0\
\xc8\xdb\x02\xc7\x02\x0c\xfa\xd7\xd7\x9b\xd7\x94t6\xb6\x81\
\x8d\x1c\x01&\x0e+\xe1\xec\x9e\xde\xb4\xb7^Z\xb6\x83\
\xd13\xbd\x1f\xf5\xdf1\xa0\x98;\x07\x16\xf3\xf0O\xdb\
\xb8z^\xe3\x5c\xeae\x8cxOha\xcc\xe1\xc1r\
\x1e&\x13\x82{[^b\xe2\x93\xc9\x99@%\xf1'\
\xb4G\xa9\xea\x0cG\xbc\x0d\xc0\xe7\xaaz\x82[\xf1\x19\
\xad\x09T\xf5MU-5)\xac\x03\x86\xa2\xc4\xf7\xe6\
\x08\xe1j\xf01(r\xb8E\x00\xf7\x9cs\xcb\xbc\xa6\
\x10\xc0\x94\xc3:\xa0\xe5e\x9e\x08\xa0>\xa2\xf4xu\
uF\x04\x00\xd0\xbb\xad\xb1k\xfbnc\x93f\xbe\xcc\
`\xeb\x8b\xae\xe3W\xdaG\xcf\x9f\x00\x9c\x04 3\xc8\
5\xbf\xfa\x971\x14`,\xdb\x08\xd7\xe0\xae\x7fy\x01\
\xe0z\xd8\x07\x1e\x88@\x0c3\xb3G\x8baR\xf6;\
\x07\x9b\xf2:\x0cv\xe8{\xaa\xfa\xackz\xb3R\x9b\
\xda\xb4\xff\xe1\x91\x11W\x98n^2#\x80W\x0e7\
^\xfe\xc8\x1e\x89\xf3\xbc\x13\xdfml`\xe4'\xeb\xc9\
\x9f\x10d\xc5\xf6\xcc\xed`\x06\x0a\x0c\x22\x18\xb7{\x0b\
;\xc84\x09!\x22>9\xe9O\xd3\x96\x9a\xa1\xbd\xd7\
\x18_{|T\xe38\xba\xab\x1a&\xf6NTUk\
\xb1\xfd\x1c\x80\x88\x9c\xefH\x92\xd2\xc7B\xc2t \x22\
g\x00\xaf8\xe2\xd5\x00o\x03\xef\x00\xef\xa8\xeaR<\
 d\x88@\x95\x80}!\xe8\x9d\x05\xdc\xab\xc88\xe3\
O\x86\xe5\xdb\xc2\x5c?\x7f\x13\x93\x97g\xcf\xb8\xd8\xeb\
Gt\x88\xae)\xae\xffj3\xf7\xff\x90L\xe1\xb9\x99\
`N\x0d_\x5cu\xc0\xdcn\xebV\x0d\x81\xd8\xb4\x90\
:\x99\xe4b\xe8s.\xc5\xe0\xc0\xce\xc5xg\x7f\xc0\
\xd0\xfb\x8c\x93X\x8aK\xebB\x04\xf3\x89\xd9\xf5\x7f\x13\
c\x81\x91\xb1)\xd6\xd5\x22g\xab1_\xd1\xf7\x89\x1f\
\xb6l(jo\x88cy\x9c\x06\x8e/k\xc5\xdbG\
\xb9{\x87\x99\xb7\xbe\x9eC\xdeYK]$\xbb[J\
\x0b\xeb\xce\xf2\xd3\xa1Ul\x90|r\xd1v.\xfd|\
c\xb3\x94\x95\x88\x98:\x8d\xcdSj\xb5?\x09\xdf%\
\x9a\xca\x18\x9d7\xa9j{\x11)\xc2\xb0\xbb8\x08\xe3\
\xc3=]S\x98\xe1K\x98\x0eTu\x7fs~\xe9\x84\
1\x02,0\xa7\x80\xed\xe6\xfe\xd4\x13,\x02XT\xb6\
\xe7\x17\x99\x12\xc0A\x9d\xf2\x5c\x09\xe0\x9d`-9\x95\
U\x0c\x99^\xddl\x04\x00\xd0qJ\x88\xb1\xb36`\
\x15q\xc9\x9e\xad\xd1\xf22N,k\x09A\xe6X\xbb\
\xf6\xfb\xd7|K^\xa34(2\xc4=>\x88H\x04\
\x08\xabj{\x00U\xdd\xaa\xaa\xfb\x9a\xd3\xc5\x09\xa9\x08\
\x00\xbc\x9f\x1d\xb4\x02\x1e\x01.\xb6\xd5\xf4fU\xfd\x9b\
[\xfc\xa0\xc84\x81\x13\xa0q\xfc\x00k\x9f\x0e\xb0=\
\xac\x1c0}-?lj\xc1\x85\x9a\x0d3\x8f\xeb\xc4\
\xa1\xa51\xb9\xd59k\xeb8\xf8\x9d\x14\xc2%\xd9\x82\
9-\xfcr\xf1^\x0b\x8a\xb7o\xd9\x07\xdc\xa7\x05\x11\
y\x178\xd6\x8bH\xba9B\xfcIU\xe3X\xd4^\
\xcf\x0ejU\xf5\x12\x8d\xd9\xfa\xfd\x13p\xaf\x88|\xe9\
Z\x98I\x00\x97]\xf9\xef\xefm\x99x)\x8a\x0f\x8f\
\x89\x8d\x00\x1f\x86ji31\xb8\xd3\x08\x00`\xd8\xbb\
k\xb9\xe2\x8b\xd8V\xf1\xa0N\xf9\xd4\x9c\x13\xa00'\
m\x9fg\x05}\xfe\xf3s?\xeb:dX=\x89\x83\
\xaa\x1eG\xec *\x01&\xff`\xb39]l\x01\xae\
\x15\x87\x931\x9f-r\xb1\x88<\xea\xa5b\xaaz\xa7\
I\x10\x09CT\xc8XS\x00\xe8\xeb\x07\x9d6\xd0L\
\xe0%[\x00\x8e2\xd9\xbc\x7f\xffa+\xc3?H*\
\xbd\xd6\xa2x\xf4\x97m\xece\x934n\x95#l?\
\xc7\x9d3\x9e5\xd8\xfa\xec\x93\xfe\x87Yv\x95\x1fq\
\x8f\x1a3\xc5/\x22\xa7\x89\xc8\x8f\xb6]\xdc?1\xb6\
\xf2\xfd5\xe6\x9b\xe1]{z\xfbH\xf0'\xe0\xb2,\
T\x7f\x10\xc0\xb1w\xbf\xebEz&\x0e\x96\x10\xc7\x9d\
\xdfn\xe1\xc6\xaf\x9aK%\xb0q\xf8eK\x03}\x1c\
\x22\xe7o\x1d\xe5\xe6\x19/\xfb8\xfb\xe6IQ\x7fN\
!\xd3\x9b\x8b\x1d\x22r\xbe\xed\xa5\xbf\x86\xb1K8\xd9\
\xf6\xd2OM\xc5\xd0\xb3\x13\xc1\xd5@\xdc\x09\x96\x88\xbc\
!6v\xaf-\xbcVD\xc6;\xc3C\x22S\xad\xeb\
\xefw\xebo\xaa\x96{\x1f\x05\xae\xdf\xa7\x88\xe7\x97\xec\
\xe0\xae\xc6\x0aq43\x16ni\xe0\xc29\xb1]\xc2\
\x89e\x05\x144\xe7\xb4`\x1b\x0d>\xed\x7f\xa85\x1a\
$(\xb7\xa8\xea\xf3\xc0\xefm/}\xa0f`\xca7\
\xba04\xa9\xa8HU\xa3\xc2tf\xd8\x1fT\xe3\x5c\
\xbaZ\xe1=U5\xeek\xb7\x0e\x88.\xbf\xe2\xf1o\
_;\xf8\xd4}\x9d\x0dI\x87\xf7\x8e\xee\xc8\xb1\x1f\x1a\
S\xc0\x99\xdd\x0b\x98ph\x09\xf99\xc2\xaa\xeda\x06\
N\xabf}]3\xf3\xf2=\xe2\xab\x93J\xd9\xbds\
\x96J\x00\x00 \x00IDAT\xb7\xc4P\xad\xa8\xae\
\x89\xd0\xf9\xe5P\xf3\x15\x16\xcfR\x8e\x00Q'\xdb\xde\
\x92K\x07\x0cna\x0f`\x1d\x86\x89\x9c\xb8\xafLT\
\x15\x11\xd9\x03X\xe4\x5ca\x8a\x8b\xfa\xb8\x88\x94\x02k\
\x9cq\x83\x22\xe7\x8a\xc9\xb1\x8a\xee\x082 \x80<\x9f\
Po\xdb\xf6\xd9w\x08\x16\x1e\xfai\x1b\xd7\xb4\x14?\
?\x0d\xec\xf5;\xfb\xd3\xf5YeX%@\x12N\x1a\
\xb7\xfa]\xf4>c\xd1%\x17\xc3\x5c\xffn)r\xdd\
MU\x97Al:\xb8\xc7L\xac\x22\xb2PD\xfeb\
\xf1\x04\xec\x04`\xe2/\xb8X\xf7\x12C\xdd\x8c\x05=\
\xf6\xf9\xdc\xf9\xcc\x0b\xec\x04\x90\x9bd\x84\xbdz\xef6\
\x1c\xedo\x89\xbdzzL\xaf\x8a\xe9\x80\x5c\xb5wQ\
\x8a\x98\xd9\xc3\xbe\x8f\xce\xefa^&-PDN\xc5\
X\x13\xf8\x81\x03lS\x84\xdd\xb1\xd7[\xc0\xaf\xe6\xd6\
\xdf \x02SK\xa83p%\x10\xc2\xb0\xf7\xff\x84\x99\
\xa9e\xad\xf3+\x11\xb9\x99\x826\x97`\x18^B\xe2\
\xd7\x14\x02p\xdc=\xef\xa5\xd1\x0bL\x8fQ\xe6\x01Q\
mD\xc9\xa9\xacb\xf1\x96\xd8\x19\xc0\x07\xc3;\xd2:\
\x19\x95\xb4 N\x9d\x11\xdb\xb9\xd8\xf9\x08\xcd\x02\xf3\xfb\
\xd8VP\x14U\xc2\x0d\xb9\xb8\xdf3e\x09^\x07\x1e\
T\xd5BM2e\xa8\xea\xc9\x18g?\xdf\x82\xed%\
\xaaj\xb5\xaa\xfeKU\x0fsPM/\xe0F\x8c\xaf\
\xff\x1ej\xb6\x01\xdci\xd6-bV(*z\x1e\x11\
S\x98\xbf\x09\x82\x22\x03\xda\x1b\xf3\xed\xd6\x06%\xa2\xb0\
\xe7\x1b\xabY\xb8%&\xe5\xb3\xed\xec\x00\xc3:7s\
\xc7\xa7A\x83B\xd8\xd6\xc4\x1em\xd2\xb2\xf7\x9b\x80X\
As\xf6\x1a:\xcb\xbctc\xd4=\x0c\xa0\xaa\xd7\xb9\
<s\xe2^\x0c\x03\x18\xe9\x99E\xaa\xfa\xab\xaa\xfe]\
U\x07\xdb\x88c\xbb\xbc\xb0\xb2\xab-\xda\xed\x003\xfb\
\x0d\x9b\x95$\x9b\x8c\xd0>\xdf\xa0\xa3z[/\xf7y\
c\x0d\xd55\xb1Y\xe8\xd3c;\xf1\xf5I\xa5\xec\xdf\
!#\xb3\x03Y\xc5\xb3\x8bc\x8a\xc6\x9f\x1f_\x9a\x22\
f\x16`~Tg\xdd6\xe5\xd0\x14\xb1\xfcx\xdf\x8e\
\x8d\xb6\xe26^\xc607b\x9f\x9c}\x00\xe7^\xf7\
\xc2\x81Ibg\x84\xe8\xf2\xc01\xeaw~9^\xdc\
kPI\x1e\xf3N,E\xcb\xcb\x08\x8d\xf4\xf3\xca\xe1\
\x1d\xb8\xa5_\x11C;\xe5\xd3!\xbfy\x0c\xb3\xdd\xda\
\xbf\x98\x1a\x93Qt\xb1\xedP\xc9_\xe8\xe3\x9e}\xdb\
6K\x99v\x84}9\xd1\x86U\x8b8\x85D\xee\xc7\
MK\xd6\x01s\xdd0\x04\x18\x0e\xe6\xcb3\xe7\xfc\x94\
\xe6dE\xe4{iU\x18e\x03\xeb\xd8\x1eK\x00V\
\x89\xf4\xb1\xc2jZ\x15\x18\x84\xd1D\x99AK\xe1g\
K}b>\xa5SB\x04w$n\x15\xbb\x14\xf88\
\xa3{\x01w\xef\xdb\x969\xc7wb\xdd(\x7fT\xe4\
\xec\xcd#;\xa4T9\xf7\x82\xd2\x02\x1f;\xce\x09\xf0\
\x97A\xc5q\xdd<dzu\xf4\xfa\xe6~E\xcc8\
\xb6\x93K\xea\xecbkA\xd1\xcf\x00\x11s\x04\xb6\xa0\
\xaas\xf0\xf7\xdaa\xbe\xcf\x83\x9d\xe9D\xe4$\x11\xd9\
\x86\xb1n\xf8\xab\x1a\x0e;\xf1\x89\xc8G@\x9d\xaa^\
\x98\xa6\xec\x01\xd4\xd5\xf6\x13\x91\x81\xf6@\x9f\xa9x\xa2\
HR#\x0c\x99bK\xbd\xf1\x92?]S\xe7\xfa\xbc\
\xec\x95\x10\x7f\xfan\x0b\xffY\xb4\x9d\xab\xbe\xdcD\xe7\
)!\xa4\xa2*\xfa\xcb\xab\xac\xe2\x9e\xef\xb7\xf0\xad)\
\x1dtJ\xd7\x02\xc2c\xcb\x980\xac\xc45\xbft\xc8\
\xf3\x09kF\xfa\xa3\x8c\xa1V6\x8a\x9a\xb7\xbe\x9eQ\
\x9f\xc6\xa4\x97\x8e\xe8\x9c\x8f\x96\x97q\xdd>\xcd\xb7c\
\xb8w\xf4\x8d\x1b\x01\xd4\xb0l\x12\x8f\xcb\x96\x14ax\
{\x9dm[\xd4[\xdc\xc4i\x18[\xc7BU\xbd\xc5\
Jb\x99\xef\xb8\x5cU\x1fOW\xb8yd9YU\
\xa3\x1e>C\x86\xc9y\xdf\xb4\x03O\x9ay\xd1\xd5O\
\x19\xec\xcd&\x8e\x04\x7f\xdc\xa7\x88\xfb\xf6oK\xd1\xa4\
`\xe3\xf4\x00\x1d\xa8:\xd3O\xa0\xd0\x18E\xdf\x0e\xd6\
r\xe2\x87\x99\x9dI\xac\x1b\xe5O\x98^\x9c\xfa\x08\xfe\
\x02\x1f+\xce\xe8B\xae\x8d@6\xd7G\x182}m\
\xdc\xa2\xb6I\xb0I'[\x8c\xa3T\x02'\xa6pi\
/\xa0FS\x18\xd9\xb2Z\xd6'Y\x04\x97j8\xd9\
c>\x80\xbf\x8e\xbey\x0f\x8fy\xa4\xc5\xc1\xe6\x96+\
\x1b\x04\x00\xc6\xc8\xb1\xb5\xc1\x18]N\x08\xb4J\xb0G\
\x94\x0ay>\x89\x12@}DY\xb6-\xcc\x03?n\
M\xe0e\x84j\x22\xe4M\x08\xf2\xe2\xd2\x98\xff\x8d\xb6\
y>~9\xb53KO\xef\x82\xbf0\x0bk\x14\x97\
\xee\xa86\x8e\x87\xdd\xa3\x1bX\x92\x8a\x00\xc0x\xa9\x0f\
c\xf0\x07r5\x85\x01\x05\x119\x04\xc3\x06Q+T\
\xeb-!1\x8bU\xdc\x18\xf117\x5c\xb4gk\xfe\
3\xb4=\xcf/\xd9\xc1o>\xcbLH4\x15\x04\x08\
\x9b\xb6\x06 K\xfa\x85)\xf0\xd4A\xed\xb9p\x8fx\
9\xc555\x11\xce\x9f\xbd\x81\xb7\x83M06\x22\xf1\
#\x81\xc0%]T\x9f\x16\x90\xc6\xf6\xbcO\x0dO\xa1\
\x1b\x81\x06\x11y\xc8\xa9\xad\x22\x22m\xc40?3\x0b\
\xf8\xa7\xaa\xd6Y\x85Y\xb2\xf1qh$\x01\x9c\xd6\xbd\
\x80\xfa1\x01T\x8d\x17\x94M\x02\xb0\xaaU29\xe6\
\xd0\xbc\xb9\x17p\x17\xcd\xd9\x88TT\xb1\xd7\x1bk\xf8\
\xc4\x5c\xdbt.\xf01\xfd\xe8\x8ehy\x19\x8f\x1e\x90\
\x94\xeb\xeb\x09uy\xf9\xcb\x01\x22\xa6\xcb\xbf\xa6|z\
\xf6\x03\xa4\xab1\xce\x9e\xdd\x10\xc18\x8f\xfe\xd1\x1e\xb8\
F\xe4\xd8\x88!\xcc\xd8\xa8\xf3\x02\x80\x1c\x81\x15gt\
am\xad2pZ\xf3Xm\xb5\xe3\xec\x9e\x85L4\
\x17\x88m&\x05\xd9\x9e\xa5)\xc7\x0b\x04x\xf1\xd0\x12\
\xcaw\x8b\x17\x99\xfflm\x1d\xaf,\xaf\xe1\xfe\x1f=\
\x08\xb5\x9a#\xc1\xd4;G|:x\xe1\xbcC\x81\xd5\
~\x9b\xa7\xf6\xc6\xc0\xce1|\xc8\xc6%\xcc\xc5\xd0+\
\xc87\xc3r\x9c\x04\x00\x10\x81t\xba\xf5)qv\xcf\
B\x1a\xc6\x96\xf1~\xb0\xb6E\x08\x00`\xd2\xb2\x1d|\
\xb5\xde\xd85|wrrI\xe6\xe6\x80\x02\xe3fm\
@*\xaa\xe8\xf3\xe6\x9ah=\x0e\xee\x94\xcf}\xfb\xb7\
\x8dniW\x8f\xf4\xf3\xf6\xd1\x1dx\x7f\xb8\x9b\xa0\xad\
A\xb4\x1f\xec{\xb4\xf5\xee\xba4\xb5^\xae\xab\x15U\
\x0d\xab\xea\x06\x0f\xba\x87}\x00j\xf3\xf2W\xa6\x89\x97\
\x80|\x9f0qX\x09/.\xdd\xcey\x9f\xb5\x94$\
\xaf\x81\xfd\xcd\xbd\xfd\xeeE9\xcd\xc6TJ\x87\x85\x9b\
\x1b\xd8\x7fz5RQ\xc5\xc3?\xc7\x9b\xc2\xe9\x5c\xe0\
\xe3\xf8@\x01\xc3\xfd\xad\x5c\x08\xd5\x18\x09\xe6\xed\xb1_\
\xc2~W*\x83\x83\xa528X\x9e\xf99\xa5\xa10\
'\xbc\x9b\xaby)\xd4W&\xae\x1e.\x13W\x0f\xb7\
\x05\xf7\x02X_\xd4!c\xc9\xcb9'tbs}\
\x84\xf3f\xb7,\x01X8\xdb\xd4LZqf\x93?\
\xa4&\xe3\xea/7!\x15U\x1c\xf8\xf6Z\xdeZ\x15\
\xbfh\xec\xdf>\x97\x83:%\xb2\xc6\x7f\xec\xd1\xcfE\
\xbeM\xe6\x82\xcc\xa5u\xbb\xc3\x13\x9f%\x87\xf7\xcf\xa0\
\x9e\x03\x89\xe8\xbbD\xe2\xe4\xd3\x8a\x00\xb6\xb7j\x9d\xb1\
$\xe8~%y\x9c3\xb3\xf9\x09\xa0$\xdf\xc7\x15}\
\xdapE\x9f6q\xc2\xa1\x93\x97\xed\xe0\xab\x0d\xf5\xb4\
\xce\x11\x82#=\xe9\xd76;\xbeXW\xc7\xc93\xd6\
%0\xc9>8\xc6\xb6\x885\x970\x9b\xda\xb4M\xbe\
\xcfm\xd0\xf4\xaaZ6x'\x82\x88\xba\x1d\xe4\x17\x03\
l+,\xca\x88\x1b\xd2\xad\xb5\xc1\xdf\x98^\xd5\x8c\x82\
\x18\xc0\xcd\xfd\x8aY?\xca\xcf#\x07\xb4\xe3\x91\x03\xda\
%\x08\x87\xee\xffV5\xdb\x1a\x14\x7f\x81\x8fHy\x19\
'u\xdd5d\x15\x8ew0\xb3Z\xe7\x08\xe7\xf62\
\x17\x93&\x1d\xd7\xe5\xb6J~r\xe6\xa3\x99\x88\xc0'\
n\x9b\xdbz\x80\xdcp}F\x9c\xf9\xab\xf7n\xc3\xdb\
\xcdL\x00\x00\xf7\xec\x1b?5\xba\xe9\xab\x14M\x0a\xb2\
\xbe6\x82\x00\xd3\x8e\xecH\xf0L?\x9dZ\xed\x9cu\
\x82\x85\x1da\xe5\xe7\xcd\xf1\xdf\x95\xbf\xd0b\x0cz\xd8\
\xcdD\xbc\x99\x18\xb4\x90Ak#\x09\x19\x8b\xe9\x8f\xb0\
M\xcd\xb6\x8c<\xa8\x0c\xed\x98\x1f\xc7oo.L3\
\xed\x0d\xd5E\x94WW\xec \xa7\xd2\x9dA\xd4qJ\
\x88\xa7\x16\x19G\x1f\xfeB\x1f\xd5g\xf9Y=\xd2O\
i\xc1\xce#\x86\xab\xbe\x8c\x17\xa3{\xc4Z<\x9aR\
}E5[\x93\xb9\x06\x86\x5c\xc9\x88\x082xy\xbe\
\x04\xa9c5\xa4Sh\xbfmsF\xae^{\xb4\xc9\
ak\x0b\xec\xcfOIc\x96\xc6\x8e\x8b?\xdf\xc8\xc5\
\x9fod\xf2a%\x8c\xeaQH\xe7\x02\x1fkF\xfa\
)\x9e\x14l\x91\xba:1cul]\xb0\xadA\xa9\
\x89\xcaV( tY\x1fZ\x87\xe1T4\x11\x11\xcd\
H\x5c;\x83\xe9 \x12t\x09\xfd\x19\xa0x\xfb\xe6\xae\
.\xcf\x92B\x958{\xc2\xbb\x12F\x7f\xba\x81n\xaf\
\xc4\x8eGv\xd6\xee\xe1/\xb6\xa9\xec\xb4\x8fm\xc4l\
2\x8b\xf6[\xf2\xb5\xd3ix\x0c9\x91\x8c\xc4\x9f\xbd\
\x13AM^\x02\x11\x08\xfc\x04\xe0\xd3H\xfb\xc4\x04\xc9\
\xf1\xf3\x96\x06W\x9bB\xbb\x0aV\xed\x88D\xbf\xbc\xf6\
y;gJ\xf8\x83)\xbc\xba\xb6&\xc2\x07\xa1\xc4\xe5\
\xd8\xe0E\xf3\x92\xdb\xd9\xddQ\x9f\x11\xe7\xcds\x0b\xf5\
7\xa5\x09\xd4\xa5\xf0Y&\x85Yx\xec\x97m\x1c\xd0\
q\xe7\xca\x08\xa6\xc3O\x9b\x9b\xc9r\x99\x07\x8c\xecQ\
\x80\xb5\x9b\xed\x97\x84\x93z\xcc\xfc\xf7\xad)x>\x80\
\xbc\x14\xd3G\xd4\xdf\xec\x96\xd1\xde\xbbQd./\x06\
-\xe3\x09\x89\xaaM\x1e\xf6\x09o\xac\xac\xa1W\xd1\xae\
9\x1dX(\xda\x89\x12\xcd\xcf\x1dl\x0c\xacs\xd7\xd5\
\xb3\xa6\xc6]\xe1\xa6\xeb\xba\xaa}\xccK\xc3<M8\
tXc\xcbk\xdcX\x97+#\x1a[\xa0\x85\x94\xbe\
\x03v\x01\xecYl\xac\x99gW\xbbK75\x17.\
\xef\xd3\x86\xa2\x5c\xe3\xb5\x0c}\xbb:i<!\xeau\
\xce\xf0\x82\x12\xd1S\x1b[f\xa6D`\xc8\x1b(\xe7\
:\x1f\x9c9\xfb\x95\xf9\x09\xb1\xffK\xf1\xc5\x891\xc9\
\xe1#\xdfo9\xcd\xe8\x82\x1c\xe11\xf3\x88\xd9\xd5r\
\x9a\xcb\xe0\xe4W\xfd\xd8|Xn\x06%\xdf:&A\
\xa6D`9\xa2\xeai\x0b[\x01p\xd3\xa4{M\x81\
\x94\x9d\xaf\x18\xd2\x14\xcc8\xa6\x13CL1\xf6\xd3>\
^\x1f\xa7\x19\xd5\x9c\xc8\xf7\xc5\xd4\xdd?_[\xc7\xc3\
?\xb9\xac\xfbL\x1eA\xfbm\x1b\xdd\xb6\x80&oY\
'dZvfD \xb8\xc9!\xde\x0f\xd0}\xed\xca\
\xc1\x99\x16\xbe\xab\xe1\xe7\x11\x9d9\xa2\x8b\xb1`\xdd\xef\
\xadj\xdeX\xd9\xfc\x5cM\x80\xa1\x9d\xf2\xa8\x1d\x13@\
\x80\xef76pP2K(\xe6\xf7\xf5\xd0\xe3\xd7D\
m@$\xc4\xf1\xe9c\x99\x96\x9f\x99\x1d\xc31\xfe\x8f\
\xa3\xf5\x19\xbfj\x10\x80\xdf\xf0y\x18\x8f\xe4\xc63w\
I\xdc9\xb0\x18-/\xa3O\xdb\x5c\xd6\xd4D\xc8\xa9\
\xac\xe2k\x0f\xd6O\xb3\x81G\x86\xb4c\x8e\xa9\xb8\xf2\
\xdd\xc6z\x06x\x90\xab8n\xfe\xbb\x96~\xc7\x93\x00\
R\x19\x8c\x9e\x1a\xea9e\x199\xbc\x80\xa6(\x9f\xf8\
|\x7f5J\x8d\xc9%\x1e\xf1\xdd\xc7\x09V7we\
T\x1cZ\x82\x96\x97q\xc7\x80b\xc2\x0acfn\xa0\
\xcb\xcb!\xd73\x86lc\x9f\xb6\xb9l\x1a\xed\x8f\x1a\
\xe6\x98^U\xcb\xc0i\xc9\x17\x82\x8e\x0f\xab\x15@\x03\
\xdcf\xdc\xfa\x9ad\xe5\xbc\x11^\xd3\xf5=\x90cA\
\xec\x162\x7f\x02\xf6~\xe6\x9f\x17\xc9\x1eO/lJ\
}Z\x04/\x1f\xd6\x813m\x861\xdfXY\x13\xcf\
\x95k&\xec^\x94\xc3\xd5{\x17q\xc1\x1e\x85\xd1\x1d\
\x00\xc0\x0d_m\xe6>\x8f\xf6\x12\x07-\xfej\x09\xa6\
\xcay7U\xb3\xd2j(\x9a(S\x1aS\xaf\xcc\x89\
 \x12\xbe\x02_\xee\xcf@\xd4\xc7_\x04.\xf6\xc1\xa7\
\xadk\xb6\xf5\x8eE\xf4\xe6\x91\xb4%1\xb8c\x1e\x9f\
\x1f_\x8a\xcd\xb5\x16{\xbd\xb1&{z\x01.\xb8}\
@1\x7f\x1a\xe8.\xe8\xa3\xff\x1f{\xe7\x1d\x1fU\x95\
\xf6\xf1\xef3\x93\x0a!\x10 \xc9$D\xe9EP\x11\
\x14QT\xb0\xad]\xac(\x09b[\xbb\xaf\xba\xd6\xb5\
\xaceW\xd4\xb5\xebZ\xd6\xde\x09(\xf6\xb5w\x05\x11\
)\x82(\xd2\xa5\x93\x02$\x04\x12R\xa6<\xef\x1fg\
f2sg&\x99\x84\x99$\x94\xdf\xe73\x90{\xee\
\xb9\xe7\x9e\xb9s\xees\xcey\xca\xef\x01\xba\xbd\x1b>\
\xa2*\x12>\xbc\xfbt_\xf4\xc1r\x00ybY2\
]\xbc\xae\x05N\xfb5\xcd\xe9c\x93\x07\x81\x9e\x93\xb7\
L\x0a\xbd\xcaCg\xd1\xd3\x90si\xae\xea\xf4b\xaf\
\xb8\xdao\xf9\xdc\x15\xf3z\x0f\xe9\xd9\xd6\xc6\xc03\x07\
v\xf4g3\x01o\xda\xdb\x0f\x22\xab\xdf\xad\xb0\x8b\x09\
\x99\xef\xd1\xdeN\xa57<.%A\xe8\x90 8R\
\xed\xe4\xa6\xda\xe8\x96j';\xd5Fnj\xe3\x8a\xb0\
\x99\x9b\x9c\x0d\xea\x01\x22!\xc9Y\xdb\x1d\xc0\xe9\xcb\x1b\
\xd9%\xedU\xdf\xb9pZ\xddh\xd0\x8c\xe9\x00\x80y\
\xc0~ \x17\x01\xbe4\xb0\x7f\x00\x03?\xb9\xf3\xa4\x8e\
\xb9o4\x98\xfd\xae\xc51\xeb\xf8L\xba,]\xc0\xb2\
'f\xfa\xcb\x96<\xfa\x14\xd3\xaa\x82\xf7\xe2I\xceZ\
R\xeb\xaa\xd9\xe7\xd9z\x02W\x9b\xc0\xdc\xe33\xd97\
#6\xd1\xcf\xef\xac6\xac\xebMZwx_\xb0\xf3\
\xbfz\xf5g`\x18@^}\xf2q\x93$C\xf8\xa1\
\xb9}j\xde p\xebi\xd8e\x05\x80L\x5c\x97\xa7\
\xe3\xba\xadu\xc1\xa8\x04\xd8 ^VM\x7f\xe7c\x9c\
^\xa7\xa9xcD\x06\x07tNd\xf1\xcb/\xd1\xee\
\xd9z\x068k\x1e\xdbp\xf8\xea\xa8.\x1c\xb5\x1d\xcc\
([]\xca\xb4\xd2Z>ZW\xcb\xd3K\xa2\xc8\xab\
\xd8\x08\xee{\xf9\x96\xfd\x01\x14\xde\x03\x907\xd6\xf7\xc7\
\xe6[[h\xa3\x19S\x22\xa1\xd99\x90\xa4\xb0\xd8\xec\
\x0aD\x8a4?;\x0f\xea\xa3\x91\x96t\xeb;s\xd4\
\x03\xdf\x9b`\xc9V\x1c\x04v\x01WA.\xeb\xb6\xb9\
Y\xd3\xbd\x07\xdd6F\xe7\x14=wM\xb5\xdf\xca\xe9\
Q8\xfa\xebM|[\xd2x\xd4P\xaf4;\xa55\
\x9e\xd8\xfa\x1fH\xbd\x82h\xe1%\x03\xdb\x038 \x11\
U\x8f\x14\x16\x17\x03\x99\x00Z\xe0h\xb61f{\xec\
\xa4w\x01\xa0A\xf9\x8e\xce\x06\xe8\xb7ni=OA\
+\xea\x0c\xbe\xf5:h\xe6\xbdW\x82\xcd\x13=\xed\xbd\
o\x00\xac\xaarc/\x5c\x1f\xd5\x00\x00\xb3\xce\x88\xad\
\x03J\xfd\xb3[p\xd9\xde>QR\x86\xaa\xc7K\x83\
m\x14\x0c\x12\x153ID4{\x10h\x81\xe3n\xdf\
\xdf2\xb1\xe8S\x00_fp\x80w'\x9c9-\xdc\
u-\x89\xc3\xb2\x92\xb8\xc8\xcb;\x98\xe0nZ\xee\x83\
\x0f\xd7\xd6\x04%\xcen\x15x\xc7@\xbb\xdam\xd56\
\x8f'\xcb[dhn'\x15\xfb\xd7\x00\x9a\x9f\x13)\
r,*l\xa7\xc7\x84\xbe\x07@\x00W\xae\x9al\x9e\
\x1c\xbcp\xfa\x08\x7f\xb5V\x10\x06\xf7\x0fI\xa7\xc2\xe9\
\xe1E/\xa5\x8c\xdd\x13\xfd6p\xe4\x97\x9bZDo\
\xd0 \x02$\xe8\xd2\xbf\xf6\xf3\x19\x85*\xb3U\x8dJ\
Q\xf1=\xdfW\xd9Nl\xd7 \xd0\x82\x9c3}\x7f\
\xcb\xa4\xe2\xef\x00\x023\x82/\xb8lo/\xb3I\xcb\
\x8f\x82\xeb\x06\xb4\xe7\xe2\x00\xf6\xd1\x04w\xf4\x83`j\
\xe9vD\x0d\xc7\x18}\xd6-]\xed\xf3\xdcry\x83\
}\xa4\xb0\xc4\xef\xcc\xa3\x05\x8e\x0b\xb7\xf7\x1e\xb1\xf0\x9d\
2\xe9]\x95\xc3\xe4;\xb3\xdbP\x18\x05\xd0yk\xd9\
\xc0\xd4\xdaj\xf3D[pm\x90\xd7\xceN\x82M\x98\
\x12@0i\xf3\xb4\x0d6\xd4\xa8\x10\xf0\xac\xa6\xde4\
*\xcf\xfb\xe7\xe2<\xd52\x99\xf2G\x12\xa8w\xcd\xa5\
/\xc4\xe2v\xdb=\x08\xb4\xc0\x91\xef?X_\x5c\x0c\
\x90\xa3:\x0d\xa8\x02\xf8\xf3\xc2\xde\xf5\xab\xd6\x16\x1a\x08\
/\x1c\x14\xea\xf2\x98\xd0\x84\xe9\xa0\xad`\xca=c\xa6\
\xfa\xfev\xa8\x0e\x04\xc0Y\x1f\xf2\xa7\x059\x97\x86\xb9\
\xac\xc9\x88\x8d\x17\xa5p\x95\xf7\xaf\x0cyc\xfd\x08\x00\
\x877\xf7\x11`{\xf6\x89\xcb\xa6\x05\xd4\x8d;\x8e\xcc\
N\x0aQV6e:hUx_\x94\x94\xda\x9a\xda\
C\xff\xf8\xf1\x10\x005\x09\xc7\x907K\x8f\x01\x8c\xda\
Sl\xd6dW\xcdFL\x06\x81\xe6;\x9e\xc6\xa7$\
\xb6\xd9\xcc\xe85\xd6\xc5\xbb\x01F\xcf\xf8pDFe\
\xb9\xd7B\x12\xffQ\x90h\x13\x16U\x04\xff\xe8\xf6&\
l\x11[\x0d\x01\x92r\xc5\x85\xbd|\x8a\xbc\xba\x1cU\
\xb3\xfaw{>5E\xea\xd2\xfc\xac\x10\x96\xf9\xe6\xa2\
\xb9j\xe3PhRg\xa4\xae\x1c@&\x15\xff\xa6\xf9\
\x8e}\x1c\xaaw\x15\x8b\x5c\x0b\xa4\xfdq\xe9\xa0v9\
>\x8a\x98\x16\xd0$\xfen\x19\x04\xd2\x84\xfb}|\xfb\
\xf1a\xcb;V\x85\xba|\xad\xce\xda\x93\x82\x9b'7\
\xadsa\x11\xa4\x13\xf8\x15\xafR\xd3\xe1}\xf3\xa5\xb0\
x\xb9\xbfB]\xed\xf6\xd1\x9cX\x10\xb3A\xa0\xe3:\
o\x91I\xc5\xaf\xa0\x9c\x8f2P\x0a\x8b\xc7h\x81c\
\x8aC\xb5\xa3O\x93\xb8v\xfc\x1e%y\xaf\xaf1\xd1\
\x1c\xdb9\x10V\x9f\x139\xdee\xcd9\x86\xdb\xad\xc9\
Y7\xbc\xd8g\xc5\xfc\xa8\xeb\xd6%\xc4\xc8u\xde;\
\x06\xae\xf8\xe8\xe9\xd9\x9d\xb7\x96\xf9\xc8?F\x1b\xcd`\
\xc9_\xf13\x96\xeb\x13z~\x8f\x98\xba<\xc54\xb2\
B\xf3\x1d\x7fE\xf0\xb9\xe4L\xf6\xe5\xf9u\xc1\x00\x00\
\xbb\xc7\x9d9\xf5\xc6\x91\xf5,\xe8;\x98\x07R8x\
l\xdb\xf9\x08E\xfc\xcf\xa1G\xc9\xaa\x92\xdb'M\x18\
\x0a\xa0\xf0\x95C\xf5cyic\x07\xf0o\xbb\xab\xb5\
 \xe7o\xdbw\xc3P\xc4>\xbc&\xdfQ\x1f\x97\xe8\
L\xa8\x04\xc8S]*^/\x98>\xeb\x97\x0d\xbb\xa3\
\xf0\xee\x9df xb\xd4\xffdg\x8d\xf3\xa7\xeb\x0e\
6v\x00\xd8\x92\xa3j\x9cvR\x5c~e\x87\x168\
\xe2\xc2\x90\x19\xf3A`X\xb4\xdc~\xa7S),*\
\x07\xc8V\xbdO\xe1C\x80\xcb?\xfe\xef\xb0\x8b\xbex\
\xb1\xdeE}\x07\x1e\x08\x1ei\xee#\xac\x97\x00v\x8f\
[W\x9e\xdf\xcb\x1f{\x9e\xa3\x9a\x01 \x85\xc5\x15\x01\
\xd5\xf7\x0di\x22F\x88K\xa0\x9d\x16t\x9b\x87?\x9f\
\x92\xa4Ka\xf1|\x80\x1c\xd5\xd30~\x07\xdc\xfd\xea\
\xed\xfb\xe5\x7f?\xf9\xd7\xfa\xabv\xcc\x81\xa0\xcd\x19\xc0\
\x82\xff\xeb&\xb8]\x9e\xb5\xe3\xf7\xf0/\x8e\x1c\xaa\x09\
\x002\xa9x!\xfe\xe4\x16z\xa7\xe6;\x1a\xccL\xbf\
=\x88[\xb4\xa5\x168nD\xf0Q\xdf\x0f\x92\xc2\xa2\
/\x00\x1c\xaa\xfb`\xf2\xf9\xf2\xc8s\xd7\xeds\xd7\xc4\
\x7f\xcd\x02\x82([w$h\x93%A\xfd\x08H\xad\
\xab\xaeYs\xee\x9e\xfe3\x0eH\x04\x90\xc2\xe2oP\
?\xcb\xecwZ\x903!\x06]\x8d\x88\xb8\x86\xdcj\
\xbec$\x22\xdehf9J&\x16\x7f\x00\xe0P\xed\
#\xf0\x1b\xc0\xa5\x9f<\xb3\xff\xf77\x1en2t\x08\
;\xdc\xd4\xd0\xa4\xe9 @\x02\xec\xbd\xea\xb7\xb5\x7f^\
\xd0\xdb\xbf\xb5\xa8\xf7\x11(\xfa\x02\xaf\xda\x1dX\xa9\x05\
\x8e\xa3B\xda\x891\xe2\x1ew\xedu81\xaaN\xe1\
$\x9f\xf1#[u?\xbc\xc1\x94\xfd\xd6/\x19\xba\xea\
\xbc\x1e\xf5\x1e\x1f\x01+\xe6\xb6\x0eO\xb4\x1c\xfaR?\
\x02&\xbcz\xdb\x8c/o=\xd6G0\xe1q\xa8\xda\
Q\xf5\xc8\xa4\x92\x1fA|?z\x89\x168b\xc6\x17\
\xdd\x10Z$\xf8^\x0b\x1c\xd9\x08\xde\xa0>=P\x0a\
K\x96\x008T\x8f\x16\x93o\x89$W]n\xd1\xb8\
\x5cOJ]u}\xd4\xc7\x0e0\x10\x1a\x95\x04\x96\x01\
\xbd\xe2\x82^+\xfe\xfa\xc5\xcb\x07\x02\x08\x149T}\
S\xc0*T\x0f\xf2^S\xa4\x05\x8e\xedb)m\x0a\
Z\x8c\x81A\xf3\x1dY\x08K\xbcG\xbd\xa5\xb0\xb8\x0e\
 [\xf5\xdf\x1e\x18\xe8\xab\xb7\xe2\x82\xde\xf6'\xfe{\
u\xf0\x16\xb2\x0d\x8f\x85\x88k\x02\xcb\x8f\x9fU\xb1\xa1\
\xc2\x0c\xf2\x9a\xee\x00\x0aod\xab\xe6\x01x\x9f\x85\xb1\
\x16\x0a\x7f\xf8\xdc\xf5Z\x0a-J\xc3\xa1\xf9\x8e\xbd@\
?\xf4\x1e\xda\xa5\xb0\xd8-\xaf\x97\xf4\xccU]\xec0\
\xda\xcb\x1a\x803\xa7\xbd=\xach\x5c\xee\xb6D\x97\xb3\
>\xc8\xb5\x8dN\x11!\xbb\x830\xfd\x9c\xf1\xb7\xe1\xf3\
\x7f\xbdb\xb0?\xf8\xc0\x03\x07\xe4\xa8\x9e'\x85E\xdd\
\xbd\xbe\x9a\xbe\xed\xe1;\x9a\xef\x88\xc6\x076\xa6h\xb6\
\xa3\xe9v\xdd\xb4\xb0\xe8\x12\x90\x80\x18F\xfd\xb7\x16\xe4\
\xdc\x06P,r'\xe0\xcf\xae\xb62\xab\xc7\xaf\x07?\
:}\x88\xb5\x8d\x13g\xfc\xcf\xff\xb7+!\x81\xaa\xe4\
\xf6A\xe7\xeb\x12\x93\xa8N\xaa\xd7[E\xb2\x07X1\
\xf9\xf0|><\xe8\x94(\xbf\x09li\x9f\xce\xfc\x9e\
\x83\xcd\x81\xe5\xc7?~\xf6\xa7\x0b_z\xf4\xaf\xfd\x03\
\x8aJ\x1d^\x9fL\x99T\xf4(*W\xfb\xcf\xd8d\
\xbc\x8e\xcd.\x8c\xfa\xc61D\xab\x0c\x02\x00\x99R\x9c\
\x893(\x81F\x0dK\x1d\x1d\xf4N<sD\x12\xbb\
\x19\xfa}\x7f\xac\xd8\x9b\xa3\xce\x9a\xfb\xb7K\x1e\x0b\x13\
\xf9\x1c\x1d\xc9{C\xb6\x86@<t\xe6M\xfc\xe7\xd4\
&\x04\xf2\x84\x91N=\x8bW\x14M\xbf\xfe\x90\xae\x04\
\xa4\xb4\xb7\xc1\xb1Y\xaa_\xc9?\xb1\xd1\xb7\xb8\x0a\xa8\
7:\x88-W\xf3\xb3Z\xcd\xa1\xb1\xd5\x88\xfat\x8c\
c\x83\x168\xec\x88\x7f \xa4\xd0\xb7\xd8)\x85%w\
\xef\xaf\xeat\xa8\xb6\x17\xf0\xfb.\x9e\xfd\xfd[C\x8a\
\xc6\xe5z\x9e{\xfc\x92Y\xc1-\xc5v\xaa\x88\xce\x17\
1\xfc=\x0fX:\xfb\xcf\xf5\xe3r\xeb\xa6_\x7fH\
6\xf5\x03\xe0c\x87\xaa=K\xf5+),~\x98\xbe\
\xc5N\xea\x07\xc0\x1a-p\xd8[s\x00@+\x0e\x02\
\x1f4\xdf\xd1\x0d\x9bqU\xf7\x96\xdc*\x85\xc5n\x99\
\xb4v\xdfl\xd5\xaf\xbd9~n\xf1\x9d=y\xe6G\
\xfb\x17\x8d\xcb\xf5,\xbct\xe0\x92\xf65\x95\xc1\xf1\xe3\
\xb2\xfd\x03\x22\xbc\x1b\x9a\x04\xb7mi\xfe\x91\xe7\xaf\xff\
\xbeh\x5c\xae\xe7\x7fw\x8d\xee!^\xcb\xac\xc0o\x0e\
Hp\xa8\x8e\x967\x8a\x86z\xe7\xfe\x00\xe3\x8f\xed\x5c\
-p\xf4hvGc\x88V\x9b\x0e\xc2A&\x15\xaf\
F\xa9\x97\xdb\xc2V\xd0>\x9a\x9f\xb3\x11\xa0H\xe4:\
\x81\x07\xad\xd7M\xdfk\xc4\xcc\xb3n}\xf3 \xb7-\
r\xfc\xc5\xea0\x09\xb8\xc3\xe1\xa9\xd1Wq\xff\xd9\xb7\
4Z\xef\xca\x8f\x9e\x9a\xfd\x8fI\xf7\xecM\xa0X\x07\
\x14\xbe\xc9\x81cPU\x99T\x9a\x0d\x9ee(\xf5y\
p\x84\x15\x9a\xef\xe8\x13UgZ\x08mj\x10\x00\xc8\
\xeb%{c\xd7_-\xc5\x95\xd8\x18\xacc\x1d+\x01\
\x8aD\x86\x0a|\x09\x848\x13V\xa6\xa4\xadx\xe8\xcc\
\x1b*\x9e=\xfe\x92\xa0\x84\x1c\xd1\x0e\x82gN\xba\x82\
{\xf3\xff\x11R~\xf0\xc2\xe9+\xee\x7f\xe9\xefe}\
\xd7/\x0fY\xa4\x02(\xdc\x90\xa3\xfa(\x80\xbc\xb1\xb6\
\x0f\xb6\x84y@0\xd3\xab\xcb\xbd\x97\x9e\xdbmIT\
\x1diA\xb4\xb9A\xe0\x83q\xa4\xa8w_\xaf?!\
\x97j~\xb6\xdf\xcb\xb6H\xe4R\x81'\x08X\x84Y\
Q\x9b\x98\xbc6\xd1Y\xbb\xa7\x12&\xdd\xbb\x05\xb3\xfb\
\x1f\xb8\xa1\xbcC\xe7e#\x16\xfd\xdc\xb1Se\xf9\x80\
F\xaa\xbf\xb2\x0e.\xdb\xdf\x9b\x1cD\x0a\x8b/\x07\x9e\
\x0c\xed\xb3\xed\xbcX\xba\x83\xc5\x1amv\x10\xf8\x10q\
0\xc0J\xdc\xae\x02\x1d\x9f\xe7W,\x15\x89\x1c p\
'pB\x98\xfa\xd1\xae\x7f\x94\xc8\xfb\x8d\xa5\xc0\xbf\x1d\
\xaa\xaf\xf8\xfb7q\xfd!\x88\xad\x10\x9f\xb2'\xa8\xf3\
m\xfb\xc7\xf7\xa1\xcd\x0f\x02\x1fd\xf2\xfa!xl\xd3\
 ,\x97\x7f%\xc2-^\x87\xd7\x80\x8bDJ\xe0d\
\x85\xbf(\xfc_\x94\xcbE\xc5\xe4~\xfcA\xe1[7\
L\xa9g\x04\xf16[Xr5\xa2\xf7\x04\xcd\xf5\xfe\
\x93l\xc3%\x07\xeb\xf8\xec\xdfC\xce\xb5Q\xec0\x83\
 \x10!\x8a\x96P\xd4\x22\xbc\x85\xda&iA\xd6\xe7\
\x00kL\x9a\xd8\xc6\xdb\x86\xe7\xf2T\xfd\xfe\xfc\xf2f\
\xf1\xf1\xb85\x1fd\x0c\x96E`\x10\x94\x87u\x9c\xe3\
\xa6(\xbfB\x9b\xc2\x0e9\x08|\x10\x10&\x15\xdf\x85\
r\x0b\x0d\xac\x09\x00V\x8f\xcb\x89j:xk\xd4X\
\xbd\xe1\x92G\xa3x(\xea\x02\xee\x8e\xb7\xad\xbf%\x10\
;\x97\xf3V\x80\x82\x92\xef\xb8\x13\xb3\x0e@&\x15u\
\x05\xaeC\xb9\x1c\xa4Yy\xec\x1b\x08R\xa9\x00y\x8a\
D\xe7\xa3:&\xaf\x95\xa3Uc\x8b\x1dZ\x12D\x0b\
y\xbdd\xef\xc3\x16~w\xfa\xd6\x94\xf4^5I\xc9\
=\x9c\x89\xc9{\xa8M\x92<^\xf7-\x9b\xeaVQ\
\xea\x12\x9d5k\xaa\x93R\x97\xaer\xf4\x9a\x8b\xf0C\
<]\xba\xda\x12v\x89A\xb0\x1b\x0d\xa3\xd5\xd5\xc6\xbb\
\xd1\xfah\xd5A \x22\x03\xc4\xb2j\x17\x91bkY\
\xc09\x15\x91\xfb\xbc\x7fO\xf4\x1eG\xfcX\xae\x0b\xf7\
y\xd9\xd2~;\x11Yk\xa9S%\x22\x8e0\xfd\xb0\
~f\x89H\xc8\xe2T\x0cTD\xc2r\xe6{\xcf}\
\x1f\xee\x5cK\xa1\xcd.\x0cEd\x96\xaa\x0ek\xa0\xca\
\x04 0>\xff\x1b\x0c\xcf\xf2\x94\x08\xf5\x1f\xc6\x97\x1b\
\xa0\x1e~\xae=\x11\xe9\x0cl\xc2\xa4\xf9\x1b\xaf\xaao\
\x88H6\xf0=\xc6)6\xd3r\xedQ\xc0\x5c\x8c\x92\
\xe8X\xe0~\xc0E\xa8\x1f\xd4\x13@)\x90%\x22\xa2\
mq\xfeU\xd5V\xfb`\xc2\xd3\xd4RV\x8c\xa1h\
S\xa0\x9b\xe5\x9c\x02\xf7EhK\x81[\x1b8wy\
#}q\x01\xce(\xfb\xad\xc00KY\x92\xb7|\xac\
\xa5\xdc\x8d\xd9\xbd\xb8\x80'#\xb4\xf5}k\xfe\x0em\
uM\xd0\x15\x93\xdb\xa7E\x08\xb3Ed\x0f\x8c\x9e\xe1\
\xf4\xe6\xb6\xa1\xaa>q\xef\xb7\x82\x8a\x88\x0d\xb0\xa9\xea\
?1\xdcB\x97oO?\xe3\x85\xb6:\x08:a\x98\
;\xd3D\xe4\xb2\x16\xb8\xdf\xcd\x00\xaa\xfa\xbf\xc6*F\
\x82\x88\xdc\xea\xfd\xf3\xf9\x80\xe2\xc0\xfc\x10W\x03\xb6p\
\xeb\x86\xd6F[]\x13\xb4WU\x8f\x88L\xc6\xcc\xf3\
\xe1\x92m4\x15O\x8bH\xa0m\xa1HU}\xf6\xe5\
=\xad\x95E\xe4v\x02\xec\x14\xaaz\x9b\xa5\xca\xed\x22\
\xb2\x0d\xf3\x0cGb\xd6\x0c\xd3T50\x89\xe8E\xc0\
$\xef\xf5Ub\x9c]\x9e\xf5\x96\xb7\x1d\xb4\xd15\xc1\
\x0a\xcb\x9c\xf9V<\xd7\x04\xc0\xe40\xfdXF\xbdE\
\xd1zN\xbd\xe7\x97\x00\x95\xde\xe3\xfd,u\x12\xbd\xe5\
\xe9\x01e\xdfDhk\xf7\x9a\xa0\x11\x5c\x06\x8c\x11\x89\
\xab\xbf\xf9lk\x81\xaa\xf6QU!\x8c\xe3\x8a\x17\xf9\
\xaa\xda\x0f\xf0E\x09\x9de9\xef3\x7fW\x04lY\
\x8f\x00\x10\x916\x95\x14\xb2\xcd\x0f\x02U}\x16\xc3\x84\
\xd6\xacD\x9cQ\xde\xe3!\x00\x11y\xbd\x19\xd7\x96\x00\
3\x09\xf0\x83\xf4\xe2|\xe0sU\x95\xc0\x8f\xf7\x5cL\
\xa8\xe7b\x856?\x08\xbc\x18\x08\x0c'\xbe\x19\x14\xbe\
\x03\xce\x11\x11\xabCJ\xa3\x12HU\x87\x03\xf8\x94>\
\x22\xe2[K\x843w\xff\x0e\xa1)\x05[\x13;\xc4\
 P\xd5\xd5\x18\xc5\xcc\xf6L\x09O\x87\xd1\xf2\xad\x09\
\xb8\xc7\x11\x98\x04\xe0\x1f\x8bH\x9d\x88L\x17\x91?\x81\
r \x9a\x0c\x99\xcf\x00#E\xa4\x13\xf0\xa2\xb7\xcdp\
\xfe\x84\x13\x00D$0Zfd\x98\xbe\xcdh\xe6\xf7\
l2Z{w\xb0\x99P\xd1\xf81\x10\x92\x8aLU\
\x87\x8a\xc8\xf3@$V\xa9\x17\x80HV\xbfH\xe27\
\x88\xd7NU\x07\x88\xc8p\xcc\x0f\xd5\x1fX\x0b\xdc\xef\
\x9d\x92\xac\xed\x95X\xae\xbd\x5cD\x120\xde\xd0\xb5\x18\
Ma\x08T\xf5M\x119\x1a\xb8\x00\xe3\x8f\x18\xa9o\
MO\x8b\xd2L\xec\xb6\x22\xee\x80\xf0N7g\x029\
\x18\xb5u7\xef\xdf{\x02\xd9x\xc9.\xc2\xa0DU\
\x1d\x11\xce!\x22\xe9@\x98\xd4\xacQ\xa1\x0a(\xf3~\
\xbeU\xd5k\x9b\xd9\xcen\xb4\x02v\x0b\x826\x02\xef\
L2\x128\x0e\xc8P\xd5\x8b\x1b\xa9\xbf\x1e\xf3\xf2\x83\
\xd9\x8d\xfe\x82\xb1\x87\xad\xc5\xe8\xc1b\x1e\xd9&\x22e\
\xd4\xb3\x15\x0f\xc0\xa8I\xba\x00\x9d-\xff/W\xd5\x1f\
\xc36R\xdfV/\xe0s\xccz\xfc\x1b\xe0\x9bx\xf4\
y7\xa2\xc3nA\xd0F \x22\x03\x80\x85\xde\xc3\x1f\
U\xf5\xd0F\xeaO\x04\x0a\xbc\x87W\xa9jh\xc8K\
l\xfb7\x18\x93\x03\x0f\x82\x15\xee\xcdi\xcb\x0e\xac\xa4\
>Rc+`M\x1d\xe9\xc6\x08\xb7o\xbc\x9fi\xaa\
\xba\xad\xb9\xf7\xdc\x8d\x86\xb1C(\x09v$\x88H\x9a\
\x88\x8c\x16\x91\x7f[\x14\x01\x8d!0a^4\xd2\xf9\
\xdb\x80\xbf\x0fo\xc2}\x9a\x8b\xc0{|\xb7\x9dm\xbd\
E\xbd\x10\xf8\x97\xaa\xa6[T\xaa\x89\x98\xd5\xd1\x87\xc0\
\x81\xc0\x07@\x95\x88\xac\xf7\xae\x9cv#\xc6\xd8\xbd\x22\
\x881Dd\x14\xf0\x05\xf5\x91J\xffT\xd5\xbb\xa2\xb8\
\xce\xe7\xda\x06f\xf6;\xac\x91\xfa\xbd1VL0\x1a\
\xcd\xc3\x80=0\xdb\x85=\x80\x5c\x8c\xee \xcf[\x96\
\x0d\xec\xaf\xaa\xbf\x84\xb6\xd68D\xe4=\xe0T\xef\xe1\
\xa5\xaaacC\xa3i\xe7z\xe0!\xef\xe1\x97\xaaz\
LC\xf5w\xa3e\xb0[\x10\xc4\x09\x22r7^R\
w\xccl\x7f\xa8\xaa\xcek\xa0~\x0a\xe0\xcbz7U\
UGFq\x8fU\x04\xfb\xc2l\x02\x8a0Y\x1e\x8a\
0\xfa\x82u\xc0z`\x0d\xf0\xa7\xaaV6\xf1\xab\xf8\
\xeeUN\xbdE\xbd\x7f\x04\x93Hcm\x8c\x00?\xcb\
q9\x90\xa3\xaa1\xcd:'\x22]1>\xc1>\xa5\
\xe8\x1c\xe0>\xe0=U\xdd\x81\x12\xa1\xb50Z\xd3\x97\
eg\xff`\x1c\xd3~\xa4\xde7i\x1a\x90\xd4@}\
\x97\xb7\xde\x0fQ\xb6\xffJ@\xdb\xd7\xc6\xf1{\x0c\x09\
\xb8\xcf\xbaf\xb6\x91\x86\xd1\x05h\x84\x8f\x07\xf3\x02?\
\x0e\x9c\x02tj\xc6=\xc6\x05\xb4\xb7\x0d8\x09c\x9a\
\xab\x0d(_\x05\x5c\x08\xd8[{|\xb4\xa5\xcfn\x1d\
A\x1c\xa1\xaa5\xaaz\x08\xc6\x1bf3p\x08P+\
\x22\x91r\xd7TE(\x8f\x84@=\xc1\x11\xcd\xe8b\
\xb48<\xc2=\x9b\x82/\xf0'n\xe0r\x0d\xd5\x09\
\x1c\x82q\xf2\xdc\xdb\xfb\xff:\x11\x89*\xd3\x977\xbc\
\xebs\xc0G\x07\xf3\x1d\x90\xa6\xaa\x1f\xa9\xeaE\xaa\x9a\
\xec\xbdO\x0f\xe0g\x8c\xa3\x87KDJ\xbdJ\xd0\xdd\
hmI\xd4Z\x1fL\xbe\xe1\x0b1ai/bL\
p\xb7`B\xc9\x22\xce\xda\xdby\xcf\xbfR?3\x95\
\x01},\xe7\xd7\xd2\x04\xafc\xcc\xb6\xc0\xd7\xde\x968\
>\xab\x0f\x02\xeesQ3\xae\x7f(\xe0\xfaWc\xdc\
\xb7>\xd4{z+pa\x94\xd7}\x18pM~k\
\x8f\xc7\xd6\xfe\xb4z\x07Z\xec\x8b\x9a\x98\x90\xf7\x08^\
\x8eVcLb\xd3\x81?\x09]\xaeni\xce\xc0o\
\xa4\x1f6L\xac\xac\xef\x1e\xefc\x22\xd4\xc0\xa4\x85j\
R\xf8\x01\xc1a\x11\xef\x03\x9fb\x96\xd8ea\xbeO\
\xe0\xe7?M\xb8GE\xc0u}\x9a\xf8}\xcf\x08\xb8\
v1^\xbdT\x8c\x9e\xe5\xcd\x01m\xd75\xa5ox\
C?\xbc\x9f\xbf\xb6\xf6\xf8l\xedO\xabw \xee_\
\x10\xdaa\xec\xf3\xbe\x1f\xfdA \xa1\x91k20a\
\xa3\x81/N\xa1\xef\x85\x8dQ\xbf\xb21\xb6t\xdf\xfe\
\xf8\x0c\xcc\xb2\xb5\xa9\x82\xe0\x01\x8cB\xecC\xe0i\xe0\
vL\xa4\xc3\xb1\xc0 \x9a\xb1\xd7n\xe0^Mz\x89\
1\x16\x0bW\xc03\x9c\x07\xdc\x0b\x1c\x0d\xa4nG?\
\x92\xbcm\xf9\xda\xfd\x11\xa3\x14\xf5\x1dWz\x9f\xc5\x88\
\xc0>{\x85\xf0\x85\x18\xfd\x81\xaf\xeemQ\xdc/\x1d\
\xa3\xdf\xb9\x1dHl\xed1\x1d\x8fO\xabw \xae_\
\xce\xfc\xf0\x1b\xa8\x9f\xfd\xb3\x9b\xd1\xc6m\x16\x81pb\
\x8c\xfbx\x0c\xc6\xaf>\xf0\x1e\xdf\xb5\xf6\xb3\x8b\xf1w\
L\xc50y\xdc\x83\x09\x1f\xb3~_\xc5(\x12?\x01\
n\xc0\x12\xcciikD\x80p\xf1\x00\xc7X\xce\xdb\
\x81w\xc3\xb4\x1f\xf8\xa9\xc2Xt\x1aT\x18z\x05\xce\
\xc7\x01\xd7\x95\x01\xfb\xb6\xf6\xf3\x8c\xcbo\xd4\xda\x1d\x88\
\xf3\x00<.\xe0G\xfcp;\xda\xc9\xc0\x98\xe3|m\
\xc5\x5cC\xef\x9d\xc1s[\xfb\x99\xb5\xd2\xef\x94\x89\x09\
\xe2}\x06\xe3\xb6|F\x84zO\x05\xfc\x06K0\xb4\
\x05\xe1\xea\xbd\x18P\xef\x94f\xf4G,mT\x03G\
\xb6\xf6s\x8a\xebo\xd0\xda\x1d\x88\xeb\x973\xcbo\xdf\
\x8f\xe9\x02\xbalG[\x1d0\x09\xda|\xed\xf5\x8cy\
\x7f\xdfZ\x90\xc4]\x1a\xb3\xed\xc7\xce\xf2\x01\x921f\
?\xdf\xb3\x0fKK\x11P\xff\xb5\x80\xba\xa3\x9bx\xaf\
\x7f\x06\x5c\xeb\x06\x0aZ\xfb\xfb\xb7\xc4g\xa76\x1f\xaa\
\x09b\xf1\xd1C\xd9\x81\xc5\x22b%\x9f\x8b\xb6\xad\xad\
\x04\x13\xe2\x1d\xb8\x9d\xdd\x0b\xbd\xc7\x98\x81uzg\xa3\
\x998v9\xa8j\xad\xaavWc\x02\xb4\xa9jc\
\x19\x89\x02\xdd\x905\x9a{\x88\xc8E\x22\xe2\xa1>\x01\
\xe3\x8d\xaajW\xd5\xa8\x12\x13\x8a\x88]D\xfe%\x22\
no\x1c\xf9\xbdq\xa6R\x89)v(\xbfm\x11\xe9\
\x03\x1c\x8aYJ\xae\xc78\xde\xaci\xe8\x1aU}F\
D\x96b\x92$u\x01JE\xe4\x1eU\x0d\xcdl\xd4\
\xf0\xbdS1[\x0d0\x1a\xea\x8f\x9a\xda\xff\xdd\xd8~\
\xa8w\xdan\x04Q\x0b\x02\x119\x11cM\xf2\x85n\
\xffGU\xa3\xce\x84)\x22\x87b\xfc\x1e\xac\x996\xf7\
\x8e\xb2\xafm\x02m\xda\xc5\xd8\xebv\xfb8p1\x0d\
\xb3\x92T\x00\xa7\xab\xea7\x0d\xb4\xe5\xdb\xf7]\x10P\
<\x19\xb8R-\xe9l\xc2\x5c;\x0ecE\xb0S\xaf\
0Z\xd7\xd05-\x89b\x91\x1e6\xe8\xa3\xc6a\xa6\
\xbb\x07z\x08t\x07\xb20D\xa0\x19\x0d6\xd00\x9c\
\x18\xd7\xe5M\x0a\xeb\x04V\x8aY\xd8\x99\x1c\x89\x00\x00\
 \x00IDAT\xa6\xaft\xc1\xcaZX\xd8K\xb5\
\xb9\x1c\x06q\x81\x88\x1c\x87q+\xde\x0f8IU\xad\
\xf4\xc5\x88\xc8\x81\xc0W\xd4G=\xbe\x8da\x9fu[\
\xeb\x86\xb9\xb6#\xf02p\x9a\xb7\xa8\xcc\xfb\xf7\xa5\x98\
\x88\xd0\x22`OU\x8d&\xb3j\x9b@\x9b\x14\x04\x22\
\xd2\x03\x13\xab\xde\x0f#\xd1\xef\x05\xee\xb4\xfeH\x22\x92\
\x861\x9b\xf9\xbc\xea>S\xd5F\x13a\x8b\xc8x\xe0\
?\x04\xb3\xd1\xb91v\xee\xf5\x18\xa1\xd3\x97`?\xfe\
?0\xfbEk\x8a\xc6\xb8a\x83H\x9a\x1bF)\x8c\
\x108\x18C\xea\x1a\x9ak\xabmb=\xf0\x93\x1a\x1f\
\x8d\xa990\x976\xe0\xeb\xef]UN\xa5>\x16a\
*p\x9cF\x11\xe2,\x22\x17aX\x87|<d\x9f\
a\x9c\x916\x8b\xc8\x03\xc0\x8d\x98\xf1\xda_U\x97\xc6\
\xbc\xf3qD\x9b\x12\x04\x22r\x18\xe6\xc5\xee\x84\x09J\
\x19\xad\xaa\xd3\xa2\xb8\xee'\xe0 \xefagU-o\
\xc2=\x930v\xed\x83\x80^\x18SW%\xb0\x1c\xe3\
N;C\xbd\xa9.\xe3\x02\x11Y\x07\xc3\xed\x86q\xe8\
\x0c\xc2\x10\xea6\x05\x1e\x9bmser\xfb\x0d\x1b:\
en]\xd3u\x8f\xba\xd2\x8c,J:f'\x14w\
v$\x16u\xceM\xd9\xd8\xa1K\x8a\xc7&I5I\
)\xba-\xa5}\x1aj\xf6\xb1\x82\xa76\xbdjK\x9d\
\xdd\xe3\x92dg\xdd\xb6\xec\x8a\xd2ZGYQ\xad\xa3\
\xbc\xd8\x99\xb3\xa9\xc8\xe3(/\x91\xdc\xb2u)]\xb6\
\x96uJ\xae\xabu\x08\x9a\xbc=\xdd\x04\xa6\x0b\xbc\xed\
\x84w\xf3Zhu\xe5\x9d`^\x04\x8e\xc4\x08\xf6Q\
\xaa\xba\xb1\x91k\xfaaV\x0b\xfbx\x8b*\x80\x0bT\
\xf5\xbd\x80:\x17\x00/y\x0f\xcfU\xd5\x06\xd9/E\
dO\x0c\xe3\xf5\xbf\xb4\x11\x02\x97\x96B\x9b\x10\x04\x22\
\x92\x88Y\xa6\x05F\xdc\xbd\x8cY\xb6W\x87\xbf\xca\x7f\
\xedX\xbc\x8c\xd1\xc0\xdd\xaazGC\xf5[\x13\x1bE\
:8M(\xefx1v\xf5\xa8\xa0\xe0\xaaH\xeb\xb8\
rn\xaf!\xe5\xdf\xed{x\xfbO\x0f8\xae\xc7\x9a\
\xcc=\xd3\x1a\xbf2\xf68!7\x99[\x06\xa5qP\
\xd7$\x12,\x9b\xb5\x92\x1a\x0f?\xfe\xb9\xa1\xea\xc7\xfb\
\x9e\xfe\xed\x88\x9f?v\x0dZ\xb5\xc0\x91ZW\xd3\x93\
\xe8\xc9&k\x81\xff\x09<\x97\x0d\xdf\xd0J\x83\xd3;\
9<H0\xf3\xe8\x8b\x18\x02\x98jK\xdd\x81\xd4\xf3\
$\xfeWU\xaf\x88\xd0\xa6\x1d\xb8\x0b\xb8\x95z\x1e\x90\
\xff\x01\xe75e\xe2\x8a\x17\xda\x84 \x08\x84\x88\x9c\x8d\
\x89\x18\xf3\x0d\xf4\xcd\x98\x87\xf5\xa1\xa5\xde L K\
$\xa6\x9c:\x8cG\xe1o\x18\xb2\xcb_\x81\xdfT\xb5\
\xa8\xc1\xfb\xbf\xb22E\xcf\xefQ\x13U_\xff\x89\xad\
!-\x7f\x89\xc8Q\x1e\xb8N\x8c\x8f@c/\x83\x96\
u\xe8\xbc\xe8\xedC\xc7l}\xe9/\xe7\xf7[\x95\xdd\
\xbds4}h>\xc2\xfd\xee\x12|\xda{\x98\x95l\
\xe3\xc5\x83:qBn2\xb6(^\xe9\xefJ\xea8\
\xe2\xebM!\xe5v\x8f\x9bC\x17\xfc\xb8\xec\xd2O\x9f\
-=\xf4\xf7\xa9=\x12\xdd\xae\x88\xfc\x89\x01\xa8\x00^\
Tx2GuU\xb8\x0a\x8d\xfd\x0e\xd1\xc2\xab[x\
\x1d\xa3W\x01\xe3\xabp\xa6\xaa\xfe\x16\xa1~2&>\
\xa4+0OU\x87\x84\xa9s\x18F\x17\xe5\x1b\xa7E\
\x98\xedD\xab\xe6\xb8\xb2\xa2\xcd\x09\x02\x1f\xbc\xfb\xff\xe7\
\x81\xb1\x01\xc5\xdf`Bo\x9f\xc1\xec\x95\xd7\x00\xc7\xaa\
\xeaB\xef5\x09\x18.\xbd\xc1\xc0\xbe\x98\xf0\xd9}1\
\xfe\x04\x81\xf8\x158\xde'\x14\xe4\x95\x95)\xd8S\xed\
:>\xbb\xa9\xd1\x7fA(\x119J\x8d>\xe3\x80\x86\
\xeay\xc4\xb6eF\xff\xe1K\xef.\xb8=g^\xef\
\xfdB\x13\xab7\x0a\x8d\xd2(\xd6|\xd8\x04\xfe\xbd_\
:\x17\xf4nG\xd7\xe4\xa6Y\x99\xb7\xb9\x94\xc1\x9fl\
`Ye\xa3z7\x00\xec\x1e\xb7\xe7\xf8Y\x9f\xcd\xbd\
\xe5\xad{\xebz\x16\xaf\xd8_\x1a\xb6fy\x80w\xdd\
p{\xb7\x08\x9c\x08\xf2\xca\xcaNz~\x8f\xcdM\xea\
\xb4\xefZ\x91K\x81\x14U}<\x8a\xba_b\xb6\x95\
\xd5\x98\xd4\x5c\xe5\xde\xf2N\x98qz\x8a\xb7\xaa\x02\xff\
\x06n\x8fF\x19\xd9\x1ahQA\xe0\xb5\x02\xec\xa7\xaa\
M\xe2\xea\xf6\x12Z\xbcE\xb0\x89\xe6.5\xa9\xa4Z\
\x0dkE\xfa$\x18\xb7\xd93\x1b\xa8\xe6Y\x99\xd5\xe3\
\xb7\xbb\xc6\xdf\x95\xfe\xf9\xd0cz7P/\x18\xea\xff\
\xa7Eq^\xafTn\xdf\xa7\x03\xbd\xd3\x1a\xb7,\x97\
\xd5y\xe8\x94h\x0b\xbbJ\xb8zv\x05O,\xb6\xc8\
\xd5&\x98\xd5\x93\x5c\xb5\xceK>}~\xf6\xb5\xef=\
\x9a\xd9\xae\xb6\xbaW\x03U\xab\x80\x87]\xf0@^\x98\
m\xa4L\xd9\x90\xa6c2\x9bE\xc6\xd2\x10,\xc43\
CTu\x9e\x88\x9c\x82YQ\xf8,\x11\xb3\x801\x1a\
a%\xd3\x96\xd0b\x82@D\x8e\xc7\xf8m\x0b\xc6\xa7\
\xfc\xa4\xa6\xdaY\xbd\xfb\xac\xdb\xbd\x1f\xdf4\xe5sI\
\xfd=\x86\xdd\x8d\x88b\x93\xfd\xe2)\x22+\xf5<\x8b\
\xf3\xfa\xcf\xbb\xf4\xeag\xf3\x16w\xeb\x17\xc5\xd27\xfe\
\xb3{c\xd8\xbbc\x22\xcf\x0e\xef\xc8\x88\xcc\xc8\xe9w\
*]\xca[\xab\xaa\xb9jv\x05\xdb\x5c\xf5\x1d\xbem\
\xef4&\x0c\x0e\xceD\xbf\xbe\xdaM\xff\x0fK\xa9t\
5\xf6\xc5\x04\xd0\xa8\x05\xc4\xf1\xb3?Y\xf0\xd83\xd7\
%\xa4Wo\xe9\xdb@\xb5O\x15\xae\x8c\xb4\x8d\x88\x05\
D\xe4d\x8cR\x1b\xcc\xac\x7f\x1c\xf5\x8ek\x95\xc0%\
\xaa:)\xdc\xb5m\x15q\x17\x04b\x12A~\x8eY\
B\xf9\x82D\xbe\x8eA\xbb{b\xb4\xb9\x81)s\x9f\
\xc3(t\xa2\xc9H\x125JD\x0a\xd4\x98\x8d\xc2&\
\xbf\xda\x96\xdc~\xf9\xd5\x97=^\xfb\xf1\x81'\xec\x1d\
U\x83md;6ap\x07\xae\xec\xd7\x9eNI\x91\
\x97\xfe?o\xac\xe3\xa2\x19\x15\xfc^\x11\xdep\x92\x9b\
j\xe7\x8f\x93\xb3\xe8\x98X\xff2\xbf\xb8|\x1b\x17\xcd\
h\xd6\xca\x1c\x10\x90\x00\x05E\x04\xa4\xd4U;'\xbc\
~\xd7\xdc\x82o\xdf\xd8KT\xc3\x92\xc4\x0a\xcct\xc1\
y\x91\xb6\x10\xcd\xea\x9d\xc9\x8f\xbd\x9a\xd0\xdc\x11\x131\
\x5c\x8e\xdb\xb5\xbdl-\xc4U\x10x\x9d6\xa6a\x1e\
\xda\x0c`d<Lq\x16\xfbn)f\xff\xdf,\x92\
N\x1fJD\x8eTc\xb9\x08\xbb\x87_\x91\xdd\xf3\xe7\
\xd3\xff\xf1N\xff\xe2\xce\x8e\x86\x95z\xad\xb4\xc4\x8f\x84\
\xb4\x04a\xca\xc8\xce\x1c\x9b\x93\x1c\xf1Us+\x14\xae\
\xdc\xc6\xf9?m\xc6\xd3H\xd7\x1f\x1a\x9a\xce\xf5{\xd5\
\x1b06\xd5y\x18\xf8\xbfRJkb\xe52 ^\
\x99\xd0\xb0p8q\xd6g\x0b\x9ez\xea\xf2\x0e\xc9\xce\
\xdaH:\x97\x8f\x04.\xceV-\xdd\xae\xde\x88\xb4\x03\
\xde\xc1\xac\x02V`\x96\xfes\xb6\xa3\xbd\xce\xc0P\x8c\
>k\xa8\xf7\xd3\x87P\x86\xf1\xd7T\xf5\xbc\xe6\xde\xa7\
\xd1~\xc4K\x10x3\x09\x9e\x13\xe6\xd4VL\xac\xf8\
\xbfU\xb5\xb9\xd3F\x5cP&\x92^\x0b/K=[\
o\x10\x96v\xeb;\xfb\x94;\xde\x1fT\x9e\x96\x11\x99\
\xa6\xbc\x8d\xcc\xf6V\xf4OO`\xd2\xa1\x19\x0c\xc9\x88\
\x94\x04\xc9\xbcj\xef\xac\xaea\xec\xb42\xdcQ|\x8d\
\x8c$\x1b\x0bN\xca$'\xb5>\xc9\xf3c\x8b\xaa\xb8\
vN\x9c\x1d\x0d\x1b\xd9J\x1c\xb4h\xc6\xf2\xc9\xf7\xe7\
\xdb\x93\xebjC\xb6o\x0a.\x81\xdb\x1d\xaa\x0f\xc4\xad\
\x7f\x80\x88\xe4\x02\xfb\x07|\x06b\xfcT\xc2\xa1\x12\xa3\
\xc0\x9e\x86\xe1V\x98\x8a\xe1Lx\x03\x18\xe3\xads\x87\
\xaa\xde\x1d\xb7\xfe\xc6Z\x10xi\xb6\x7f\xc1\x909,\
\x03\x86\xaa\xeaVo\xb0\xcf\x0d\xc0\x95@\xe0\x8bT\x0e\
<\x06<\xae\xad\xe4\xaaZ\x22r\x92\x9a\xa5]\x88m\
\xbe<-\xe3\x8fc\xee\xf9,gm\xd7=\xbaDl\
\xa0\x8d\xbe\xfc\x00\xa3\xf3Rx\xfc\x80\x8e\xf4h\xdfp\
F\xf6/\x8bj\x19\xfd}\x195\xd1H\x00/&\x1d\
\x9a\xc1\xd8\xee\xa9\xfe\xe3\xefKk9\xfc\xcbP\xb3a\
\x5c!\xfe\x7f\xc2\x22\xff\xfb\xc9s\x1f~\xfe\xfa\x1e\xa2\
\x1a\x8e\xffpv-\x9c\xda\xbd\x11\x93r\x83\xb7\x17\xe9\
\x86y\x89#\x8d\x8f\xd5\x18?\x03\x9f\xc7\xeb\xc3\xaaz\
C\x03\xedu\xc1\xe8\xd0|Am\xb7\xaa\xea}\xcd\xed\
_\xb4\x88\xa9 \x10\x91{\xa9\xcf\x0b|\xb3\xaa\xde\xdf\
@]\x9f`\xb8\x82\xe0\x17p3\xf5\x82!~+\x06\
\x11{\xb1\x89c\xb8\xdczJ\x91\xaa;\xce\xfd\xd7\xc2\
\x17\x8e\xfdk\x03\x11\x86\xad\xaf\xe4k\x08C;'2\
\xe5\xb0\xce\xf4JkX\x00\xfcPZ\xc7\xc9\xdfmb\
\x8b\xb3i_\xe6\xe4\xbc\x14\xde=,\x83\x04\xaf\xc9`\
\xd9V\x17\x83?\xd9\x10\xa4HlyHD\x99\x90Z\
[]\xfb\xde\x84\xd3\x7f\x1d\xfc\xe7\xaf\xe1L\xbb[m\
pv\x96\xea\xe7\xcd\xbe\xb3\xf1Z\x5c\x15I\x01\xee\xdd\
R\xcc\xc1\x98\xb7\xd7\x02\x83\x03c\x5cD\xa4/\xc6/\
\xa6\x87\xb7\xe8\x16U\xfdws\xfb\xd3T\xc4cEp\
,\xc6qg}\x13\xaf\xcb\x04\xae\xc7\xac\x18\xac\x82\xe1\
q\xe0\xb1X\x08\x86e\x22\xc9\xeda\x92\xd4\xdbx\xfd\
\xa8JI[:\xea\xfeo\xbb\xae\xeb\xda-\xbcto\
\xc33\xbf\x0f\xc7\xe6$\xf3\xd0\xd0\x8e\xec\xdd\xa9a\xf3\
\xdf\x0f\xa5u\x8c\xfen\x13\x15M\x14\x00\x00I6a\
\xfe\x89\x99\xf4O7\xf7(\xaf\xf3p\xf8\x97\x9b\x98\xbf\
9~\x9e\xd8\xcdB\x84-\xc4)3>\x9c\xfb\xdf'\
/\xef%\xaa!i\xd6\x04\xae\xc8V\x8d[\xe2zK\
\x82\x97\x8b0\x0eo\x9fb\xf2FB#\x13h\xdc\xfa\
\xd5\x86\x1d\x8a\xbaR\xbf\x95\x08\x14\x0c\x13U5\x9c\xee\
\xa1A\x14\x89\xb4\x13\x13:<\xcaz\xee\xe7\xfe\x07\xfe\
|\xfa\xed\xef\x1e\xe4\x91\x08~sm\xf4\x19\xf9\xd0.\
Ax\xe7\xb0\xce\x1c\x9b\x1bY\x01\xe8\xc3\xf7%\xb5\x9c\
\xf2}Y\xb3\x04\x80\x0f_\x1d\xd5\x85\xa3\x1c&\xd4\xa0\
\xd6\xad\x8c\xfd\xb1\x9c\xf7\xd7D\xe5\x8c\xd9:\x88 \x10\
\xf6\xdc\xb0\xa6\xe4\x87\x1bGnKv\xd6v\x0fs\xfa\
VG\x9c^H\xaf\xfe`>\xc1\xdb\x89\xbfk\x9c\xf5\
\x16\x0d\xa1\xcd\x0a\x02+\xbc\x82!'\x92\xbb'\x80L\
\xf9#I\xc7\x0c\x0c2\x1d\xfe!\x92\xd4\xd9hyO\
\xb0\xd6\xffh\xf8\x89\xb3/\xbe\xfa\xf9\xc8\xcb\xff6\xfe\
l\xf2Rm\xbc5\xb23\x07w\x8dl\xff\x07py\
\x94I\xab\xaa\xb9\xe0\xa7\xcdQ)\x01#!-A\xf8\
\xf1\x98\xae\xec\xebU8*p\xfd\x9c\x0a\x1e]\xb4\xa3\
X\xcc\xc2o\x1d:Vm\xae\xfa\xe9\xbaCVdT\
\x96\x0f\xb4\x9cR\x85+r\x9a\x99\xde-l\x0fD\xce\
\xc1X\xa3|K\xb6\x9bT\xf5\xc1\x18\xb4\x9b\xa2\xaa\xcd\
\x96\xc6\xcd\x16\x04\xde\xc4\x10\xefa\x02'\xa6\x00\xd35\
\x8ea\xa62\x05\xbb\x8e!\xac{f\xa4\xf8\x80\x22\x91\
G%8p\x04\x80\xf7F\x9c6\xfd\x8a+\x9f\x0a\x9f\
m\xb8\x8d\xbf\xfc\x19I6\xee\x1f\x92\xce)y)d\
\xa54\xec\xfa\xbb\xa2\xd2\xcd\xad\xf3\xb60yU\x83q\
[Q\xe1\xe0\xcc$>>\xbc3\x19\x01>\x07\x0f/\
\xac\xe4\x86_\xb6lw\xdb\xad\x820\xab\x84\xf4m\x15\
\xdbf]3|e\xfa\xb6-\x03,\xa7\xea\x80\x13\x1c\
\xaa\xdf6\xffv\xf2\x7f\x98\xd0w\xdf\x8doS\xd5{\
\x9b\xd1N\x0a\xf0\x17`<f{\x1b8\x0b\x8cQ\xd5\
\xb7\x9b\xd5\xbf\xed\x10\x04\xd7b\x5ck\x0f\x22\xd4\xe6\xb9\
\x19\xe3E\xf8>\xf0iK;Y\x14\x89\x9c!&\xd0\
#\xa8_3\x06\x1c<\xe3\xb4\xdb\xdf\x19\x11\xf6\xa26\
 \x00\xda%\x08\xfd;$0\x223\x89\xdei\x09\xf4\
\xec`\xa7wZ\x02=\xd2ltH\x88\xce\xdf\xbf\xd6\
\xad\xbc\xbf\xb6\x86\x0bgl\x8e\x99\xe2.\xd1&,8\
1\x93\xbe\xe9\xf5z\x87\xd7\xfe\xdc\xc6y?\xb5)\xeb\
o\xf3\x10\xc6\xea\x90Y\xb1\xa1|\xf65\xc3\xb6$9\
\xeb\xf6\xb0\xd4^a\x83C\xb2\x0c\x05\x9e\xefrA@\
5\xb2\xeaXD\xae\xc3$\xd2\x01C\x81\xf6P\xa4\xba\
\x96\xeb\x06cL\xf0\xf9\x842 \xb90\xca\xc5\x89\x98\
\xa0'_l\xc4)\xd6\x00\xbd\xa8\xee\x15c\xabA'\
\xcc\x12\xfc4\x8c\xb9\xc4jow\x03?`\x04\xc4\xfb\
\xaa\xba:f7\x07\xd6\x8atN\x84\x19\x0aA>\xfd\
[\xda\xa5/\x1e\xf2\xe4/=\xb7%\xb7K\x09\xb9\xa8\
\x85\x05\xc0^\xe9\x09\xfc}P\x1a\x87d&\xd1\xa7C\
\xec\x98\xe2\xe6\x95;\xb9jv\x05\xd3Jc\xeaT\x09\
\xc0Y{\xa6\xf0\xe6a\xf5~S\xdf\x14\xd7rT\x98\
\xe8\xc2\x1d\x17\xe1\xb7\x0c\x07\xff1}\xe1;\xf7\x9c\xb9\
\xa7\x18\x8e\x8a@<\xe5P\x0dZi\xca\xe4\x8d\xb9,\
\xeeZ\x1c.\x0aR\xa6L\xb1s\xd6Y\x89\x91\x96\xee\
\x22\x92\x81\x99T\xcf\xc1P\xf1Y\xa5\xfeR\xcc\x0b?\
QU\x97\x11\x06\x22r\x05\xc6\xf5\x1d\x8cC\xddg\xe1\
\xeaEB\x8b\xe8\x08\xbc1\x02\x07b\xbc\xb1\x8e\xc5D\
\xe7Y\xedZK0[\x8d\xf7\x81\x9f\x9b\x1a\x87P$\
2A\xeaM\x97\x00(R}\xf2??,\x9e\xd3g\
\xff\xd0`\x9f\x16\x12\x00\x03\xd2\x13\xb8i`\x1a\xa3\xf3\
R\xe8\xd2\xc4(\xbe\xc6\xb0l\xab\x8b\xc7\x16U\xf1\xd4\
\x92\xf8.\xb8\x9e8\xa0#\xff\xd7\xbf^\xa6_5\xab\
\x82'\xe3|\xcf\xd6Ax\x81\xf0\xfc\xe3\x17O=i\
\xe6\xc7\x87X\x8ak\xdcpH\xb7\x062\x5c\x07\xb5\xfc\
\x5cQ;\xbd$g\x9b7,\xf9\x5c\xcc\x8bouY\
\xaf\xc2\x8c\xffB\xcc\x84\xb9\x18\x13\xbe\xfc\xb5\xaa\x1e\xdd\
\xe8=D\x9e\xc3\xd0\xfay0\xd4\xf8%\x8d\x5cR\x7f\
m\x0b\xc4\x1a\x08\xc6M\xb7\x0f\xc6\xb3*\x0f\xf3\xe5r\
\x03\xfe\xce\x0a\xb8\xa4\x04\xe8\x11Nz\xca\x94)v\x1d\
3&HO\xb0Z$#\xc980\x05y\x91};\
\xf8\x88\xe9\x057M\x0c\xd5\x03\xc4\xf9\xfb\x1e\xd45\x89\
\x1b\x07\xa6q\xa4#\x89N\x89\xb1}\xf1]\x1eev\
\x99\x93\xe7\x96m\xe3\xe5\xe5\x8d2k\xc5\x0c\xef\x8f\xea\
\xcc)y\xf5\x8b\xa9\x16\xf1\x1elM\x84\xd1\x1ft\xa8\
\xde\xba\xf5\xb7\xcb\xf7-Iv\xd6\x06y\x07*\xbc\x90\
\xa3ziT\xcd\x9a\x95A\x1f\x8c\x83\xd1/\x98Y~\
r\xa4\x17\xd6\xeb{\xf0'&\x8c\xfe\x1bUm\x90\xcc\
FDN\xc2\xe8\xec\xc0\xc4\xdc<\x19M\xbf\xa0\x09\x82\
\xc0\x1b<\xb4\x07\xe6\x85\xee\x83\xe1\xf4\xf3\xfd\xdd\x9bz\
\x1e\xb7H\xa8\xc3\xf8f/\xc7x\x1c\xfa>\xcb\x81\x15\
\x8d\xc5 xCQ\x82:[l(\xa2\x82l\xbe*\
\xb2\xf5\xb0\x87\xa6V-w\xf4\x0a%,\x89\x83\x10H\
\xb1\x0bO\x0f\xeb\xb8]3\xbe\x02\xab\xaa\xdc,\xaap\
\xb1\xbe\xdaMY\x9d\x87\x0d5\x1e\x96W\xba\xf8\xa5\xcc\
\xc9\x8a(\xe3\xfa\xe3\x85\x1f\x8f\xed\xca\x88\x00\xcbD\x95\
K9{Z\x19\x1f\xaf\xabm\xc5^\xb5\x00\xc2\x08\x84\
\xbb_\xbbc\xeaE\x9f\xbf`]\x1d\x94\xd9a\x9fL\
\xd5\xe2\xd8\xddZR1\x9c\x88\x81\xac]\xb5\x98<\x8d\
\x13-u;\x01\xff\x02\xae\xf2\x16Ub\xc8S\xa3\xa7\
\xec\x8bF\x10\x88\xc8l\x8c\xbf\xb4\x0f\x0b1i\xa5\xd6\
br\xce\xad\xc3\x90U\x964\x97\xc2Y\xc0\xa6D\xcf\
2S$\xf2\x9e\xc0\xe8\xc0\xb2\x05\xdd\x07\xfd|\xf4\xbd\
_\x1e\x1cR9\x0e\x02`\xff\xce\x89\xbczp\x06\x83\
\x1aq\xdc\x09\xe9\x0a\xf0\xdbf\x17\x9f\xac\xab\xe1\xdf\x0b\
*\xa9p\xb6:\x9fg\xa3\x18\xdf3\x95\xe7\x86w\x22\
\xc5\x1e\xfcb(\xf0[\xb9\x93O\x8bj\xb9\xef\xf7\x1d\
\xe3\xbb4\x1d\xa1\xdb\x85\xac\x8a\x0des\xffo\x88\xd3\
\xe6\xf1\x04\xe5\xc8\xb0\xc1\x98,\xd5w\xb7\xebnf\x05\
\xfd\x12&\x7f%@1&e|'\xcc;\x17\xce\xe7\
\x81\x80\xba\x97\xab\xea\xfbM\xbeo\x13V\x04=0J\
\xc0S\xbd\x1d\xb3\xee\xf1Wc<\xa4>\x05\xbeh\x8c\
k\xb0\xb9(\x13I\xaf\x83EXX\x87n\xba\xf0\x81\
9\xaf\x1fu\xce\xb0\x90\x0bb,\x04N\xdf#\x85\xff\
\x0c\xebH\xb7\xd4\x86]w}p+\xcc.sR\xb8\
b\x1bO/\xa9\xa2U=p\xb7\x13#\xb3\x92\xb9}\
\x9f4\x0e\xcbL\x22\xd9\x1e\xdeI\xe7\xcfJ7\xef\xae\
\xa9\xe6\xf6_\xb76)n\xa1M#B<\xc3O\xd7\
\x1e4\xb3G\xe9\xea \x97e\x85\xe7sT/k\xd6\
mDn\x02|NL5\x18\xa5\xdfw\x0d\xd4\xb7\xc7\
\x8a\xf1h\xbbu\x04\xde}\xccQ\x98(\xa9\xd1\x805\
\xb8\xc3\x8d\x09A\x9e\x02\xbc\xa3\xaak\x9b{\xaf\xf5\x22\
\xfdm&\x0b\xae\x7f\x9d\xaa\x22\x15C\x9e\x9cKI\xa7\
,\x0bw\x7flc\x01\xf2Rm|vd\xd7\x06W\
\x00\xe5u\x1e\xe6\x969\x99U\xe6\xe4\xc5eU,\xdd\
\xda&Y\xa9b\x02\x9b\xc0\x0d{\xa5qe\xbf\xf6\xec\
\x19!\xa0i\xb3\xd3\xc3\xdb\xabj\xb8jv\xc5\xce!\
\x14\xc2\x08\x84\x9b\xdf~\xe0\xc7k\xde{\xcc\xba\x0a\x9d\
\xea\x80#\xa2%_\x15\x91\xd1\x18\xa77\xdf\xe0\xbaZ\
U\x9f\xd8\xce\xde6\x09\xf1\x0cC\xb6a2\xd7\xfaV\
\x11\xe1B0\x17`\xa4^\x83\xd9\x8a\x00JE\x8e\xf6\
\x18\x82\x13?j\x92RV\xf4}aI\x0f\x97=!\
`$\xc6>\x18(\xbfG*/\x1f\xd4)\xec,\xb8\
x\x8b\x8b\xfb\x16l\xe5\xd5?\xe3\xb2\x00\xda!\x90l\
\x13\xfe{`G\xce\xee\x91J\xbb\x08+\x85\xb5\xdb\xdc\
<\xba\xa8\x8aG\x16\xc6\x9c5\xac\xe5a\xd1\x1d\x1c>\
\xff\xbb\x05\x93\xee/\x18@\xb0\x94XU\x09{\xf5Q\
mT\x91\x22\x22G`\xf88\x9fV\xd5+\x9b\xdf-\
I\x00\x86cH\x80\x8e\xc2\xf8\xf8\xf8\xe2\xce\x15\xe8\x17\
\xd1\xfc\xd8\x1a.\xc6\x22\xd2\x0b#\x1c\xe6\xab\xeaW\x8d\
\xd5/\x11\x19\xad\xc6\xb4\xe8\xc7\xba.\xb9s\x0f\xf8\xcf\
\xec\xfdC*\xc7\xf8\xfb\x1c\x9a\x99\xc4\xe7Gu\x09\x1a\
\xe0N\x8f\xf2\xe6*\xe3\xb4\xe3l\x8c\xb9c\x17\xc3!\
\x99I<?\xbc\x13{u\x8c\xbcr\xfa\xba\xb8\x96\x13\
\xbf-\xa3vG}va\x94\x88{l\x5c[<\xf3\
\x9a\x03\xd3\x09P\x9a\x0b\x14y\xa0_N\x14\xc9S\xa2\
\xbf\xb5t\xc3\xbc\xe8\xbe\x97='B\xd5\x22L\x8a\x80\
\xaf\x81\xaf\xb4\x91\xdc\x11a\x05\x81\xc5\x0cq\x96\xaaN\
\x09\xa9\xd4B(\x169\x13x3\xb0l\xb9\xa3\xe7\xac\
C\x1f\xfeqxH\xe5\x18\x0b\x81T\xbb\xf0\xeb\x89\x99\
\xf4\xf5:\xfeT\xb9\x94G\x16Vr\xc7\xfc\xad1\xbd\
\xcf\xce\x88\x9cT\x1b\x1f\x1d\xde\x85\xa1\x9d\xc3\x13\xa1\x94\
\xd7y8\xe9\xbb2\xa6o\x88\xbd\x03T\xcb \x8c\x12\
q\xf3\x86M\xf3\xae\xdc/I\x08\xa2N\xdb$\xd03\
;J\xefZ\xef\xac>\x98\xfa\x97}$\xc1n\xc4>\
\xb81\xdb\xe4\xaf\xbc\x9f\x1f\xb6\x87\xa2/\x92 \x98\x8f\
\xc9\xec2WU\x876\xd0\xe93\x80\xc3\x81\xdf\x817\
\x1as%\x16\x91\x8b1D$sUuyc\x9d+\
\x16\x19\x85Y2\xf9\xb1\xa4[\xdf\x9fG=\xf0\xbde\
O\x16\x1fn\x80wGv\xe6\xb4=Rpz\x94'\
\x97Tq\xdd\x9c\x1d\xd4\xaf\xbe\x15qP\xd7D&\x1d\
\xda9,1J\xb5[\xb9\xe0\xa7\xcd\xbc\x19\x83X\x88\
\xd6A\xa80\xc8\xa8,\xdf\xbc\xe0\xd2\xbd\xed\x16a\xb0\
\xc2\x01\x03h$\x17\xa2%Y\x0a\x18\x05\xfc\xd7xg\
\xf6\xa68\x085\x15!\x82@D\x0a0\x8e\x0e\xd0\x80\
\xab\xa2Wrm\xc4(\x07?V\xd5\x93\x1a\xbc\x91a\
1\xfe\xc4{x\x81\xaa\xbe\xd2P\xfd\x22\x91\xbd\xc4\xc4\
j\xfb\x1fui\xc7\xcc\xf9\x83\x9f\xfeu\xbf\xa0\x8aq\
\xe2\x04\xbc\xbco{\x9e>\xb0#\xef\xae\xa9a\xcc\xd4\
\xb2\x10\xee>\x01N\xea\x96B~\x8fT2\x92l\xac\
\xa8t\xf1\xc0\xc2*VV\xee0y/[\x14\x85\x87\
d\x90\xdf\xc3\xea\xa9k\xf0\xd8\xa2J\xae\xdd\x91\x85\xac\
e\xab\xd0\xbdde\xd1O\xd7\x8d\xe8b\xc9\xcf0\xdb\
\xa1\x1a\xba\x8am#\x08'\x08V`XR\xa6\xaa\xea\
\xc8p\x17y\xeb\xdd\x06L\xf0\x1e\x0eV\xd5\xf9\x0d\xde\
Hd.&;\xedRU\xed\xd7P\xdd\xb5\x22\xa9\x09\
&y\x89\xdf\x12P\x93\x94\xb2\xb2\xd7K\xcb{i\xe0\
C\x8f\x93\x10\xb0\x09\xcc=>\x93#\xbe\xdaDY]\
\xb0m\xdc\x91jc\xe6\xb1\x99\xec\xd1\x00\xf5\xd7\xb2\xad\
.\x1eZX\xc9\xb3K[\xce\xfboG\xc0\xd8\xee\xa9\
\xbc|p\xa8?\x02\xc0\xfc\xcdN\x0e\xfct\xe3N\xa3\
7\x18\xbe\xe8\xe7\xc5\xef\xdf}Z\x10\xedzS\xbc\x10\
\x1b\xbe\x95\xd80+\xf1\xb31\xb1\x09{\xd1\x10_\x9b\
q\xe6\xfb\x0cxAU\xff\x17\xaeB\x90 \x10\x91K\
\x80g\xbd\x87\xff\xc6\x98\xfc\x16\x86\xc9\xf7\xd6\x0e\x93\x0a\
:\x19\xe3\x22\x99\xdfH\xc7\xcf\xc2f\x7f\x13\x8f\x1b,\
\xa1\x92\x11<\x06\x7f\xc0\xf8*\xf8P3\xe8\xbf\xbf\xbb\
\xca\xd2;\x07\x13\xe8\xb7\x82\xa2\xf3\xeb\xa3\xbbpdv\
t\xf9?k\xdc\xca\x84\xdf+\xb9\xe7\xf7\xdd:\x05\x1f\
Ff%\xf3\xd1\xe1\x19t\x08\xe3~\xfd\xec\xd2*.\
\x9b\xb9\x03\xbb.[\x84\xc1\xcdo\xfe{\xda5\x1f\xfe\
'(\xdaU\xe1\xf2\xe6\xf0\x1b\x88\xc8P\x0c\x99\xe9^\
\x96S+1\xa4\xa7\xb30^\xba+1\x99\x97l\x98\
\x88\xc5\x01\x98\x18\x9f\x13\xa8\xd75\xac\x05\x8eV\xd5\xc5\
\xfe\xf6-\x82\xe0ML\x8a\xf1 \x8f\xa9F\xf0\x05\x86\
yu\x01FW\xb0\x5c-{!\x11Y\x86qC\xfe\
EU\xfd\x9a~ym]\x17=\xb7[P\x18[\x89\
\xc8-Z\xbf\xd2\x00\xe0\xdc\xeb_[\xf8\xe5\xd0\xa3\x07\
\x05\xdd\xb5\x15\x84@\xdf\x0e\x09\xfczb&\xa9\x013\
\xda\xe7\xebkHK\xb4qP\xd7$\x22X\xce\x98_\
\xee\x0c\xbb\xba\xd8Uqa\xefv<7\xbcS\xc8\xf3\
*\xafS\xf6\xfe\xa8\x94\xf5\xd5;\xb0\xff\x85E\x18|\
\xf6\x8f\xe3\xa6\x0d^1?P\x18\xa8B\xaf\x9c(#\
o\xbd\x02\xe0G\xea\xad\x11\x1f\x01\x975f\x05\x88\xd0\
\x96\x1d#L|i\x04\xfd\xbc\x88M2\x1fzM\x17\
\x031\x8aD\xdf\xff{Q\x9f\xe2)<\x92\xdbA\xed\
60y\xe8?\x07\x90WV\xf6\xd0\xf3{\xac\x0c\xac\
V$2@\x82\x95%|\xb7\xef\xa8\x1f\xf3\xff>\xe9\
\xb0\xa0\xf6Z\x89;\xe0\xd6Ai\xdc\xb3_\xfd\xa2\xa4\
\xc2\xa9\xec\xf5\xbfR\x8a\xbc\x03\xb7WZ\x02o\x8f\x8c\
L\x19\xfemI-gO+gC\xcc8\xffw\x5c\
\xbcrp'\xce\xeb\xd5.\xa4\xfc\x93u\xb5\x9c\xf8\xdd\
\x8e\x1c\xe2\x1c\xac@\xb4{\xdc\xee\xd5\xe7u\xdfhq\
G\x9e\xe3Pm\x80\x18\xd7\xdb\x92q4\xfa\xc0{\xf8\
\x05\xe6\xfd\xd9\xee\xc1/\x22\xcfc\xf8\x12\x01z\xaa\xea\
\xca&E\xc9\xa8\xea:U\xfdRU\x1fQ\xd5\x8bT\
u\xb8\xaa\xa6\xab\xaaX?\x18\x17\xe4\xbe\xc0i\xd4n\
\xbb\x0d\x93\x0b\xbe\xde!\xa8.9$\xd1\x84\x98\xc4\x91\
~8\xedI\xeb\x0an*\x0c\x16\x02\xadH\x1d\x9c\x99\
\x12\xac\x17\xa8u+\xd5\x01\x1es\x7fV\xba\x18\xfa\xc9\
\x06N\xfd\xbe\x8c\x920/\xfb\x11\xd9\xc9\x94\x9e\xe1`\
\xfd\xe9\x0e\xee\xd8\xa7\x03\x89\xd1\xa4\x16\xdeIq\xd1\x8c\
\xcd\xfc\xbe9T\xb1zB\xb7d\x9e\x1f\x1e6\xa1\xd4\
\x0e\x09\xb7\xcdn\x1f\x7f\xfd\xab\x1b,\xc5\xfb\x17\x1b\xc6\
\xa2\xc6\xe0K\xb1\xee\xa4\x19)\x02\x1b@`pT\x0e\
\xb4\x96CQ\xe1\xa6\x03\xb5\xa0\xcb\xcc\xc0\xb2\x22\x91\xf1\
VAp\xf9\xff=3\xff\xfd\x83G[\xac\x04\xad'\
\x08\x9e\x1e\xd6\x91\xcb\xfb\xd5[\x85\x8a\xab\xdd\xf4\xf9\xb0\
\x94\xaa\x08\x01\x04\x17\xf5i\xc7\xfdC\xd2\xe9\xdc@J\
10\xd9\x83\x17V\xb8\x98W\xeed\xea\x86:>\x5c\
[C\xf9N\xb6\x8d\xb0\x09\xec\xdb)\x91\xdf7;\xfd\
\xf1\x16\x03;&\xf0\xcd\xd1]\xc9\x0eC\xb9\xf6mI\
-G\x7f\xbd\xa9\xd1LKm\x13\xa1f\xc5\xefn:\
bz\xffu\x8b\x0f\x0a(\xaaV\xc8j\xc8\xd9HD\
\x1e\x00n\xf4\x1e\x1e\xaa\xaa?nw\xcfD\xc6\x03\xaf\
y\x0f\xbfR\xd5\xbf@\xa8\x8e\xe0B\x8c\xc5\xe0\x9f\xdb\
\x13\xcc \x22I\xc0\xff\x91\x96\xf6\xban\xddj\x95\x86\
\xa1\x91\x86\x22Rl\xa2\x17\xfd\xbc\x04k\xbb\xe6\xcd\x19\
\xf6\xf8LK\x10Q\xeb\xe6\x12x\xf2\x80\x8e\x5c\x19@\
\xd0QR\xe3\xa1\xcf\x07%\x8d&\xfb<\xafg;\xee\
\x1f\x9a\x1ev\xc07\x15\xd5n\xa5\xca\xa5T:\x95\xcd\
N\x0f\xeb\xb7\xb9Y\xbc\xc5\xcd\x7f\x97U\xb1tK\xdb\
2]\x16\xf4H\xe5o\x03\xd28\xa0K\x22\x02\xd4y\
\x94}>\xde\xc0\x92\x80~vH\x14\xbe;\xbakX\
\xc7\xa3\xf2:\x0f\x8f.\xaab\xc2o[\xdbr\x0a\x89\
\x08\x08\x16\x06]\xb6l*\xff\xfd\xf2}:\x10\xcc>\
\xf4\xb0C\xf5\xa6\x88-\x98H\xc4\x1f\x119\xd8;\x01\
\xfe\x0b\x93\x05\xbcI\x8fCDr\x80;\x81K\xa8\xef\
\xd5}\xaaz\xab\xbf\x8e\xaa\x22\x22\x07c\xd2,\xd91\
!\xc6G\xeav\xc4V\xfbSF'&\x83\xb3\xf6\x0d\
U\x1d\xef?7em\xaa\x8e\xc9\x0b\xb2B\x84\xe3\x15\
8\xe5\x8e\xf7\x97\xcd\xec\x7f`\xb0\x99\xb1\x95y\x05\xef\
\x1f\x92\xceM\x03\xeb\x99\xd5\xbf.6\xb3V\xb48m\
\x8f\x14\x1e\x18\x92\x1e\x96\xa2L1i\xc6\xcbj=l\
\xac\xf5P^\xe7\xa1\xca\xa5ls)\xed\x13ld\xa6\
\xd8\xc8kg\xa3{;\xbb?\xa9H8\xb8\x14fm\
\xac\xe3\xa5?\xb7\xf1\xc2\xb2\x967_:Rl|z\
d\x17\xf6\x0b\xa3'\x09'\x08|\x18\xdb=\x95G\xf7\
\xef\x88#5\xbc\xb0\xdcP\xeb\xe1\xbd55\xdc\xf8K\
E\x93\x93\xb1\xb4\x0eBW\x05oO8\xf3\x87C\x16\
N\x0f$\xcbq*tn\xcc\x05Y\x8e>\xefL\xbe\
~\xed9\x02\xcc\xe9\x18\xf3\xfa4\x0c\xc7\x87\xcf\x09\xa3\
\x13\x86\xa0g/\x8c\xfe\xce:\xd0V\x00\xd7\x85\x0bS\
\x16\x8c\x85\xc0\xb7_\x7f]U\xcfm\xa8S\xd1BD\
\x8e\xc4xE\x01\xdc\xad\xaawxo\x18\xce\x5c\xb8\x00\
c\xe6\x00Z\xd6q\xa8)\xf8\xc7\xde\x1d\xb8{p\xbd\
^\xf4\xa2\x19\x9by\xb1\x05\x99\x82\xc2aDf\x127\
\xec\x95\xc6\xb1\xb9\xc9a\x03~>__\xcb\xa9?4\
-\x95Ys\xf1\xd8\xfe\xe9\x5c= \xadA\x83\xf6\xdf\
\xe7n\xe1\x81?\x22\x07\x1e\x8d\xc8L\xe2\xe9a\x1d\x19\
\xdc@\x8eF\x8f\xc2O\x1b\xeb\xb8w\xc1V>i\xcb\
\xe4(\x16\x0bBNYQ\xe9/W\xed\xdf5\xb0L\
\xe1\x8e\x1c\xd5{\xa2oR\x06b\xc8L\x8f\xc5(\xec\
\xad\xbc\xa0.\xcc\xeaz\x0efr\xffFU\x7fm\xac\
]\x1b\x86?\xd0\x87\x1f\xa2\xedP\xa3xm\xf92\x0c\
\xa3\x0a\x18G\x22 tq\xbf\xce\xacF\x82\xe8\xa3\x1f\
>\xf3\x866\xe9\x80\xde)\xa9\xfe\x87\xfdd]m\xab\
\x0b\x01\x80\xe9\x1b\xea8\xfd\x872\xdaO.\xe2\xeci\
\xe5!J\xcacs\x93\xa9\x1e\x9b\xc3\xa4C3\x22\xb4\
\x10\x1b\xbc?\xaa3\xd74\x22\x04\x00\x8e\xcei\xd8\x07\
c\xfa\x86:\xf6\xfbd\x032q=\xd7\xff\xb2%,\
;\x93MLp\xd3\xc7\x87wA\xc7\xe5Rt\xba\x83\
g\x87w\xa2K#\xba\x98\x16\x87e\x05[\xd49'\
kUV\xf7 \xdd\x98\x18\xfe\xc2&4\xa9\x7f\xa8\xea\
\xed\xaaz\xa0\xaa\xa6\x85Q\xd4'\xaajwU=]\
U\x1f\x8dF\x08x\xfbA\x02fE\x90\x81\x89X\x1a\
\xa0\xaa\xdb\xed\xefiQt\x8cU\xd57\xe59\x12\xf5\
\x12\x82(\xc9\x8aE\x9e\x02\xfcD\x0e*R\x95\xf7\xfa\
\x9a\xb4\x90\xacC\xad\xbc-h\x97 \xfc~b\x16=\
\xd3\xeclqz\x18\xf6\xe9F\x96lm[{r\x1f\
\x1e\x19\x9a\xceU\x03\xd2H\xb0\xbc\x95\x7fV\xba\x19\xf9\
\xc5\x06\xd6U\xc7V\x11)\xc0\xad{\xa7\x91l\x13\xb6\
\xba\x94\xf5\xd5n\xd6osST\xeda\xb3\xd3Cy\
\xadn\xb7\xc7\xe0\xe0N\x89\xdc8\xb0=\xc7\xe56N\
\x09W\x5c\xe3\xe6\xab\xa2Z\xee\x98_\xc9\x8a\xd6v\xf9\
\xb6\xac\x0a\xce\xff\xfa\xb5\x9f\xef{\xe9\xe6 \xdd\x97\x97\
\x04uF\x8b\xf6\xcb\x02\x9f\x8e\xa03F7\xe0S\xd6\
}\x88qZhr\x96X\x119\x1d\xb3\xdf\xf7MA\
\xe3U\xf5\x0d l\x22\x92b\x91U\x18\x12S\x00\xe6\
\xf7\xdc\xf7\xa7c'|f\xe5\x84kqA \xc0\xa5\
}\xdbsA\xefv\x0c\xcdH\xe0\xf7\x0a\x17_\x17\xd7\
\xf2\xef\x05\x95l\xacm\xfb\x1a\xfdD\x9b\xf0\xbf\xc3;\
s\xace\x06\xde\xe2\xf4p\xe6\xd4r\xbe,j\xc3K\
\xea(\x90j\x17\xae\xec\xd7\x9e\x13\xf3\x92\x19\x9a\x91H\
z\x03D\xb15ne\xf6&'\x1f\xac\xad\xe1\xc9%\
U-O\x92\x12 \x0cl\xea\xf1\xac;'\xaf\x8e@\
r\x1d\xb8/G\xf5\x1f\xfe\xea\x1fn\xec\xa0\xa3\xbb\xb6\
\xa8;\xaa\xd5j\xb0/\xc6\xb40\xd8Ro\x0b0\x17\
\xa3\xa0(\xc5\xd85\x9316\xc8\x9e\x98\xa5\x7f`\xa8\
\xa4\x1b\x93\xcc\xb1\xc1D\x0ekE\xfa&\x18\xda1?\
&\xe4\xdf\xfe\xf3S']\x1e\x1c]\xd8BB\xa0o\
z\x02\xf7\x0e\xee\xc0\xf1\xb9)\xd4y\x94W\xff\xac\xe6\
\xc6_*vhz\xb1\x81\x1d\x13\xf8`T\xe7 \x05\
\xa5[\xe1\xfa_\xb6\xf0\xf8\xa2\x9d\x80$\xc4\x82=\xda\
\xd9\x19\xdb#\x95!\x19\x89\xec\xd51\x81\x81\xe9\x09$\
\x85\xd1\x9dl\xaeS\x16mq\xb2\xa0\xc2\xc5\x8f\x1b\xea\
\xf8`MM\xfc<?-\xab\x82_\xaf\x1c2'k\
s\xc9\x10\xffi\x98\x91\xad\x1a:\xf9\xb5 \x22\xfa\x11\
x\x03\x1bFa\x5c\x8eGb\x9c\x83\xb2\x09\xe6*t\
a\xe8\x96\x17`\x14\x83\xefi\x13\xb2 \x87\xb3\x16\x1c\
\xf0\xf8\xccM\xeb\xba\xe6\xd5{a\xc5YI8\xa4s\
\x22\xf7\x0fI\xe7\xa8\xecdD\x8c\xfdz\xdc\xb4r\x8a\
w2\xef\xbfW\x0e\xce\xe0\xbc^\xc1\xd1\x7f\x8f.\xac\
\xe4\xba\x1d5eY\x13\xd1>A\xb8\xb8O;\x8e\xc9\
I\xe1\xa0\xaeId$5\xac\xcd\xa8v+k\xb7\xb9\
YY\xe9f\xc9V\x17\xd3J\xeb\xf8\xac\xa8\x96\xcdM\
\x16\x16\xa1\xd6\x83G\x9e\xbf\xfe\xfb\xfc\xef\x82\xbce\xb5\
\x12\xdaG\xc3f\x14/\xb4j\x12\xd4b\xa3G\xb8\xde\
w\xac\x22[r\xdfX\x17\xeaV\x16\x87>\x8e\xccJ\
f\xd2\xa1\x9d\xc8M\xb5\xe3\xf4(/-\xdf\xc6\xe53\
+v@{u\xf48\xb1[2o\x8c\xc8\xa0S\x80\
R\xed\xfe?*\xb9y\xee\xae!\x0c\xac\xb0\x09\x9c\xd2\
-\x85\xb3{\xa4rXV\x12\xb9Q\x12\xd2\x06\xa2\xd2\
\xe5\xe1\x8a\x99\x15\xbc\xbe\xa2!N\x85`ap\xf6\xf7\
o\xcdz\xec\xb9\xbf\x05\xb1k\xb9`H^#\x11\xbc\
\xf1D\xecrn5\x0f\xfd\x03\x0f*S;\xac\xc3\x9a\
\xfd%\x0eB\xe0\xae};p\xe7>\xc6\x0c8cc\
\x1dG|\xb5i\xe7 \xd7l\x04\x1f\xaf\xabe\x8f\xf7\
J\x822\x1a\xff}`\x1a\x8e\x14\x1b\xe7\xef\x0cy\x0c\
\x9b\x08\x8f\xc2{kkxom\xbd\xda\xaa]\x82p\
\xdd\x804N\xec\x96\xcc\xe0\x8c\xc4\xa0\x00\xb3pHK\
\xb0\xf1\xda\x88\x0cFf's\xf1\x8c\x08\xcf\xd0\xd2\xc4\
\xbc>\x83\xb3\xacU\x12\xcc\xbb\xe0\x17\x042\xa9\xf4\x1c\
\xd4\xf3jp-=A\x0br>'\x0e\x88\x8b \x90\
\xc2\xa2q \xaf\x05\x17\xca_4?;\x88mH\xa0\
K\xe0\xebW\xde\xbec\xdc\xedq'\xe4\xa6\xf0\x8f\xbd\
\x8d\x10\xf8h]\x0d'\x7fW\x16\xef[\xb6)T\xba\
\x94\xc1\x9fl\xe0\xf5\x11\x19\x9c\xd3\xd3l\x15\xce\xeb\xd5\
\x8e\xe3rS\xb8zv\x05o\xed\xb0lA\xb1\xc16\
\x972\xe1\xf7\xadL\xb0\x84\x8e\x9f\xd5=\x957Ft\
\x8a\x18\x1frQ\xefv\xe4\xa4\xda8\xe9\xdb\xc6\xc7S\
QFN\xb8\xe8\xde \xff\x02D\xb7\x84.O\xb5\xb1\
$B\xcdF|\x0c\xaf\x12\x924\x12\xd4\x19\xa2\x99R\
K\xd4bUr\xfb\xd0lG1\x8e\xcb\xb9m\xef4\
\xec\x0237\xd5\xed\x14B\xe0\x9f\xfbv`\xd5\xa9\xd9\
\xe8\xb8\xdc\x90\xcf\xcf\xc7uex\xd7ptw0~\
z9\xc7}\xb3\xc9\x1f\x09\x99\x9db\xe3\xcdC3(\
\x1b\xe3\xe0\xc1!\xe9!\xa6\xc7]\x1do\xad\xaa\xe6\xc6\
\xb9a\xde\xcd\x00\x9c\x98\x9b\xc2\xb7Gw\x0d\x1d\xb2\x96\
U\xed\xd6\xd4\x0e\xed\x08U|\x05sm\x10\xc6\x84\xaf\
\xf6\x1dL\x10D\x8f \xdbVmRr\xe8s\x8e\xe1\
\x8a\xfd\xbc^\xed\x18\x91\x99DY\xad\x87\xb1S\xa3\xce\
\x06\xd5&\xd19\xc9\xc6\xf2\xd1\xd9\xdc\xb1O\x87\x88y\
\x05\x0e\xec\x92\xc4\xb5\x03\xac\x8eg\xf5\xf8\xbc\xa8\x96\xac\
w\x8a\xb9wA%\xdb\xbc[\xa3\x8c$\x1b7\x0cL\
\xc3Y\x90K\xc5Y\x0e\xa6\x1c\xd6\xd9O\xde\xba\xab\xe3\
\xf1(\xe8\xd8\x0f\xcfN\xe2\x81\xa1\x96w\xdab5\xf0\
\xb2lY\x15\x83q{\xc9\xa3A|\x04\x81\x12\xba\xbe\
\x94\xc4\xb405\x83\x9ej\x87\x9a\xca\xa6kk\x9a\x00\
\x9fM}\xc2\xef\x95\xac\xa8\xda\x81\xc9/\x80\xa7\x0f\xec\
H\xaf\x0e\x91\x1fW\x85\xd3\xc3s\xcb\xb61\xee\xc7\xc6\
\x05\xdem\xf3\xb6\xd0~r\x11\xc7}\xb3\x89y\xe5\xf5\
\x8b\xb2\xf4D\x1bg\xee\x99\xc2\x92\xd1Y\xe8\xb8\x5cV\
\x9d\x9a\xcd\x8b\x07u\xa2g\xda\xae+\x18n\xf8e\x0b\
\xff]\x12y\x07\xeb\xf2(o\xad\x0a\x9b\xfd\xdc\x8fD\
\x97\xd3\x8d\xe5\xc5\xd7\xfax\x01o\x81\x84r|\x88\xbb\
\xe1\x86\xb7\x03\xf1\xf9E\x85\x9a\xd0\x99\x5c\xd2\xc3\xd4\x0c\
\xda\x88\xa5\xd6l\x8b\xec`\x1e\x03\x0c\xceH\xe4\xb7\xcd\
.\x1e\xdd\x09\xec\xe7c\xa7\x953vZ9\x19I6\
\x86tN\xa4C\x82\xb0x\x8b\x8b\x95U\xeef+>\
?/\xaa\xe5\xf3\x22\x13,\xda3-\x81\x7f\xed\x9b\xc6\
\xb1\xb9)dz=\xf9\xf6lo\xe7\xc2\xde\xed\xb8\xb0\
\xb7!\x14Y\xb4\xc5\xc5\xd8i\xe5\xfcZ\xde`\xfe\xda\
\x9d\x0ew\xcc\xdf\xc2\xf5\xed7\xcc\x00\x00\x1c\x7fID\
ATY\xdd\xc3{8NY]\xc3\xacMV\x0fy\
%p\x8f\x9b^\xbde+\x96\xad\x80\xcd\xf2.\x80t\
\x0c]\x0e\xcb\x8e&\x08\x12J\x09\x89b\xf6\xf4\x0dS\
s%\x01\xd9^\xbbn-\xeb\x1c\xda\x96\xc4\xc4r\x90\
j\x172\x92\x04\x8fB\x92M\xa8\xdb1\x03\xddCP\
^\xe7\xe1\x9b\xe2\xd8\x9b\x9fWT\xba\x18?\xbd^\x0b\
~`\x97D\x9e\x1c\xd6\x89a]\xeae\xf5\x80\xf4\x04\
\xe6\x9d\x90\xc9K\xcb\xb7\xf1\xd7H\x1a\xf3\x9d\x10\x99)\
6\xda\x87Q\xa2|\xbc\xae\x86\x82\xb0+\xb0\xe0\xba\x03\
\xd6,ZO\x88N\x80\x15\xc1\x87a\xde\x17\x0f!!\
\xfd\xb1B|\xb6\x06vB]\x93U\xfb[\x8b\x04\x96\
\x04\x1e'9k\xf7Lp\xc7\xc7\x8f\xaf\xda\xadl\xac\
U\xba\xb5\xb33\x223\xae\x0b\x8f\x9d\x123799\
\xf0\xb3\x0d\xbc\x14&\xd0\xea\xc2\xde\xedxwd\xa8\x0c\
\xdf\x19a\x13xcDF\x08\x13\xf3\xff\xd6\xd6pR\
$\xe5\xb3eD\x0f]6'Dj\xba-\xef\x02\x9e\
\xe0@<\x00\x12\x12c\x96v\xdd\x8a8)\x0bkC\
\x89\x15\x0d\x09c\x10\x14\xac\x91Q2l\xc9\xec%\xd6\
z\xb1\xc2\x8f\x1b\xcc\xccyb\xb7V\xd5\xcb\xec\xd0\xb8\
h\xc6f\x96\x85\x09\xb6\xca\x8a\x01\xe9\xca\x8e\x80o\x8e\
\x0a\xcd\xde\xf4\xf2\x9f\xdb\x18\xfd}\x03\x16(\xcb\xe2\xe1\
\xf0\xf9\xdf[\x1f`y\xae5\xff\xa7\xc8\x10K\x1d7\
\xf6o\xe3\x96\xe0$.\xbf\x9e\x8e\xc9\xabF\x98\x1d\x5c\
\xc8`ym]\x97\xe0\x22\xbe\xc3\x22/\xcf\xfc\xf1\xed\
\xb8}\xd9+fV0kS\x1d{7\x90\x97o7\
\x1a\x86\x025a\xf4\xac\xbb\x02!\xeb\xe7GvaT\
\x00\x95\xbd\x02\xf7\xfc\xbe\x95\x0b\x9b\xe8\x8c5d\xf9\xdc\
\xdc\xc0c\x85o\x03\x8ferq\x0f\xd0\xde\x96\xcb~\
\xd01c\xe2\xa6\xe1\x8e\x9f\x18\xf7\xe87!e\x89\xf6\
\xa3\x02\x0fsT\xb7\x09\xfc\x1cXv\xcc/_\x84*\
\x15cd\xd3V\xe0\xb0/6\xf1\x5c+0\xf7\xec,\
\xc8J\xb6\x85\xb0\x08U\xbb\x95G\x17\xef\xf8\x0a\xd8\x86\
\xf0\xc5\x91]8& \x92\xb3\xca\xa5\x9c\xf1C9\xff\
\xf8\xb5\xb1 \xc1\xe0\xc1\xdbm\xe3\xda\x92\xd4\xba\x9a^\
\x96\x1a\x96wE\x8e\x0cm'\xcc\xfb\x14C\xc4Q\x10\
\xb8C\xe8\x90P-\x08S3(\xc1i\xd7\x8a\x8d\xfb\
\xe6n\x5cgQ\x8a\xc4\xce\xbb\xa5\xd6\xa3\xbc\xb7&n\
\xca\xd7\x9d\x1a\x833\x12\x99sB&]\x03\xb4\xe5f\
V\xac\xe4\x87\x926\xc9%\xb3\xdd\xe8\xde>\x81e\xa3\
\xb3\xf9K\x80\x10XY\xe5f\xd0G\xa5\xbc\xb7\xa61\
/\xcc\xd0\x80\xa3\x9b\xdeyh\x91\xb5\x96\x1b\xde\x0a*\
\xf0\xe8\xb80M\xbd\x1b}\xaf\x9b\x8e\xb8\x09\x02\x1d\x9f\
\xf73\xc2\xe2\xe0R9I\x0aW\x07Q\xe5\xb8\xea\xf3\
,\xfaq\xd3;\x0f-\x8cW\xbfv\xa3\xe9\xe8\x90(\
L=\xa6+\xf3N\xc8$\xaf]\xbd\xef\xc2\xca*7\
\x07|\xbaa\xa7\xcc\xe4\x94 \xf0\xde\xa8\xce\xac<5\
\x8b\xde\x01\xfe\x1ao\xaf\xae\xa1\xe7\xfb%\xac\x8a\xc6\x0f\
%\xcc\xfcu\xf2\x8c\x0f\xbbY\x8a>\xed\xa6\xea'\xbe\
\x94\x89\xeb\xf20\xe9\xcc\x02\xdb\x99\xa5\xf99!\x02$\
\x96\x88\xaf\x86G\xb1\x04M h\xf2e\x81\x05\xde\x87\
\x10$\x11\xc7L}k\x1f\x9b\xee\xfc{\xce\xb6\x8e\x9e\
i\x09\xcc8\xb6+[\xce\xca\xe1\xd0\xcczW\xe5e\
[]\xfc\xe5\xebM\xf4|\xbf\x84_\xcav.\x1f\x82\
\xac\x14\x1b\xdf\x1c\xdd\x05gA.\xa7\xe6\xd5+\x95\x17\
T\xb8\xe8\xfe~)c\xa66\xc1-\xddb-\x183\
\xf5\xed\xd9\xd6m\x01\xf0\xdf\xa0#\xb1]\x1e\xd2\x8e\x87\
\xd7\xa3\xbfi\xf3\x10\xd70d\x99\xb26\x15g\xc2&\
\x82]\x89+Htd\xea\x18\xfc\x22u\xbd\xc8\x10\x1b\
\xc1\xca\xc5\xc7N\xbdf\xc6\xfdc\xfe\x1e\x947\xae\xb5\
\xe9\xcav\x05\xa4'\x0a\x8f\xee\xdf\x91S\xf2\x82\x1df\
<\x0a_\x15\xd7r\xfeO\xe5\x14\xc5\x98\xea\xac-\xe0\
\xa2>\xed\xb8c\xef\x0e!\xc9m\xe7ovr\xe6\x0f\
\xe5,m\x0e-\x9d\xc5\xb5x\xe1\xa5\x83~\xedTY\
\xbeO@\xd1\xef\x0eU?\x09\x90<\xb1,\x99.i\
e\x04y\x1d\xea\x16\x12s\xba\x06\xbe/\xf1@\x5c\xd5\
\xe7:&\xafZ&\x16=\x8eH w{G\x5c%\
W@\xf6\x13\xbe\x82\x5c\xd5\xb9\xc5\x22\x9f`\x125\x02\
p\xf5\x07\xff\x19\xf0\xd0\x197x\xdc6{\xfdh\x8c\
\x91s\xd1n\xd4#3\xd9\xc6M\x83\xd28!7\x85\
\x81\x16kJ\x8d[\xf9\xb6\xa4\x96[\xe6m\xdd)\xbd\
\x07\x8f\xcbI\xe6\x8e};pp\x98\xc0\xacY\x9b\x9c\
\x8c\x99Z\xce\xaa\xaafr\x1eZ\x84@\xc1\xf7\x93f\
u\xaa,\xdf\xdfR+\x98\xbd\xb8K\xfb\x1b\xb1\xc6\x1c\
\xa8\xed\x81x\x0b\x01h\x01b\x12y\xbd\xa4=v-\
%\xf8\x0b\xd6\x92h\xcf\xd21\x99~Us\x89HO\
\x85e\x81\xd7~<\xec\x84\x1f/\xfa\xdb\x0bm\x22\xef\
\xe1\xce\x82\x03\xba$r\xcb\xa0\x0e\x1c\xe9H\xa2S\x18\
\x9e\xbf?+\xdd<\xbb\xb4\x8a\x87\x16V\xee\xa0Y\x86\
\x22cX\x97D\xae\xdb+\x8d\xa3\x1c\xc9~\xb7\xe9@\
T\xbb\x957VTs\xf9\xcc\xcdl\x1f=E\xa8\x92\
p\xcd\xb9\xdd\xd7$\xb8\x9d\x81\xfa\x81i\x0e\xd5Q\xfe\
+\xa6\xac\xed\x8c3\xa1\x98 \x060\xddB\xe5\xfa,\
\xbdd\xff\xb8K\xe1\xb8\x1b\xd4u|v\x95\x14\x96\xdc\
\x02\xfah@q2N\xd7\x83\x80\x7f?\x94\xad\xba\xa2\
X\xe4Q\xe0Z_\xd9\x89\xb3>9d\xc0\x9aE\xab\
\x17\xed1`O\xff\x95\xbbW\x05M\x82\x007\x0eL\
\xe3\xb2\xbe\xed\xe9\x99\x16>HiU\x95\x9b\xa7\x96T\
\xf1`\x03\xf9\x06\xda:N\xe8\x96\xcc9=\xda\xb1g\
{;i\x09Bz\xa2\x8d\xec\x14\x1b\xed\xa2\x88\xa7\xfe\
\xa3\xc2\xc5\xf5\xbfT\xf0\xd9\xfa\x18\xb8jK\xe8\xfd^\
z\xec\xaf\xdf'\xb8\x9dA\x13\x9a\x07\xfe\x16T\xc9i\
\x7f\x82`\x1a@\x10\xf9[K\x08\x01hA\xaa2)\
,\x0eJb\xe2\xc5\xd1Z\xe0\xa8w\xa60\xa9\xcf\x96\
a\xd2\xae\x01P\x93\x94\xb2\xb2\xe7\xcb\x7fZ\x15,\xbb\
\x85A#\xf8\xdb\x804n\x1a\xd8\x9e\x9c\x08\xf4[\xe5\
u\x1e^X\xb6\x8d\x9b\xe7mi\xf33\x7f\x8a]\xc8\
L\xb6\xb1g;;}\xd2\x13\xc8kg\xa3S\xa2\x8d\
\x8eI6z\xa7\xd99,+\xa9\xc9\x09e7;=\
\xbc\xfeg5\xd7\xce\xa9\xd8\xce\xd9\xdf\x02\xf1\xff\x03\xc0\
A\x8bf,y\xef\xee\xd3\xfbXj\xdd\xe3\xf0&\xfc\
\x01\x90\xc9%\xa3\xf1\xe8{\x96vfi\xbe\xe3 Z\
\x08-'\x08&\x15\x0d@e\x81\xa5\xb8\x9c\xc4\xb2\x5c\
\x1d3\xd0o\x84.\x12\x19*0+\xb0\xd2\x0f\x83\x0e\
\x9b~\xf6\xado\x1e\x8a\x15\xbb\x85A\x10\xb2Sl\xbc\
yX\x06\xa3\xb2\x22'\x11\x99[\xe6d\xec\xb4\xf2\xb8\
\xe4dH\xb1\x0b\xff\xd8;\x8d\x93\xf3R\x18\x90\x9e@\
R\x1b\xca\xf6\xecR\xf8\xad\xdc\xc9\x94\xd5\xd5<\xf8G\
e|\x98\xa9-\xab\x81\x04\xb7\xcb\xb5\xea\xfc\x1e\x1bm\
\x1eO 5\xd9\x22\x87\xea \xff%f\xeb\x5cD`\
\xc6\x22\xc1\x83\xc7\xddS\xc7u[\x1b\x87^\x86E\x8b\
\x92\x97\xca\xa4\xe2\x1bQ\xfem\xe9\xc1\x07\x9a\x9fsz\
`Q\x91\xc8\xdf\x04\x1e\x0e,\xbb\xa7\xe0\x1f3\x9f<\
\xf1\x0a\x8b\x84l\xdd\xa4\xa8m\x05\xa9v\xe1\xab\xa3\xbb\
0\xc2\xab\xf4Zz\xd3?Hy0\xea,ZQ\xe1\
\xc6\x8b\x1f\xe6\xcdQcC\xca\xcf\xe9\x99\xca\x95\xfd\xda\
s`\x97$\xda\xc2{_^\xa7,\xdb\xea\xe4\x8f\x0a\
\x17?mp\xf2\xe6\xea\xeaf0\x0f7\x03a\xb6\x04\
\xf3\xae\xdc\xef\x97\xec\xcd\xa5\x81Y\xbe\x5c.\xe8\xb9G\
\x00\xd3\xb7\x14\x16\x7f\x8d\xd5o\x00\xbd\x5c\x0br\x9e\x8b\
[_\xc3\xa0E\x9d\xee5\xdf\xf1\xa0L,\x1e\x85p\
|}\xa1\x9c\x22\x85\xc5wj\x81\xe3\x9f\xbe\xa2\x1c\xd5\
\xc7\xbc+\x03\xbf\x87\xd5m\x85\x13\x0e\xfc\xa5\xe7\x90%\
\xd3\x07\x1e\x1c\x90\x185\x5c&\xc5]\x0b\xa7\xe4\xa5\xf0\
\xfa\x88Nt\xf0*\xfeJk<l\xfbe^\xcc\xe9\
n\x9c\x09&\xd0\xe6\xfc^\xa9\xe4\xf7h\xc7\x88\xccD\
\xd2\x12\x82\x15nU.\xe5\xf7\xcdN\xe6\x96;Y\xb4\
\xc5\xc5\xda*7N\x85\xf2Z\x8f\x9f\x01\xa9\xca\xa5\xd4\
y\x94v\x09Br\x80\xe4\xd8\xbfs\x22{uLd\
\x8f\xf6v\xf6H\xb5\xd1\xad\x9d\x9d\xf4D\xc1\xadB\xb5\
\xdb\xc3\xe6:\xa5\xb4\xd6\xc3\x86\x1a7\xeb\xab=\xfc\xbe\
\xd9\xc9\xe7E\xb5\xacn\x0b\x043a\x84\xc0[\xf7\x9e\
55{siP\xae\x02;\x9c\x9c\x13(\x04&\x15\
?\x84U\x08\xa8\xbe\xa9\xe3ZV\x08@+\xd0\x99\xcb\
\x14\xec8\x8b\x97\x03{Xzr\x96\xe6\xe7\xbc\x13X\
T\x22\xf2\xa3B\xe0*\xc0}\xe8CS7,\xcf\xe9\
\x1d\x14\xb4\xb1\xabn\x11\xae\xe8\xd7\x9e'\x0e\xe8\x88M\
`\x9b[\xb9zV\x05/.\xdf\xc6O\xd7\x1cH\xb7\
M\xa1\x01\xa0\xdb\x83\x99_\xce\xe5\x8c\xa3\xf7\x0b)\xdf\
\xe2\xf4\xf0\xe2\xf2m\xdc\xf0K\xdb\xd75\xc4\x0d\x16A\
\xf0\xf83\xd7\xfcp\xd6\xd4)\xd6\xad\xec5\x0e\xd5'\
\xfd\x97L*>\x0f\xe5\xa5\xe0vXL\xbecPk\
Lm-\x1e;\xaacp\xe3\xa9=\x18+g\x9b\xca\
[2\xb9\xf8\xf0\xc0\xa2lCZ\x12hR\xb4O\xbb\
\xe1\xb0N\xb9\x9b\xd6o\x0c\xbaV$\xacT\xde\x99\xf1\
\x97\x9cd\x1e\x1e\x9a\x8eM\x0cS\xd0\x1e\xef\x96\xf8\x93\
\xb2&xb\xbf\xff\xef\xdf+'\xe8\xf8\xd7r'\xc3\
?\xdb@\xc7\xb7\x8a\xb9n\xce.*\x04\x84\x90q\xf7\
\xcf7\xee\x9c\x16F\x08\xdc\x1d$\x04&\x97\x8c\x0e\x11\
\x02PI\x82\xeb\xd0\xd6Z\xdf\xb6J\x10\xb9\x9e\xd3\xbd\
\x08\x97{?\x84\xe0\xcd\x9b\x87\xaf\xa4p]\xfd\xb4\xa3\
\xea\xae1\xe9\xd7\x02c\xb5S\xe6\x5c}@\x87\x9e\xc5\
\x7f\x86\x924\xec\x22\xc2\xa0k\xb2\x8d\x97\x0f\xeaD\x8a\
]\xf8pm\x0d{\xfd\xaf4(]\x97\xdd\x1d\xfb\xe5\
rBb\x02\xc55\x1e\xee\x98\xbf\x15\xdb\xc4\xf5\xec\xf7\
\xc9\x06fn\xda\xf9\x9c\x8c\xa2\x87`u\x16x\xe4\xf9\
\xeb\xa6^\xf2\xe9\xf3#,\x15\x1fu\xa8\xde\xe5\xbf\xaa\
\xb0hd\x18\x0b\x81\x13\x9bgo\x1d\x93\xd7j\xb4\xda\
\xad\xc6&\xa1\xe7v[\x82\xba\xac\xf9\xde\x04\xecsd\
\xd2:\x7f\xee\xc3\x1e\xaa5\xeb\xa0\xaf\xc0\xf2\x80z\x89\
\xd3\xaf?\xb4\xeb\xb0\xa53\x97c\xc5N.\x0cl\x02\
\x9f\x1e\xd9\x85n\xed\xec\xbc\xb3\xa6\x86S\xc2\x10b\xc4\
cEp\xd5\xf3\xdf\x92\xf3N1w\xff\xb6uWV\
\xc9\x18H\xa8\xc3\xd0\x1b\x0f\x9c35\xff\xbb\xc9\xd6\xf1\
|\x8fC\xf5\x06\xffeo\x96\x1e\x03\x12\xc4=`,\
\x04\x0c\xd5\xb1\xb9khE\xb4*\xad\x8c\x16\xe4\xcd\x04\
\xf7\xfe!+\x03\xb5O\x93I\xa5\x7f\xf1\x1d\xee\xaf\xea\
\xcc6>\x08s\x03j\xd9>\xbc\xeb\xd4\x9e\x17~\xf1\
r0\x01\xcaN\x8ewGv\xe6\x80\xce\x89\xac\xacr\
3nZx\x86\xe2\x848\xac\x08*=;\xb7\x80\x8d\
\x1aa&\x9a9W\x0f\x9bu\xd4\xaf\xdf\x04\x09\x01\x85\
\x1b\x83|\x05&\x15\x9d\x81\xdb\xf3i\xf0\x95\xea\xc2\xe9\
\x1e\xa4\xe3\x1c\x7f\xc4\xa9\xb7Q\xa3\xd5\xf9\xa5\xb4\xa0\xdb\
<\xd45\x104x\x1aS\xcfg2\xa9\xf8\x8a\xfac\
\xf58T\x0fP\x98\x1cX\xed\x9eWo\x1bZ\xf8\xc0\
\xb8iA\xd7\xee\xa4:\x83\x09\x83;p\x8a7\x22n\
\xf6\xa6:j#l\xccm\x9e\xd8\x0b\x02gB\xf8D\
)\xbb\x0eB\xc7Tj]\xf5\xb6U\xe7\xf6X\x95\xbb\
i]P\x0c\x81\x1dN\xccQ}\xc4\x7fea\xd1\xad\
\xa8\x04s\x0e@\x0d6\xed\xa3\xe7v\x8b\x1b5_S\
\xd0\xea\x82\x00@\x0b\xf2\x96\x92\xe8\xceA\xd8\x14|\x82\
'db\xd13\x81E9\xaa\xe3\x80\xbf\x07\x96\x1d\xf1\
\xeb\xb7#\xfe\xbc\xa0\xf7\x92DW]\xf0\xa65\xcc\x12\
nGE\xa2M\xc8\xef\xd1\xce\x7f<\xab\x81\xfdy\x82\
;\xf6[\x83\xba\x84]\x98\xf05T\x1d\xc0a\x0b~\
X\xf8\xe7\x05\xbd\x93\x92\xdcu\x81\xd6\xaf*\x1b\xf4\xcd\
T\xfd\xcc\x7fia\xf1d\x90\xbb--\x96\x90\xb8-\
\xb7\xb5\xb7\x03\x81h\x13\x82\x00@\xc7\xe4\x95\x91\xe0\xc8\
A,\x84\xa6\x22\x17\xcb\xa4\xe2?d\xcaZ\x7f\x1a5\
\x87\xeaC.\xd8\x0f\xf0{$\xa6\xd6U\xf7Y}^\
\x0f9z\xdeW\x16\x02\x87\x9dcup\xfb\xdei\xf4\
\xf2\xc6\x0al\xac\xf5\x84e\x13\xf6\xc1\xbe{E\x10#\
\xf8\xc6N\xf0\xf8y\xff_\xa7\xfd\xf8\xd6\xbdc\xfb\x13\
\xf0\xfe\x08\xcct@F\x96\xea\x9f\x002\xb1,]&\
\x15\xaf\x00\xc6X\x9a\x9cN\x81\xa3\x9b\x8e\xe9U\x11\xf7\
\xee7\x01mF\x10\x801-j\xbec(\xf0l\xf0\
\x09\xfa\xe3L\xa8\x90\x89\xc5\xc3|Ey\xaa\xbf\xad\x83\
t\x0b\xe7\xa1\xed\xf5\x07\xcf\xed\xf7\xfd\x0d#C\xf5\x06\
a~\xd0\x1d\x09\x833\xeag\xe4\xdf6;\xd9X\x1b\
\xde[NT\xe3$\x08v\xb1\x15A\x98\xd5d\xee\xa6\
\xf5\x1b\xd7\x9d\x93\xb7q\xf8\xe2\x9f\x0f\xb6\xd4\xbe9[\
\xf5`\xd4$\xf3\x90I\xc5\xa3\x90\xba2\x94=\x83j\
\x89\xde\xaf\xf9\x8e\xc3\xda\xa2\x0b\x5c\x8b;\x14E\x0b\x99\
Tr$\xaa_\x10\xf2s\xe8\x0bZ\x90si`I\
\xb1\xc8\xf9\xc0\x8b\x96&\x9c\xe3n|c\xc57\xfb\x1d\
i\x09tRP\xa1\xb5~\x8b\xc7\x9e\xb9\x86\x03\x96\xcc\
j\xb0N\xc7\xaaPV\xdc\xd4!\xfba\xeb`\xb2`\
9W\xaf\xa1n\xe5\xca\x06\xaeoS\x93M\xa3X\x9e\
\xdb\x87#\x1e\xf8\xbe\xb5\xbba`\x09\x1a\xf2\xe1\x9d{\
\xce\x9c6\xe2\x8f\xe9V\xd3\xe0F'\x0c\x09v\x19.\
\x9a\x08\x12\xec\x8b-x@\x8f\xd0\xfc\x9ci\xb4Q\xb4\
YA\x00 S6\xa4\xe1r\xcfB\xe9g9U\x81\
[\xf6\xd7\xf1\xd9\xfe\xec0\x1bE:\xb8\xe0G`P\
`\xc5\xcdi\x19\x0b\xf7{rN\xbf\xda\xc4\x94\xd0)\
\xad\x15\xbe\xfb\x94\x09g0|\xd1\x8c\x16\xbfo[\xc6\
\xd2n\xfd8\xea\xfeo\x1b\xaf\x18W\x84\xd7'\x0d_\
\xf4\xf3\xd2\xf7\xef>-\x17\x823|+\xdc\x97\xa3\xfa\
\x0f\xff\xd5\x13\x8b\x07b\xe3g\x94vA\x0d\x08\x7f\xb0\
U\x87\xeb%9m\x9a:\xbbMm\x0d\xac\xd01\x99\
\x95\x9a\xef\xd8\x0b\xe1f\xcb\xa9\x8e\xd8u\x99\x14\x16\xbd\
\xe6+\xe8\xaa\xba\xd5\xa1\xba\xaf\x0d\x8e\x83zF\x97N\
\x95\xe5{\xad<\xbf\x97\xfd\xf5\x87\xc6O\x0f\xb9A+\
l\x17\x12\xdc\xbb\xb2\x13Nxx\xa4\x95\x87a\x98m\
@Fey\xe5\x8a\x0bz\xfd\xf9\xfe\xdd\xa7\xf5&X\
\x08\xactC\x96O\x08\x08\x88\x14\x16\xbf\x85\xf0[\x88\
\x10@/\xd7|\xc7>m]\x08@\x1b\x17\x04>h\
\xbe\xe3A\xdc\x92\x83\xb0:\xf8\x8c\x8c\x93\xc2\xa2Z\x99\
T\xe2\xe7\x81\xcfR\xfd\xd2\xa1\x9a\x84\x85\x14\xf2\xe8\xb9\
_\x1fT4.\xd7}\xdd\xfb\x8f\x06\xaf\xcb}n\xa2\
-$\x0f\x92\x5c\xbb\x05\x81\x15\x9e\xd6\x0a[\x0c\xe3\x22\
\x9c\xe0v\xb9\x7f\xba\xee\xe09\x7f\x5c:\xa8]J]\
M\x8f\x80SN\x1b\x1c\xe7P\xed\xedc\x1d\x96I%\
'3\xa9\xb8\x0e8\xc3\xd2\xeeb\x12\xb7un\xe9\x08\
\xc2\xed\xc1\x0e!\x08\x00t|v\xa9\xe6;z\x22r\
N\xf0\x19I@\xf5K),^#\xaf\x17\xf9\x953\
\x0e\xd5\xff\xb3CG`N`\xe5\x1b\xa7<\xb8\x7f\xd1\
\xb8\xdc\xda\xb3\xa7N\xb1\xa4[\x93\x16\x11\x08\xbbW\x04\
\xa1h\xd1\x15\x81_\xf0\x07\xaf\x06m\xea\xd1/n;\
f\xc6\x9as\xf7\x94\x1e%\xab\x82\xd2\x8d)\xdc\xe9P\
M\xc9R\xfd\x12@\x0aK{Ia\xf1zT\xdfG\
\x83\xde!\x05\xdb\x18\xcdw\x0clkV\x81\xc6\xd0\xa6\
u\x04\x91`\x22\x18\x8b\xde\x06\x19\x1d\xe6\xf4\xf7$\xba\
N\xd41y\xfe\xec\x13\xa5\x22\xd9\x1e\x93M\xc6\xca\x90\
\xe4\xbe\xef\xac\x9b\xe7\xff\xe7\x94\xab\xad\xa4\x92\x06\xea\xff\
'f\xf8\xf6\xa6Q\xf4^\xbf\xac\xf1\x8a\xbb\x10\x16\xf4\
\xd8\x9b\xe3'|\x1e\xdf\x9bDP\x02&\xba\x9c\xee\xaf\
o=\xfa\x97\xbe\xeb\x96\x86\x8c\x01\x85\x97s\xe0b\xbc\
/\x89L,K\xc7V\xf7\x05\xca\xb0\x90\x86\xd0\x89\x14\
\xe4\x9c\xd7\x16-\x02\xd1`\x87\x14\x04>\xc8k\xeb\xba\
\x90`\xff\x81\xd0\x17\x1c\xd0/\xa9\xab=U\xcf\xef\xe1\
Ok\xe4%H\xfd\x12\xe8i\xad\xfd\xfe\x88S\x7f\xbe\
\xe2\x8a\xa7\x0e\xd6\xb0>\x07\xb1\xfby\xa7]7\x82=\
KW\xc5\xa6\xb1\x9d\x04\xbf\xf5\xdc\x97\x13\xef\xfe\xb4\xf1\
\x8a\xcdA\x04\x1f\x92\xac\xf2\xd2\xcdS\xff~\xf8\xba\xf4\
\xaa\xcd{\x859\xfd\xba\x03\xfe\xea7\x07\x1aZ\xfe\x8f\
\x08!\x10\x01D~\xa3\xb6\xfap=\xbf\xc7\x0e\x9d\x17\
~\x87\x16\x04>\xc8\x1b\xeb\xfbc\xb7}\x83\xe2\x08=\
\xab\xdf\x90\x98pZ c\xf2j\x91\x8cd\xf8Xa\
\xb8\xb5vyZ\xc6\xa2Q\x0f~\xb7\xc7\x86\xf4\xcc\x0e\
ao\xb6\x9d\xcfk\xc65\xc3\xc8\xdd\xb4\xbe\xf1\x8a\xbb\
\x10~\xed\xb5\x1f'\xff\xeb\xe3\xd86\x1aA\x00\x9c0\
\xeb\xd3\xdf_x\xfc\xa2n\xa2\xda\xd1zN\xe1\x81\x1c\
\xd5[\xfcML\xd9\x90\x86\xd3\xf5\x0e\xc8\xd1a\x9aZ\
\x8b\xddy\xa4\x9e\xbdGh\xe0\xdb\x0e\x88\x9dB\x10\xf8\
 o\xac\x1b\x8c\xdd\xfe%J\x970\xa7\x17\xe0r\x1d\
\xaf\xe7\xe6\xd53v\x88$\x14\xc3\xe3\xc0ea\xea\xd7\
>9\xfa\xca\xc5\xf7\x9c}[(\x1b\x07\xd0\xdcU\xc2\
/W\xeeG\xd7\x8a\x0d\x8dW\xdc\x850\xb7\xf7\x10N\
\xf9\xe7G\xdb\xdfP\x84\x97?\xad\xa6\xaa\xfa\x93;N\
\x98\xdfw\xdd\xd20Kz\xaa\x04\xc6g\xab~\xe0o\
f\xf2\x9a\x5c4\xf1S\x94\xbdC\xefA)\x1e\x8ej\
\x0b\x81B\xb1\xc4N%\x08|\xf0\x12\xa5~\x86\x95\x05\
\x09@\xd8\x8aR\xa0\x05\x8eO\x02\x8b\x8bD\xce\x10x\
\x09H\xb3^\xb2-9u\xc5\x98[\xdf\xb6\xff\xd2g\
H\x8f\xf0w\x8c\xdeIi\xfee\x83\xe8T\xb9C\xaf\
\x22c\x8e9}\xf7\xe7\xb4;?l\xfa\x85\x0d\xb8\x8e\
\x8b*\xb7O\x9e0\xe3\xb2\x8f\x9e\xd9W\xd0p\xccm\
\xbfx\xe0\xf4\x5cU\xbf\xbf\xbf\x14\x96\x1e\x0b\xee\xc9 \
\xa1\x19\xb9a%\xb8\x8e\xd3\x82\xbc\xa5M\xefh\xdb\xc7\
N)\x08|\x90I\xa5\xd9\xa8\xe7c`H\xf8\x0a<\
EB\xd9\x0d\x81,\xca^\xc7\xa4\x17\x803\xc3]\xb2\
\xa1c\xe6\x1fcn\x9b\xd2uq\xb7~a\xb6!\x01\
\x88\xf0\x5c\x17^\xd4\x8f\xf65UQ~\x83]\x03\xb3\
\xfb\x0d\xe3\xf4;B\x93g\x87\xa2q\xab\xceE\x9f\xbf\
0\xf7\x9f\xaf\xdf\xb5\x87M=\x9d\xc3\x9c\xae\x11\xb8*\
[\xd5\xcf\x0e$S\xd6\xa6\xe2Jx\x12\xe5\xfc\x08\xf7\
\xfc\x09jO\xd6\x82=\xc3\xc7|\xef$\xd8\xa9\x05\x81\
\x0f2\x05;uE\x13,\xa9\xd7\x02*\xb0\x09\xb5\x8d\
\xd7\x82\xac \xd5u\xb1\xc8 \xe0u\x0cKR\x08\xb6\
%\xb7[q\xe1\xb5/\xe9\xf7\xfb\x8c\xb4\xf2\xd6[P\
\xbf\x8dX~~\x0f\x12w\xfb\x12\x04aV\xff\x039\
\xe3\xf6\xf7BO\xf8\x16Y\x0d\xcc\xfc\x09n\x97\xe7\xee\
\xd7\xee\x98y\xdeW\xaf\xee#hj\x98*\x0a<\xab\
pc\x8e\xaa\xdf\xb1G\xde,9\x09\xb7\xbe\x02d\x84\
\xb9\x06\xd0'X\x9as\x9d\xde\xc9\xce\x97\xe81\x0cv\
\x09A\x10\x08\x99T<\x0a(\x0c\xafX\x04`.\xc2\
y\x9a\xef\x08\xca\xc1\xb0^\xe4\x10\x9bqR\x1a\x14\xee\
\x22Ej\xff7\xfc\xa4y\xd7_\xfc\xc8\xd0\xca\xd4\xf6\
\x91\x13\x0b\x98\xca\xc4\xcb\xca\x94\xe8r\xb2\xfc\xfc\x1e1\
m\xf3\x81\xb3\xfe\xce\x93\xa3\xaf\x8ei\x9b\x91\xd1\xf8\xac\
\xbf\xcf\x8a\xf9k^y\xe4\x82\xb2\xdc\xb2\xa2}\x22T\
Q\xe0u\xef\xcb\xef\xe7\xb7\x947\x8a\x86b\x97WQ\
\x06F\xb8\xf5j\x5c\xae\xb1:>\xef\xe7\xb0\xe7wb\
\xecr\x82\xc0\x07\xf9\x8e\x04\xd6\x15\xdd\x8d\xc8\x8dD\x1a\
z\xc2T<\x5caU\x0c\xad\x13\xe9g\x83'\x04\xc2\
i\x93\x01p\xdb\xec\x1b_<\xf6\xc2?\xef;\xeb\xe6\
\xfdk\x92R\x1b\x09\xddS\xd3\x05\xf5\xfe\xbf\x1dB\x22\
\xb5\xae\x9a\xc5\x176\xb2@i\x22\x1e9\xe3\x06\x1e;\
\xed\xda\xc6+6\x05M\x08\x0d\xef]\xb4\xbc\xe4\xe9\xa7\
\xae\x5c\xb9\xef\x8a\xf9C\xb1\xa6\x05\xabG5\xf0p\x0d\
\xdc\xd7C\xd5o2\x96\xc9\xeb\x87\xa0\xb6\xff\x86\xb7\xfd\
\x03\xe0\x06\xfd\x17Ks\xee\xddUf\xffp\xd8e\x05\
A dRQW\x94g@Nk\xa0\xd6r\x90\xab\
\xac\xdb\x879\x22\x89yp\x99\xc2\xed\x10\xd6Z\x01\x98\
\x15\xc3\xac~\xc3~\xbd\xe5\x82{\xbb\xff\xb1\xe7\xc0\x9c\
H\xf5\x22\x22\xcaUDZM%\x7f\x5c\xd4\xbf\xc9\xcd\
7\x84\xc7N\xbb\x96G\xce\xb8\xa1\xf1\x8aA\x08\x14h\
\xd1{l\xda=n\xce\xfea\xca\xfc\xdb&\xdfc\xeb\
\xbcuS\xf8\x99\xbb\xbe\xd5\x9f\xddpC\xaejP\x1c\
\x89L*=\x15\xf5<F8e\xb1\x0f\xaa\x858k\
\xaf\xda\xd1\xed\xff\xb1\xc2nA`\x81\xbc^\xb4'6\
y\x02\xe1\xa4\x06\xaa\xb9A_D\xecwi~VI\
\xe0\x89\x95\x22\x9dR\xe0\x1a\xcc'\xc4V\x1d\x08\x15\xd9\
:\xab\xef\xb0\x85O\x9crU\x97o\xf7=\xbc\xaf\xdb\
\x16i\xb2k\x04>!!\xd0\xb1\xb2\x82\xdf.m\xf0\
\xfdi2\x9e8\xe5j\x1e\x1c\xf3w\x08J(\xe3}\
\xd1\xb7\x83\xf4\xa5c\xe5\xe6\x9a\xf1\xdfN\x5cp\xf1g\
\xcf'fm.\x1dD#\xe2B`\xbe\xc0?\xb3\xe0\
\x03\x02\x06\xae\xbc\xb6\xb6\x1b\x09\x09\x13\x10\xce\xb1\xb8\xfc\
\x06Cy\x1b\xad\xfd\x9b\x9e\xd3\xbd\xa8\xd9\x9d\xdeI\xb1\
[\x104\x00\x99X\x96\x8e\xd4\xde\x0dr9\x91\x97\xa4\
\x00\x95\x88>\x05<\xa2\xf99\xd6\x9c\x0b\x09%p\x86\
\x9a,\xcf\x91\x96\xa7A\xf0\x88m\xf3\xf2\xdc\xdeK\xdf\
>\xf4\x0c\xdb[\x87\x8e\xe9W\xdc9\xa7A\x81\x12\x88\
.[61\xf7\xf2H[\xe7\xe6\xe1\xbf'_\xc9}\
cok\xd6\xb56\xf5\xb0\xff\xb29\xeb\xce\xfa\xe1\xad\
\xf5\xc7\xcc\xf9*-\xb3\xa2\xa4\xb7D\x97a\xab\x0ex\
\xd3\x0d\x8fuS\x9d\x17xB^\xd9\xe0 \xc9}#\
\xc2%\xa1\x11\x7f\x81\x15q\xe2\xd1G\xa9\xe2\xee\x1d!\
\x02\xb05\xb1[\x104\x012\xb9\xe4(<<\x04\xba\
o\xc3\x15\xf1\xa0|\x8aM\x1e\xd7\xb1\xd9_[O\xaf\
\x15IM\x823\xdcp\x9e\xc0(\x1a\x162!p\xdb\
\x136\xac\xe9\xd2m\xdd\xef=\xf6\xae\xfdi\xc0\xc1)\
?\xef5<{q\xb7~\xb9.{\x22\x99\x9bK\x99\
se\x04\x1f\xa8f\xe2\xb9\x13.c\xc2\xb8;B\xca\
;To\xad\x1b\xbal\xee\xea\xe1\x8bf\x94\x1d\xb4x\
\x86\xa7\xff\xda\xa5i\x19\x95e\xbdD\xc3\xda\xed\x1bB\
\x99\xc2{\x1ex\xb9\x9b\xeaO\xd6\x932\xa9\xe8P<\
r\x15\xc2i4\xf6\xac\x84_\x80\x1b4\xdf\xd1F\x98\
Nv\x0c\xec\x16\x04\xcd\x84<7'\x91\xb4\xdc\xb1\x88\
\xfc\x03%\x1a\xed\x5c\x0d\xcaG\xd8\xe59\xc6f\x7f\x13\
\xce/\xb1X$S\x0d\x9f\xc2\xb1^Edf3\xbb\
\x17\xebp>%\x06f\x0e\x81\xdf\xf4\xff\xdb;\xff\x18\
+\xaa+\x8e\x7f\xbe\xbb\x8a\xad\x0d\xadP\x94R7`\
\xf0\xb7\x15LC\xc0FKc\xa3\xd8\x98\x92\xa8k\xd2\
\xd2\x8dk1\xadP\xab\xd6H\xd2\xc6\xd8&\x95T\xa3\
Xmm\xa0\xb6\xa8\x0d\x06Ql\xc9\xda6V\xa2h\
*\xdd\x80\xdaM0E\xc0\x12\xca\x0fa%\xae\xf8#\
Ul\x8b\x80\xef\xdb?\xee<vx\xcc\xcc\x9b\xb7\xbc\
\xdd\xc7\xb2\xf3Mn\xde\x9b7\xe7\x9c9s\xf3\xe6\xcc\
\xbd\xf7\x9c{\x0e\xac\x10<\xfb\x06tN\xb2\x0f\xf2\xa3\
j.M\x9c\xf1\xe6\x05\x94\xb8\x1a\xa9\x8dx\x85\xe0t\
\xa1\xdb\x90\xe6\xf1\xb9\xd1\x8b|\x11\xf5\xcf\xda:DP\
\x18\x82:Asi\xe2\xcc\xb7\xa6cn\xc6\xbe(?\
#;\x80\x0e\xe0)v\xef|\xd1\xb3&%\x07\x19H\
\xea\x81\xb3\x05\x17\x94`r\x13Lppe\x1e\x12\x09\
Ic\x0c\xc1N\xc3\x06\xc1Z\xc1K\xc0K\xa3\xed]\
I\x84\x9a\xbf\xf98F\x0d\xbf\x10\x97.G\xba\x12s\
r~=\xfc<4\xff\x92\xb6\x93V\x0c\xd6\x9d~G\
\x22\x0aC\xd0\x8f\xd0\xb2\xad\x9f\xe1\xe3O}\x03\xbb\x1d\
SY\x05'\x87\x00z0k\x8054i\x15{\xfe\
\xb7:\xbe\x9b2\x09\xdd\xd2\xa9\xc4\xeaE\xaa\xe2\xb3\x16\
\xb8\xf7s\xf1n\xb8\xee\x1c{o&C\xf9Za\xb4\
4\x11\x9a.\x84\xd2$\xa4\xaf\x1c\x92\xc83\x1f\xd6\x80\
\x96p\xec\xbe%\x8d,\x076\x14P\x18\x82\x01\xc6\x81\
\xe1/\x5c\x85\xd5\x0a\xb4\xd4A\xec\x1e\xe0u\xf0\xf6\xc9\
\x9b\xba\xde\xef\x98{\xc5\x8cj\x0c\xb5\xe0_-\xa7\xaf\
\xb8\xf8\x9e\xce\xc7)\xe9\xf3\xa8t\x0a0\x0ei,f\
\x1c\xd4\xa5\x02\xfb\xeb\x98\x0eJ\xfb;ho\xe9*\xde\
\xf4\x03\x8f<\xab\xb7\x05\xea\x88\x10\xb42f\x15\xb0\x8a\
\xe0I8\x00-{c$\xfb\x8e\xb9\x18|)\xd2\x97\
\x13\x92\xb6\xa6\xe1\x13\xc0Y\xa0\xb3\xde?\xfe\x84z\xab\
\xcc\xda\xf1_\x9c\x86\xb9\x04\x95\x03\x9e\xa8\xf5Q5b\
#%\xaf\xa2\xb9\xf9Y\xf6\xfc\xf7\x85\xc2\x7f\x7fd\xa1\
0\x04G\x10\xa2\xe1\xef\xb2\xa8%BO\xf4\x9c\x02|\
\x81\x12\xe7\x82' \x9d\x09\x8c+o\xbd\xee\x8f\x9a\x06\
\x19\xd5\x95\xdfFl\xc7\xde\x88\xb4\x1e\x9a\xd7\xb1\x7f\xff\
kn\x1f\xb3#\x8d\xa1\xc0\x91\x89bjP\xa0@\x81\
\xc1\x93\xbc\xb4@\x81\x02\xfd\x87!=5\x90\xf4Y\xe0\
G\xc0~\xc0\x8e\x15\xac\x88\xd1\x08\xb8\x93\xdeY\xf1R\
\xdb\xebs\xc8\x9e\x0e\x94Kc\xad\xb6\xbd<v\xae\x9d\
\xc4<\x8b5\xe1\xcf\xb6\xbbb2o\x06N\xaaQ\xc6\
z\xdbK\xab\x11E\xfd\xd4\x06|\x09\x18\x0d\x9c@\x88\
\xfc\xdb\x05\xfc\x13x\xacZ\x9fH\xba\x1dH\xdb|\xf5\
1\xb0\x0fx\x07\xf8\xbb\xedW\xf2\xde@L~\x1b\xbd\
;C\xf7\xda\x9e\x9b\x93o\x12\xd0\x1a\x1d\xee\xb2\xfd\xab\
Z\xaf}T\xc0\xf6\x90m\x84\x87\xb1\xec#\xefN\xa1\
i\x02zbt{\x81\x199d\xff<\xc6sW\xc5\
\xb9\xa5\xb1s}m7V\xc8\x5c\xd9\x07\x19\x8b3\xf4\
o\x01:\x13x\xde&<\xfc\x9b\x81\x0f*\xce\xfd\x03\
\x98\x98\x22ok\x1f\xf4\xfb#p\x5c\x8e\xbe\x9eFd\
\xccc\xed\xfe\x9c\xff\x81\xd91\x9e\xbf5\xfa?\xd9\xa8\
VL\x0djC7\xe1\xad\xb6T\xd2O\xfb*\xc4\xf6\
\xb7l+\xa9\x01\xf1\xe4}?N\xa3\xb3\xbd \xe3\x12\
\xdf\xcf\xe0\x8b\xb7k\x92\x98%\xfd!\xba\xd7\xa9\xc0\xbf\
\x81\xebc<'\xda>\xdb\xf6i\xb6?\x1d\xe9<\x0a\
x\x06Xh\xfb\xd5\x1c]0%K/\xa0|oW\
\x00\x9b%%%\x1c)\xeb\xda\x04\xdcG\x08=^\x0e\
\xdc\x13\x9d\xbaQ\xd2\xa59t)@\xb1FP+^\
\x03~\x18}\xbf]\xd2\xa2F*\xd3\x1f\x90\xf4\x17z\
Ky\xff\xc9\xf6\x08\xdb\xbf\xcd\xe2\xb1\xfd\xae\xed\xcbl\
\xff&\x8b./l\xdf\x04\x94\xf3\x9b\xb7\x90\x9c\x5c\xb6\
\x8c_\x03\x13\x80\x8f\x80\xdb\x80[\x81\x0d\x04\xc3po\
d(\x0aTA\xd1I\xb5a\x94\xed{\x81\xeb\x09C\
\xc9\x99\x92\x9e\x8b\xd6\x11\x06=$\xdd\x00|=:\xdc\
`;#?C\xbf\xea\xd1\x0c\x8c\x8f\xfd\xd4\x93Bw\
9ah\x0f\xf0\xb0\xed\xb5\x0e\xe3\xfd\xfb\xa2\xdf&\x00\
\x0f\xf4\x9b\xa2G\x11\x0aCP\x1b\x86\x03Do\xc8\xe9\
\x84\x88\xbeK\x80\xf5\x92\x92b\xfe\x1b\x85[%m\xca\
h\xebR\xf8\xe2e\xbf\x9f\x1f\x08E\xe3\x904R\xd2\
<\xe0=\xa0\x9c]\xe5\x01',hF\xc6\xe2nB\
\x84\xd3v`N\xf9\x9c\xedE@9=\xf9,I\xad\
\x95\xfc\x05\x0eFa\x08j\xc3\xb0\xf2\x17\x07/\xc0y\
\x84\xb7\xd59\xc0\x16I\xf1\x8c \x8dL{\xf5\x1e\xf0\
fF{'\x85/\x9e\xc8\xf3\xc3\x14\x1a$m\x94\xe4\
\x94\xd6\x95\xc6\x17CW\x12/\xf0.\xc1\x8b#`1\
0\xd2\xf6\x0d)2\x16\xd2\xeby\x99\xe7C\xf7A\xfc\
\x00\xd8\x1d\xc9\xbaK\xd2\x90\xf6\x90UC\xd19\x87\x01\
\xdb\x9b$\x9d\x06\xbc\x0c\x9c\x0b\xbc\x22\xe9\x9b\x0e\xc52\
R\x1f\xa4\x01\xc0\x83}\x9c\xafw\xc7\xbegm\xad\xfe\
\x1a\x07\xe7\x05\x18N\xf00$\xd5\x03H\xc2\x14\xdb\x07\
\xaaRKZ\x08\xcc\x8a\x0e_\x05\xcew,\xef`%\
$\xcd\x00\xbe\x13\x1d~\x00\xdc\x22))\xa9\xe2\x9eH\
\xb73\x80\x87\x80ks\xea7\xe4P\x18\x82\xc3\x84\xed\
\xffH\x9a\x08\xac L\x13\x9e\x94\xf4]`0\xe6\xc1\
_@xX\x8e\x05Z%}\xd5\xf6\x0b\x95D\xb6\x0f\
*\xde()w\x06\xa5$\xd8\x9e-i\x07p\x070\
\x11\xd8*i\xaa\xedC\xca\x89I\x1aF\x88\xeb\x80\xe0\
\xd1\xe8 {\xe7\xc3T\xc24c\xa6\xa4\xbf\xda~\xf4\
pt=ZQ\x18\x82: Z\xa0\x9a&\xe9\x11\xe0\
\xdb\x84\x8aI\x83\xce\xa3`{\x9d\xa49\xc0|\x821\
xZ\xd2\xd5\xb6\x9f\x1c\x80k\xdf)i3\xa1\x8e\xc4\
\x18`\x9d\xa4V\xdb\xcfT\x90>L\xefB\xe2/l\
\xff,K\xae\xa4i\x04\x0fD3p\x87\xa4eY\xa3\
\x8d\xa1\x8a\xc2\x10\xd4\x11\xb6gJ\xea\x06~Bc\x87\
\xa1#$\x8d\xafN\x86mo\xab\xf8a\x81\xa4\x95\xc0\
\xd3\xc0X\xa0C\xd2nB\x10\xd4b\xdb\xab\xcb\xb4\xd1\
\x82\xddt\x82\x17%\xb9hl\x0d\xb0\xfd{I[\x08\
\xa3\xab\x11\xc0rIsl\xdf\x1f]\xefZ\xa0=\x22\
\xef\xacf\x04\x22\x99\xcfI\xfa\x1da\xea1\x96`\xa4\
\xdbR\xc8\x9br\xf6\xdbG\xb6wV'\x1bDht\
DS#\x1b\xb5G\x16n\xcb)\xf7\x1aB\xc8lb\
da\x15\xde\xa7b|\xb7\xd5\xc0\xb72\xc6\x97\xb7e\
\xde\x0fp*\xb0\x84\xb0\xdeQM\xd6Z\xe0\xba\x0cY\
\xf1\xc8\xc2\xc9U\xae{\x22\xb0%F?\x1f\xf8$\xc1\
;`B\xcc\xc0\x94\x1a\xfafX\xc5\xf5\xbf\x17;7\
;\xe3\x9e\xd2Zg\xa3\xff\xbb\xf5n\xff\x07fd\x02\
\xee\x07\xe6\x85\xe3\x00\x00\x00\x00IEND\xaeB`\
\x82\
\x00\x00YS\
\x89\
PNG\x0d\x0a\x1a\x0a\x00\x00\x00\x0dIHDR\x00\
\x00\x00\x9f\x00\x00\x00\xa1\x08\x06\x00\x00\x01\xael]\xab\
\x00\x00\x00\x09pHYs\x00\x00\x02@\x00\x00\x02@\
\x01\x81_\x96\x8a\x00\x00\x00\x19tEXtSof\
tware\x00www.inksca\
pe.org\x9b\xee<\x1a\x00\x00 \x00ID\
ATx\x9c\xe4\xbdw|Te\xf6\xf8\xff>\x93\xde\
HH\x08\x99\x09\xbd\x08RU\x8a\xd8\x16\xec\xbd\xbb(\
$\xd8VW\xc4\xbe\xae\xdd\xb5\xe0\xae\xbb\xba\xaek\xef\
]Ih\x8b\x0d\x14\x1b\x8a\xa2\xa0(JW\x04\xe9\xc9\
L(\x81\xf4:s~\x7f<w&\xd33\x09\x01\xbf\
\x9f\xd7\xef\xbc^3\xf7\xde\xe7>\xed\x9e{\xee\xf3\x9c\
\xe7<\xa7\xa0\xaa\xb4\xf6\x03n\xb6\x8e\xf7\xb4\x9a\xb7\x95\
\x8a\xe6\x86IS\xeb\xf8i\xb82b\xdd\x0c\x01\x11\xc9\
P\xd5\xaa\x08\xf7R\x81\x1aU\x95\x90\x9bA\xad\x0f\xf2\
\xbf.\x83\xc2\xadq\xf1\xdb)*U\x8aJUU\xd5\
\x09\xee\xa02\x05\xde^\x07\xf4PDV\xab\xeaP\x11\
\xe9\xa6\xaa%\x09oms7\xdb\xe2l\xbe\x86\x0b\xf3\
\x19\xfe\xc1\x0eV\xedm\x06\xc09\xa9\x9b\xc7\xae\x1ag\
\x95}\x118FU\x07\xdb\xac\x84DU\x1dj\xf5\xb8\
D\x8a\x9d\x1a\x5c\x99\x14\x95r\x9c=\xc9\xf7d\x8ei\
%\xb6\x01\xff\xfer\x8buy\x92\xaa\x0e\x06\xf0\x16\xda\
\xe9\xc3O\xb1SQe\xc39y\xbc8&\xd3\xa4\x15\
\x95\x02\xf0\xc4\xc8\xcc\x00t\xad\xefvPO\x97\x88[\
U\xfbx\xd3lV\xaf2E\xe4Q\x97H\x1d\x16\x0a\
\xae\xfcv/W}W\x11\xf82\x8aJ\xd1\xc2\xfc\x80\
4\xc7\xb4R\x9b\xffu\xcbc\xa9\xfeu\xe8\xf3\xab\xea\
\xbd\xd7_\x9c\x98\x83\x16\xe6\xf3\xe8\xc8N\x01\x15\x9c\xb5\
\xb0\x9c@P\x5c\x22n\x11\x99\x0d\x98\x97\x22\x22\xcf\xf2\
\xa1\xfe\x85=\xcez\x22\x90Q0<5:\x93\xa7\xd7\
\xd5\xb0\xae\xb2\x99\x85w\x1c\xf7\xd5\xb8m\xeb\xc6\xf9?\
\xf25\xecu\xf5\x8fTX\x0b\xf3y\xe8\xd0\x8c\x80\xb4\
\xeb\xbf\xaf`]e3Z\x98\xcf\xcdW\xfe\xa7\x8b\x14\
\xbb\xdc\x01\x8f\x0c\xcc\x8eT\xa1\x14\x95r\xc7\xf2\xaa\x10\
\xfcy\xef\xcd}\xe0\xdc\x14\xe0\x81\xc0\x0a\x95\x81o<\
z\xd9\x97\x91*\xddtn\x9e\xefm\x03\x1c\x9a\x9d\xc0\
=\xc3L\xafm\x1eO/-\xb0O\x05\x02?=\x97\
\xc88\xc7\xb4\x92\x85\xc1\x95-\xb8\xfd8\x0e*\xf9\x95\
\xbf|\xb5\x9b9[\xeb\x03o\x8a\x80\xd8\x0atb\xde\
\xf4\xe0G\xc6Q\xe4\xfc\xfc\x83\xfb\xce\x5c\x1c\x5caF\
m%@he\x80\xb30\xdf\xe3\xad\xcc<i\xf0h\
R\xe4|(\xfe\xcd\xadn\xa6\x95\xe8\xf0\xbf\x7f\xa8[\
!\xe4\xc7\xb4\x12eZ\x89:\xc1M\x913\xf0\xdb\x0e\
;l\x159\x9b\x9d\xe0\xee\xf7\xef/u\xcaEw\xe9\
\x9a\xd4\x0c\xdd\x0a:\xe5\xa2\xbbt\xcaEw)E\xa5\
a+\x8b:\x1e2\xc3u&E\xae\x1b\x9c\xe0v\x82\
\x96\x80Z\xe7\xaf\x86\xab\xa8\xd5\xf1\xb0\xbd`\x0b\x97(\
\x22*\x22\x8f\xf9]\xbfm\x0d\xaa\x88\xc8\x0a\x11I\x17\
\x91wE\xa48\xa6\x0a\x81\x0fU\xf5/~\xd7I\xaa\
Z+\x22\xab\x81e\xc0-\xaaz.\x90\x19R2\x86\
\x09*\x198\x11X\x0cd\xed\xd3$eUx\x91u\
\xb4[\xc7\xf2h\x93T\xb8\x0aNn\xad\x11\xbf\xbc9\
\x11+\x04\xe2\x83o\x1aZ3\x13\x14E\xa5\xfa\xf73\
&/vB\x85_\x99\x191\x91\x8dK\xc4\xed(*\
\xb1a\xddz\xfd\xc8,.[\xb2\xd7\x9f\x0cp\x16\xe6\
\x0f\xb1\xab\xae\xb5\xde\xfcNU\xcd\x05B+t\x89\xb8\
\x1d\xd3J|o\xbfa\x82\x83\xa4\x19\xce\xb0\xa4P:\
\xa9[Q\xbe\xea\xc5\x0a*\x22\xaa\xaa\xe2+(S\xb1\
\xb9D~\xf4V\xe6\x1d\xfb\x22U\x06\x90_TZh\
Uv\x06\xf0<\x80\x00w\xa8\xeaC\xd02\xe3\xcd=\
6;\xcc\xdc\x11\x1e\x9c\x93\xba\xb9\xed\xaa\xf1\xdek\x9b\
\xb72\x00\xef|\xe2\xadL\x0b\xf39*71\xa0\x82\
\x90Y\xaf\xa84\xce\xf7\x94\x22\x1e\x9b\xf5\x99\xa9K\xc4\
\xed\xbd1.\xcfL\xe8RT\xca\xe2\x9d\x8d\x01\x95x\
Gm\x8f7\xcd\xef\x1d\xa8\xaa\xcd\xa6\xaa\xa2~L\xcf\
\xe5}S\xf9\xb2\xac\xc1\x97i\xe5\x19\xb9HQ)%\
\xe7\xdb\x03zf\xf3\x9b\x0e\x02\xd2\x83\x13^\xdbX\x1b\
p=\xfc\x03\xc3Tt{\xdb\x15R\xf8\xda\x01i\x91\
+\xf42>\xe1\xe0\xe3\xe3sB\xd2<\x85\xf9<\xf3\
k\x0d\x88\xe0\x9dB\x03*\x94b\x97[ \x84\xca\xdf\
\x1d\x97\xcd\xa0\xfcd\xb6N\xea\x16\xd8\x13\xeb\x91\x9d\x85\
\xf9\x1evW\xa7\xfa\xea\x09 l\x11\x91i%\x9e\xe0\
J\xbd\x95\xf5\x9cV\x12xC\x04D~\xd0\x89\xf6\xd1\
\xbe\xb4\x80\x0f{Z\xe9\xbf\x9cP\xc7\xb4ReZI\
\xd4\x09\xcab@c\x18m\x8a\x9c\x97l\x87\xee\x14\x95\
\xea\xb5\x17\xde\xa1S.\xbaK\xb7\x82.\xb4\xf75\x13\
\xd4\xb4\x12}\xf6\xa8\xf3\xbe\xa3\xd8uV\x9b\xc6C\x8a\
\x9cn\x17tu\x82\xbb\x04\xb4D\xa4\xde\x09n\xeeW\
\x1b\xc5\xce\xbd\xbf\xfb$\x15\x1ft\xfd\xa4\xdfy\xaa\x88\
T\x84\x96\x8aR!f\x04\xc9\xf2\xbb\xee'\x22W\x01\
\xa8j\xad\x1a\x8e\xf7)\x11\xf9 \xb4d\x8c\xc3}\xd0\
\xd0?\xd2:fY\xc7uQ\xf2\xa6[\xc7=\xedj\
+\xc6\x0e\x95\x02\xa3\x81]A\xe9y~\xe7\x0a|e\
\x9dO\xf5K\x17\xbf\xf3z\xeb\xd8\xc3:\xdaZk;\
\xd2+AD\xec\x22\xe2\xa5\xa8\x99\xaa\xfa\xbd\xaav\x09\
\xc2~\x99\xf7\xdc\x09\xd78\xa1\xc9%\xb2\xb4\x14\x1cN\
\x91.V\x1e\xf5\xcb\x9f,\x22\xebUu\x9b\x88\x8cP\
U\x8f5\x1aG\x1c\x96B\xa8ZDrTu\xb7u\
\xeeR\xd5\x80a\xb5L\xe4L\x85\xf7\x1cE\xa56\xd0\
\x90\xc1\xc9\x9e\x1c\x87\xf3\x82<\xfe\xb5\xa6\x8a\xdc\xa48\
\xfe\xbct/ ,\xb8\xe3\xc4o\x06o[{d\xf0\
\x18)\x22\x1f\x03\x8bUuj\xab\x1d\x14\x91\xfbTu\
\xaa\x88\xe4\x02\x9f\xab\xea0\xef=3\xf1\x97\xda\xd0\xf0\
\x9f\xe9\xccc:sa\xaf\x14\xdf|\xe3]l\x86\xb6\
(\x5c=\xff\x85\x1f\xee\x9d6\xb5\xdc\xa1z\x8a_\xdb\
\xcd\xc0vU\xed\x1d\xb1\x83V\xc6x\xccB=)Z\
\xc7\xfc'\xc1\xe7\xd7\xd70ei\xcb\x97}Q\xaf\x14\
fn\xa9\x0b\xfb ~-1\xe3\xe1\x09\x8bNX\xf5\
\xd5\x19]T\xabD\xa4\x1c\xb8\x1c\xc3\xd8-\x8a\xd6\xc1\
dU\xad\x07\xd8\x1e\x17\xbf\xbd\xc7\x9b[}\xd3HN\
\x92\x8diGu\xe6\xb4/v\xb7\xd2\xb8\x81\xe6\x82|\
V\xedm\xe2\xb0\x0fwF\xcedX\xae\xadv\xd5^\
~}\xf8\x02\xe8\xaa\xaaC\xbc\xeb\xdaw\x81s\x80\xc7\
\x81\xebT5!\x98\x97\xf3\x82\x17s\x89\xd3\x9d4y\
b\x1b\x95#\xben\xbfN\xba\x0a\xf3'\xe6\xa9\xce\x10\
\x11\x8f\xaaze\x16j\x13\x91\xc7U\xf5\x5c\x8b\x15\xf9\
\x8b\xd5\xb9\xcf\xcdk\x0d\xad\xeb\xc5\x0d5HQiH\
\xe7\xc2-y\xb50\x9f\xa7Gg\xfaD\x0a;.\xb0\
\x87\xe41\x19\x15\x85\x22\x00\xe6\x96\xa6\xb7$\xab\xc4\xab\
\xeaM\x01\x0f3ua\xbc\x13\xc6\x85<$\xe6\x83\x9d\
\xfc]\xf8Y\xc4\x8b\xa1\x91\xd9\x09,+o\x0aH\x0b\
>\xf7B\xe5Ev2\xe2mHQ)\x93\xaf\x7f\xfe\
\x9b\xf7\x00*\xa5\x0a\xf0}\xe9\xa1\xe3\xe0A\x07O\x0a\
NziLV8d\x86\x05o\xe7\xc2a4\x18:\
\xcdl\xe1\xe3\x06o\xfd\xd9\xcbfU\xfb\xe7\x097P\
\xbfb\x83K\xfd\x13\xfe\xfc\xdd\xde0\xd9\x22C\xfd\x04\
Gt\x9a\x03z\xa6\xc5\xb1\xe0\x84\x1c\x93O\xe0\xc6\xf7\
\x9e\x18+\xc5;N\xd4\x02{\xc0\xa21>\xa4\xa4[\
\x87\xe6\xbd\xb2s\xbb\xb30\xd7\x13m\xdc\x0b\x86\xb55\
\x9fb{\xe2\xbf\xa4\xae]\xc9\x8eI\xc0\xb4\x92\xb0X\
\x5c\xb5\xb7\x89\xe1\x1f\xecdk\x8d\x9b\x13\x16\x98\xd1`\
\xec\xaa/\xd7\xdaU\x87`\x98\xd5\x80\x81<\xa4\x83z\
\xb1\xe3g)v\x16\xd9U\xe3\x9c\xad\x0c\xce^\xb8n\
@\x1a\xbb\xcf\xba\x8f^e[\x02\xd2[\xc3\x22\xc0\x91\
?/^;\xf3\xa1\x82ce\xd8qn-\xb0\x87L\
yQ\x198)vU8\x0b\x1d+z\xbf\xb6\xe9\xf0\
\x86\x84\xc4$\xff{\xfdK\xd7\xf3\xf9m\xc7\xb6\xda\x01\
\x08\xc3<\x83w\xfc\xf38fi\x22\xcd\xae\xad:\xd1\
\xde-4Sd\xfe\x0d\x00-\xb0g:\x8a\x9c\xda\x90\
\x98\xf4\x86sR\xb7\xcdS>|\xe1{\xc4,\x8ar\
+v\xc5\xd4\xb9\xb0\x1d\x9b\xd4\xcd\xa3\x05\x0eq\x149\
\xd1\xf1\xb8#u\xcet\xa2-\xbcY\x91\xd3\xcd\x9b\xa5\
=]\xf0u\xc0\xea~Z\xa9\xaeJ\xcb\xf4\xad\x0cf\
\x0c>\xca\xb72\xa0\xa8T\xe7\xf5\x1b\xf1\x95W<M\
\x91\xd3M\x91\xeb\x8aX\xdb\xdc'\x1e]\xa6\xbb\x9a\xb0\
X\xb6-\x93\xf2E\xac5\xa73\xc7\xe1\x1a\xf3\xe4\x8f\
\x19@\x8a\xc9\xc8\xf1:\xd1\x1eQ\x14\x19\x15\xda\xc0E\
+\xe6\xa3:\xc8/\xed0\xe00\xeb\xfcV\xbf\xf3\xed\
XB\x7f`\x05p\x16\x90f]\x7fl\x1d\x8bci\
7*\x0dFx\xa0\xf5\x22\xf2\xa6u\xfe\x93\xaa\xfed\
\xdd*\xf1\x9e\xabjwU\xfd\xd9\xaf\xd8\x14U\xad\x11\
\x91\xb7\x81\x1f\xda\xda\xe0>\xff\x80c\xb0$J\x98=\
\x847\x80\x09\x1dR\xf7>v\xecC\xeb\x98\x16L\x0e\
~\xe7\xe5\xc0\x0dX\x8b\xa7\xb6\xfe\xda\xfc\x8a\x01D\xe4\
\xfe\xa0\xa4`v}\xb9\xdfy\xbc\xd5\xe1j\x11\xb9Z\
D\xbeiSc1b\xea\x11\xac\x15[\x10f>\xf0\
\xfb\x80\xea\x80D\xeb\xfa,\xeb\xd8\x1cTf\x81u\xac\
\xea\xb0W\x0c\xbc\xe1\xdf\xa9\x80{\xafmJn\x039\
x\x22\x91A\xbb:hae\xa6u\xbe)Z\xa5%\
\xd0\xc3\x09\xaf:ai)|\xe2\x84\xcb[\xe9l\x9d\
uL\xf5\xbe\x856u\xd0\xdb\x11\xa0!RA'4\
:\xc1}\xdd\x84\xbb\xbe\xf5\x97\x17ST\xaa7\xfeP\
\xa1u\xcd\x1e-\x11[\xb9\x13\xdcep\x12\xf7\xdfo\
\x0bjc\x89u\x9c\x00\xf4\x02:\x85k'\xdc\xa2\xe9\
\x18U\xfdZD^P\xd5\xc9\xc14\xeb\x12q/\x1c\
6\xee\xbb\x89wL?\xd2\x22\xe2\x80\xfb\x9e\xc2|\xb6\
\xd5\xb8\xe9\x99\x16g\xf1zf\xeev\x16\xe6{\xdcp\
L\xf7i\xbb\xb7ia\xf6v\xab\xadx`\x95\xaa\x0e\
\x8a\xf4\x8d\x04\xaf\x8bW\x02\x87\xaa\xaa\xc7\xba\x16/*\
\xcbD\xce\xf4\xc0\xcc\xfc\xa2\xd2\xd4\xe0NyA\x0b\xf3\
\xb9\xe0\xabr\xde\xdeV\x1f\xbaP\x12!\xb3fo\xf5\
/W\x0dN\xf5\xdb\xd9MV\xd5z\x119\x1cX\x04\
<\xab\x81;!\xe1\xe7b\x11\xa9\x022U\xd5#/\
\x92\xe0\x9c,+\xce\xb9\xf7\xdd\xb8\xa5\x03\x0f\x1f\x10\xad\
s\xd7.\xdd\xcb\xb3\xeb\x8d\x98\xd6\x7fm\x12T9\xce\
\xc2|O\x18\x09\xc3\xf1\xaa\xfaypv\x9b_\x86\xbf\
\xfb\x1aS\xcd`\xd6\x9axy\xa7\xac\xabs\xb2,>\
\xf8\xc5\xb5=\x97\x0e\x18\x1d\xb6s\xc7\xe4&\xa2\x85\xf9\
\x0c\x9a\xbb\xc3\xd79-\xcc\x0f\xdf9S9\x8e\xa2R\
\x9b\xbfd\x5cD\xae\xf5vND\xfe-\x22\x9d\xbd\xf7\
\xe2[\xca\xe9=V\x86{\x81#T\xf5\xf4\x12\x91\xac\
;\xff\xf4\x90\xbb\x2253@\x22]ttg\x0az\
\xa7\xb4<}\x10\xe7\xdc*\x7fdu\xd2)\xe2v\xbc\
\xb6)\x8d\x17\xf4E\x11\xa9\x03nT\xd5\xdbDd;\
\xd0\x1dZ6\xa4W\x00/\xa9\xea\xd3\xfe\xf5\x84\x13{\
x\xd7\x19\xd1\xd8\xf9\xdd\xe3\xed\xac\xdc\xd3\xc4q\x9f\xb5\
\x22\x81\x10\xa1\xb40\xffE\x87\xf51\x8a\xc8f\xe0\x0b\
\xe0JUu\xfb:\x18XF^Q\xd5+\x5c\x22\x8d\
\x8e\xa2\xd2\x84\xe0\xce\xc5\xb2\xce\x00\x88\x13#\xfahM\
\xa2\xe0,\xcco\xb2\xab&\xb6$\xc9\x18\xe0[\xccl\
4\xcf&\x22\x03\xac\x1b\xde\x85\xc3\xdd\x00\x1e\xb1\xed\x0d\
\xa69)*\xa5\xf8\xe8\xce\xc4\x02n5\xe2\x91\xa8\xeb\
c\xf3\xaa\x13\x5c\x22?\xb7$\xe9wj\xa4\x1c\xf3\xc0\
|$#\xc5\x10\xac\x88\xc8\x11\xaa\xear\x89<\xd9m\
\xda\xf6\xdc\xe0\xfa\x0az\xa7\xb0\xad\xd6\x1d\xd3\xa2\x1c\x88\
Yv\x03x\x91$\x22\x12\xa0\xfeb\x03\xe6\xa8j\x9c\
\xaa\xe6\xf3\xe4\xfa\x9fd\xf6\xdaD\xe0\xdap\xb5\x0c\xca\
L\xe0\xf6\x9f*\xb9|\xc9^\xb40\x9f\x9f\xcf\xec\xca\
\xe4\x83Bwt\xbcp\xdb\xe0t\x06\xcf\xdbA\xf5E\
\x8e\xc8]S\xe5\x86)O.\xb3\xae\xfa{\xc7]\x11\
\xe9\x09F\xe4\xd2UUw\x00H\x5c\xdc\x0au\xbb\x0f\
q\x894;\xa6\x95\x84\xacQo\x1d\x9c\xce#k\xab\
\x83\x93\x19\x96\x95\xc0\xb7\xa7t!mf\xcb~\xe1;\
\xe3\xb29\xb7{2RT\xca\x91\xb9\x89,>\xb9\x0b\
\xb9\xffs\xb1\xab!dk\xc7\xfb\xb1\xfc\xd3\xa1zw\
\xf0-\x1bp\x8d\x88\xcc\x11\x91%x<\xc7\x01<{\
\xe6\x94\x90\x05\xce\xc7\xc7\xe7\x84\xed\x1c\x18i\xc1\xc3k\
\xabI\xb4\xb5\xbc\x9d\xf3\xbe,\xf7} Kv6\x22\
E\xa5\xd4\xb9\x15wA>\xaf\x1c\x91\x15R\x87\xc0\x1d\
\xe1\xea\x0e\x9c\xea\x8a\xb7v\xd6\x82\x9e{R_\xdfX\
V\x97\x90\xdc\xd5\x9b^}\x91\x83\xf4\x99\x91wS\xbd\
\xd0\x96\xaf\xfc\xf6\xc1\xe9<tX'\xb2g;\xd9\xd3\
d\xe6jG\xb1s\x83N\xb4\x0f\xf4\xcf\x17\xc4Q'\
\xee\x02\xa8KL\xe9\xea\x9f\xda\xff\xfd\x1d\xadv\xec\xe8\
\xae\x89>9`z|\xa8\x9aW0<\xbc\xb6\x9a\xe2\
\xcdu\x94\x8f\xf7\xa3O\x95\xda\xe0|aY\xfea[\
V\xff\xea\x7f\xed\xaas\x87\xcb\xe6\x03)*\xe5\x9b\x1d\
\x8d\xbe\xf3GGdrv\xf7\xe4V;\xb9\xae\xb2\x99\
\xbc9e~):<\xa6\x0e\xbe\xf0\xe4\xe4\x80\xf7\x14\
\xd7:B\x02\xe0\xc5\x0d5\xac\xadhn5\xdf\xd4\xe1\
\x19\xec\xa8\xf7=|XAvP\x07\xe5f\x80>\xae\
Mc\xfdS\xddm\x10>\x080\xff\xb8\x1c6TE\
\xef`0\xbd6\xc1\xd1\xadvP\x0b\xf2\x9e\x90b\xd7\
\x0c\xd3R\x1b\xd1F\xcb<\xdduN\xe8\x0e\xb8\x17\x1e\
\x1b\x99\x19\xd2\xb95\x93\x87\xac\xe8\xa1\xfa\x1b\xc8\x92\xe0\
\xfc\xa1\x02L\x18o\x87\xa4\xb4\x86\xda\x8a\x9a\xc4\x94\xd4\
0\xf7C\x0b\xf4L\xe1\xe1\x7f]\xc2\xa6K?b\x8b\
\xbb\x99\x9e\xd3JXxb\x8eO\xc1\xc0\x1f.XT\
\xce_\x96\xf9\xc9\xb9E\xc8\xae\xde3L\x8a]3\xb4\
\xc0~L,\x1d|\x16\xd5\xe6\x0d\x22\xc9\x8e\xa2\xd2\x10\
\x96>\x1cxP\xe2\xe7\xcf\xf3]\xb7e\xb8\xc9\xae.\
/W\x18\x08\x94a\xd6'\x01\x10\xf2\x91h\x81\xfdz\
)v\xb9\x15\xc6\xe5T\xednU8}q\x9f\xd4\x10\
\x15\xb4X;\x87\x08k&\x0f\xcd\xca/v\x9eAc\
}\xa82C\xb8\x0e\x9a\x82\x5c\x99\xff\xd6\xf6\xaa\xd5W\
\x0f\xeb\xd4\x1a-\xbeyT\xe8\xac\x10+l\xb8b\xc0\
:\xbbj\x1c\xca\xabzY\xef\xb0\xc8\x88\xacx[\xec\
rk\x81=.\xd2^]\xb0\xa2E4\x08'\x02\xce\
\xdf]Z\xf6\xc3\x8d\xa3\x8b\xf3\x8b\x9c7\x86\x93M{\
!\xa2lF\x0b\xecqR\xecr\xdbU\xe3\x9c\x85\xf9\
\x9e\xf6|\xd5\xe1A\xc8\xac\xad\xa8Yv\xe3h\xf2\x8b\
\x9cW\x92P\x9b\x1d-wk2\xea\x8e\xed\xa4\x08/\
>=y\xe1/W\x0d^\xea(v\xa6\xe1n>I\
\xc7\xf7\x8d\xa8\x00\x01\xe1\xbf\xe2\xb0\x9d\xe4\xc9\xf5\xa9\xce\
\xc2\xfc\xda\x87.\xbcc\xc9\x13\xe7\xdcp\xf4sg]\
\xcb\xdeT\xb3\xe7R\x91\x96\xc9C\xaf\xde\xee+\xf3\xaf\
\x8b\xee\x0a\xea\x98\xf9s\x16\xe6{\x9a\xe1tG\x91\xb3\
\x9a\xf8\xe6t\x9d\xd8\xbd\xb5=\xdb\xd8e\xd4R\x5c\xf6\
\x13\xe8p/]\x06K\x17\xfci\xb2\xe7\xb4\x12_\xa7\
l\xea\xd1\x92I\xdd\x15\xf8\xc0Q\xec\xfc\x1a\xe5_\xd1\
h\xae\xdd\x1dl\xe9\xa8Q]\xd2\x02{\x9cSd\x8e\
\xc0\xb9\x00\x0a6oM6\xf0q\xa5\xcd\x90\xdecZ\
\xe9c\x88\xfc\x99\xc6\xfa\x9cH_k\x87u\xd0\xaf\xa3\
\xb7\x00\x0f[\x97\xdb\xb6\x16:|\x1b\xd2=\x8bJ\xe7\
\x83x\xb7\xfb\xb7i\x81\xbdw\xbb\x1a\xd9\x97\x0e\x1e(\
h\x93\x08XD\x9a\xac\xa3\x8a\xc8a~\xc7\x97\xadc\
/\x11\xb9GD\xba\x8b\xc8N\x11\xc9\x12\x91\xbe^\xf5\
\x16\x11Yg\x1d\xcf\x89\xb9\xd1X%\xa4\x16\xa6?\x07\
\xae\xa3E~\xe8=\xbe\x0c<i\x9do\xf6\xcb\xef\xd5\
Lj\xf6K\x1b\x08\x9c\x13k\x9bm\x15\xa2'\x03\x9b\
\x22<\xe8\x0d\xd6i/\x0bK\x8d~\xb7o\x15\x91\x1b\
D\xe4A\xe0\x97\xb64\xd8\xea8\x18\x04+U\xf5\x03\
\x11\x99o]\x7fh\x1d\x7f\xb3\x14\xc3\xcaTUDd\
\x03p\x12\xe0\xe5Z\xeb\x813U\xf5\x0c\x11\xf9\xd0\xf4\
_>\xc0l\xfe\x5c\x15\xb5\xc5\xb6\xbc\xe2\x8e\xfca\xd4\
\xb1\xdf\xf3\x17;\x03\xf9\xad\x94\xf1\xad\xeb\x81\x04\xbf\xf4\
z\xe0>\xff\xb4\x03\xf5k\xd7>N{@D\x8e\x11\
\x11\x7fq\x5c-\x90\xe0w\xfd\x02\xb0\xde\x1a\x18\x9a\xa3\
\xe9\x9b\xa9\x01\xef\x80\xf2\x0dp\xa4\xaaN\xf5\xa6\x05\xb5\
\xfbF\x07=B\xc4\xcet$U%\x00'\x03\x11\xb7\
w0\xa2\xf2\x02\xeb\xfc\x03\xbf\xf4\xae\xc0\xb2(\xe5&\
\x00\x8f\x05\xa5\x9d\x07L\xf3\xbb\xb6\xf9\x9d\xc7\x11\xb8c\
\x98\x83\xd1H\xeb\xd8g\xee \xc4\xfd\x05\x98\x1c\xe6\xe1\
vF)\xa3\xc0\xbc}lw\x08\xf0\x8eU\xd7\x5cZ\
f\x85\x7f\x00\xaf\xfb\xb5\xa3\x18\xbd\xbf\xe0\xf6S\xfe_\
A`\x06\xd0\x18&\xfd\x09\xe0\x84\x98\xeb\x99U\x91\xcd\
k\x9b\x921\xe2\xdf\x8e\xea\x9b\x06]\xbb\x81>Ai\
\x1b\x80k\xf6;\x02\xad\xcf\xf3k\xbf\xebM@\xaa\xdf\
\xf5(\xa0\xc1z\xbb\xab\xf0S\xfe\x0d\xf7\xb3tr\xcb\
,\x13\xa7\xe0_U\x89\xd8\xcaKD\xca\x9dP\x17!\
\xcf\xfa2(\x8c\xb1\xef\xe5\xf8\x19\xe0\x00\x17\x02\xd5^\
\xa4\xb6\xf7\x05\xb5\x9d\xd97\x13\xc1\x9b\xc0\x1f\x81\x9b\x80\
\xf1\xd6y\x1cp1O\xeal\xbd\x9e\x86\xe0r.\x91\
\xfb\x80{\x01j\x92R7\x9f\xf0\xd0g\x9d\xb7t\xed\
\x1d\xba\x9b\x11\xa1?\xcb\xcf\xc8\xe5\x90\xac\x969g\xea\
\xaaj\xee_e,e\x87lY\xbbe\xfe=\xa7I\
\x82\xbb\xc9\xecK\xc1_\xf2T\x9f\x94W\xd7e\xe8\x9f\
\x06\x06\x98\xd3\x8a\xc8\xb1\x98\x9d\xea\xef\xack\x8f\xaa\xda\
,\x1e\xeb\x12U\xed\xd1&|\xb4\x86@\xaf-P\x98\
\xf4C0Z\x13Y\xaa\x1a\xba\xa8\x15\x89w\x19-\xc5\
\x84\xb5=\x0e^r\xc2C\x9f[\x82?\x8da\x17\xcf\
\xc0\xf5\x03\xd3xr\x94Y\xd3\xde\xb7\xb2\x8a\x07,\x84\
ia>\x7f\xf8d\x17_\xefl\x0c, \xbe?\xd6\
\x5c=tuvU\xf9`\xa0\xdcn\x19H\x85y\x86\
\xb9\xc0)@_U\xdd\x1e[\xaf\x82\xea\x88\x84@\x11\
9\x0b\x18\x0b\xfc\x1b\xd8\x08l\x06\x0eQk\x93;\x12\
\xb8L\xa7N_\xd9{\xd8\xf7\xa7<\xf8\xf1\x18 &\
\xd1\x9d?|~b\x0e\xc7Y2\xc5?\x7f\xb7\x97\x97\
7\xb4\xc8\xd4\xe7\x8e\xcbfX\xe7\x04z\xbf[\x16\xa9\
\xb8\xf7\x09\xbc\xb8d\xed\xe4!+;W\xef\x19\xaa\xf0\
\x94C\xf5&\x01\xf1\xbeF\x11\xc9\x07J06\xb3\x89\
\xc0\xadj\xb4\xaa\x86b&\xb9\xdeQ[i\xc7'\x9c\
\x0b\xacU\xaf\xd9\xdb\x8b\xcb\x12\xf4\xaa\x91M.\xb3\x83\
\xdac\xc4S?\xecqf\xe7\xe7\xb4\x15i\x00\xa5\xe7\
\xe7\xe1H1\xec\xdf%K\xf6\xf0\xd6\xc6@\x81\xc8\x99\
\xdd\x92yo\x5c6q\xc51\x8a\x1d\x03;\xce\xe8\xf5\
K\x7f{\xff\xfes\xfb\x08|\x9b\xa7\x1aV\x14.\x22\
\x13\x81\x7f\xb5\x868_\xfep\x08\x14\x91\xee\xc0\xeb\xc0\
\x09\xc0\xab\xc0\xb5j)\xcd{\x11\xe6\xcd\xeb\x14yA\
\xe0\xca#\x1f[\xec\xda\xdc\xb5w~,\x88{\xe8\xd0\
N\x5c\xda7\x15{J \x1f\xbf\xa7\xd1C\xf6\xec\xf0\
b\xf7\xacD\x1b{\xc6\xdbc\x97\xd9\x86\x05C\x95'\
\xff\xf8\xe9\x9a7\x1e\xbdt\x10p\xb9]\xf5M\xdf]\
\x91\x93T\xf5S\xeb\xfcJ\x0cs\xbf\x158]U\x7f\
\x16\x91\xdd\xaa\x1a \xff\x0d\xd6E\xe9\x0e\x9c\x06\x9cj\
\x1dS\x80_\x81\x8f\x81\xf9\x18\x85\xabFYH\xbc\x1e\
K\xb3K\xc4]\x9d\x9a\xb1\xf6\xa0\x97\xd6\x0d\x8d\x86\xb8\
7\x8e\xca\xe2\x92>\x81\xbb\x04\x1b\xaa\x9a\xf9\xb0\xb4\x81\
\xe5{\x9ax\xed\xb7\x90m\xaf\x10\xb8{h\x06\xff8\
$c\x1f\x11\xe8\x05\x83\xc8\x92I\xddw\xdb\xd4\xd3\xd9\
_\xedDf\xafM\xd4\xf1\x83\x1b\x01D\xe4&\xe01\
\x8c\x10 \x09c\xd5\x1a0\x1fD\xa2@;\xf0\x1a\x06\
\x91\xafcx$\xdf\xf7T*\xd2\xc3\x06\x9bO{`\
\xde\x96\xe5\xfdF\xf4\x89\x84\xbcUg\xe6243\x81\
\xeaf\xe5\xaao\xf72\xbdU\xbb\x92\xd6\xe1\xacn\xc9\
\xbc\x7f\xac\x91\x14\xdf\xbc\xac\x92\xc7~\x09\xbf-\x1c\x13\
\x88\xf0\x97w\x1f\xfb\xe6\xb6\xd9\x8f\x1cY\x02\xc9\xa3T\
\x9b\xd5X\xadu\xc3\x18\x8f\xa5\x87/&\x07\xa9\xeaz\
\xf0C\xa0\x88\xd4\xa9jJ\xb8\x02\xfe\xb0C\xa4\xaf\x07\
\xd6\xf7ymcc}brr$\xe4}||\x0e\
[j\x9aC\x1c@t$4Nt\x90`\x13n\xf8\
\xa1\x82\xa7\xd6\xd5\xb4\xaf\x12\x11\x86lY\xb3\xf1\xb3\xbb\
N\xea]\x0e)\x83U\xbd\xd4w\x1fp?P\x09\xfc\
MU\x9f\x0a[\x5cU\x11\xe3hb\x82\xaa\xbaE\xe4\
$\x8cT\xe4\x0d\x00IN\xf5h}\xado\xb0r\x89\
\xb8G?\xfe\xed\xae\xed\xb9=\xbb\xc62\xde\xf9\xeb\x84\
\xfc\xe1\xd3]|\xbd\xa31J\xee\xb6\xc3\xabGfq\
y\xdfTfl\xaec\xe27{\xdaW\x89\x08\x97,\
x\xf3\xbb\x87_\xbdct\x18-\xb24\xc0\x89Ym\
}\x87\xd1-=\x16\x18\xa5\xaa\xcb\xa2\xb11\x9d\x80\x8b\
\x007\xc5\xdb~\xd0\x89\xddW\xbaD\xdc\xab\xfa\x0c_\
|\xf2?>:&\x16\xe4\xdd;,\x83\xa9\xc3\xcd\xb8\
uf\xb7d\xe6Z\x9f\xde)\x9f\xef\xe6\x13g\x08\xaf\
\xddnp\x9eo\xc7\x9eb\xa3\xf3l'{\x1b\xdb)\
\xc3\x16a\xf3e}~Kjj\xe8nWM6I\
r3\xb0TU\xbf\x0e\xcd.\xdf\xa8\xea\xd1\x02d\x03\
\x8bTuHP\x06\xa1\xb3\xdd\xa3\xe5N\x01p\x19{\
\xf8\xf7\x8d\x05\x221\xf1vw\x0dMg\xea\xb0\x0c\x12\
\xa6\xb7h\x88\x9c\x9a\x9f\xcc+Gd\xb1\xb6\xa2\x89\xe5\
\xe5M\x94\xd6y8<'\x81\x0bz&\x93`\x13\xbe\
\xdf\xdd\xc4\xe1\x1fE1k\xb3\xa0\xea\x22\x07\xe9\xf1\xc2\
\xf8E\xe5\xfcok=\x0f\x1f\xd6\x89\xdb\x06\x9b!\xeb\
\xac\x85\xe5\xcc+\x09u\xfa\x11\x15\xfc4C\x15\xf2\xf2\
\xdft\xd5\xe9\xc5y5\x22\xf2\x1ap1\xf0>\xd0\x0d\
8\x1c#\xb8=\x04\x0c\xab9\x0cxZU\xc7\x85\xd6\
\xd9\xb2\x0aq\x89\xb8\x9d\x9d\x1dKF<\xbd\xec\xe8X\
\x90'@\xc9\xf9v\x06\xbc_Fus\xecT\xf1\x87\
\xae\x89|uR\x17\xe6\x954p\xd6\xc2\xd8\xec\x09\x83\
\xe1\x1f\x87dp\xf7P\xe3\xc7\xa5\xb4\xce\xc3\xa9\x9f\xef\
f\xd5\xde\x08\xfa\x95\x01\x9d\x16J'u\xdb!\xaa5\
v\xd5\xbe\xb1\xb4\x15N[\xb0\xb3\xaa\xfa\x06\x13\x99\xbf\
!IO\xeb\xdf\xe0\x12q\x9fq\xff\xbc_\x7f<h\
\xc4\xc1\x91\x10\xd8%\xc9F\xe9\xf9y$No]'\
\xa95\xd8rn\x1eun\xe5\xe0\xb9\xd1U\x88b\x85\
\xf4xa\xf6\x1f:sj~\x8b\xf6\xce\x0f\xe5M|\
\xe6l\xe0\xce\xe5\xc6U\x0d\x22\xdcS\xfc\xf7\x85\xd7|\
\xf0\xdc\xd8h~\x0d\xfc\xa15\x0b+7\xa2Ct\xa2\
\xe3\x17k\x9b]\x00\x89\x84\xc0\xcfO\xcc\xe1\xf8\xd6t\
@\xa3\xc0\xa2\x93\xba\x90\x1a/\x9c\xf6E9;\xea\xdd\
\x5c\xd1/\x95\x97\x8f\xc8\xe2\xa4\x05\xbb\xf9\xcc\xd5qc\
\xa6\x17\xbc\x13\x9c\xab\xde\x8dcN\x99Y\xad\xac\xfbn\
\xf5\xfb\x0f\x9c7\xd8\xae\x1a'\xd3]\xdf\xa3\x8ch\xd7\
\xf6\xbf\x0f\xdc\xea\xdb\x9e\x8fw7G\xf4\xf9\xf1\xe2\x98\
\xac}B\x1e\xc0\xbd+\xab\x189\x7f\xa7O5\xea\x95\
\xdfj\x91\xa2R\xbe\xdc\xd1\xc8\xcfguE\x0b\xf3\xf9\
\xfe\xd4\xb0r\x81vA\xf7w\xccz\xba\xc1O\x0d\xad\
KUy\x0b\xdf\xa5\x84\xd5:\xf1\x87\xd6\x11h\xb3M\
\xf4\x9e^?\xf7\xe9\xd5\x91\xb2\xcd\xee\x00&\xf9\x8b\xb2\
\xf0T\xd6\xe4Q\x06\xcd\xddA\xcel\x17\xa3r\x12\xb8\
oXF\xd8|m\x85\xed\xe7\xe5\xf1cyS\x80`\
\xe2\x86w\x9f\xf4\x1f,{\x01!3\xb0?\xb4\x82@\
Y\x09\x5cc]\xfcp\xeb\xec\x7f\x1f\x19)\xe7\xa7\xfb\
\xe1\x13\x0b\x06\xd7\x05y\xeci\xf40uUX\x8fy\
1C\xbc\x98\xcf\xf7\xb6\x9f*\x199?p\xc6?t\
\xd3\x8a\xb1\x0a>'\x1c(S\xa2\xd6\x15\xb5\xa5\xfc\xbc\
\xd1\x94\xba\x1ad\xda\x16\x87\xaa\x8eq\x89\xb8\x93\x1b\xea\
\x1b\xea\x93\x92\x93\xda#mi\x0fx\x0d\x04^\xdeP\
\xbb\xcf\x93\xd3}\xc32\xb8\x7fx\x06\x1f;\x1bB\xd7\
\xd4\x22\x8c[\xb5p\x0d0\xc8\xa1\xfa\x17\x99^\xb6\x00\
@\x0b\xedk\xa3\xd5\xd9\xba@\xb5\xd8\xb5\x068\xd8R\
7\x99-p~[\x0c\xa0\xdb\x0a\xa3s\x12Xj\x8d\
sw.\xaf\xe4\xa15\xb1\xadu\x13l\xc2\x98\x9c\x04\
\x86e%\xd03-\x8eA\x99\xf1\x9c\xe3\xa7/\xebQ\
\x184o\x07\xbfV\x86\xd1\x00\xf5S0R\xb8%\x7f\
\xd6\x9agh\xca\xae\xc3\xe6\x19\xa5\x13\xf2\x7f\x0a-\xe0\
W4\x16y\xa0\x99\x8dY\xa1\x13\xed#\x5c\x22\xee\xba\
\xc4\x94\x0d}_\xfb-\xa2\x11N{A\x0b\xf3\xf9\xe2\
\xd0\xa3\xe8\xbf\x22D!\x14\x80\xd5%\xf5\x9c\x96\x9f\xc4\
\x07%\x0d\x14|SNeSK\xfbi\xf1\xc2\xe4\x83\
RI\xb4\x09\x9f:\x1b\x22\xdb\xd5\x84\x03\xa3\xf0^+\
PgW5\x1e\x0aE\x16\xea\xc4\xbc\x13Z-\x1a\xab\
@\xd5R|\x9a\xad\x05\xf6\x09.\x11wUj\xe6\xda\
\x01/\xfd\x1cU\x8c\xd5\x16\xd8\xf9G;\xb9\xffs\xf1\
\xc5\xadc\xe9\xe7\xfc-l\x9e\x81\xd3\x8dR}\xc7\x81\
\x11k\x95N\xeaV!\xaaqv\xd5\x0c\xf3\x9cZ\xa9\
\x05\x8e\x98\xacOb\xd6L\xb0x\xa1\xf1R\x5c\xf6\xab\
]5.\xa3\xb6\x22\xd7Y\x98\xdfl\xb9\x9cj\xf7#\
\x80Y\xb1\xf4}\xcf\xcc\x84\xc9M\x91'\xa3\x0eE\x9e\
\x18\xe49\x0b\xf3=\xa2\xba\xc2\x87<ak\xac\xc8\x83\
\xf6\xa9\xe0U\x00\xe9\x96\xae\xe0\x19\xc0\xfb'?\xf8\xf1\
\xe6U\xbd\x87\xf5\x8d\x85\x1a\x1d\xe5N^~\xecO\x01\
i=\xcf>\x8d\x8a\xe9F\x87\xbc\xdb\xae\xed\xc4y\xa2\
\xdb\x07\x84\x83\xb0\xee\x10\x22\x81\x08\x7f\x9e\xff\xd2\xb7\x0f\
L\xbb\xefp\x0f\x0c\xeeV\xec\xb4\xa3|\x8e\xc8M:\
1/\xac\xd8*bUmE \x80Lw\x1e\x8c\xca\
\x1aD\xdf\xd6\x89\x8e\xf1.\x91\x9d@v\xfe\xb4\x12\x9b\
\x8aD\x154\x0c\xda\xfa3\x1f\xdfub\x9b\xdbl\x0d\
bB\xa0\x08)\x8duu\x1b/\xef\x97$\xb0*O\
\xf5P)v5\x03\xd2\x16\xc5O\x7fh\x97r\x91N\
t\xfc\xa2\x05\xf68T\xdcR\xecr;\xa6\x97\xdec\
W\x8d+\x9d\xd4\xad\xdaY\x98\xef\xc9\xae\xdeS\xe5\xfd\
D\x82!\xb5\xa1\x9d\x82\xcf\xf6\x82`\x84\xa6[\xd7l\
w\x16\xe6{6^\xdeo\xb7]5\xce^\xec\xcc\x95\
b\x97\x1b\xb7\x1c\xd4^\xe4A\xdb\xf5\xef\x02@\x0b\xec\
\x13\x80\x092\xdd\xf9\xa2\x14\xbb\xdc\x14;\xbf\xd7\x89\xf6\
#V\x8b\xfcW\xe0\xc6\xfa\xc4\xe4M}^\xdb\xd8\xcf\
d6T\x99\xda\xd0\xfa\xfe\xc7>\x83\xdf\xfep\xc9\xa4\
n{l\xaa\x99\x02\xf7\xd9g\xe9\x1b4\xb9\x1a1\x88\
\xeb\xaf\x17\xe7\x85UvlSS\xed\xf9\x84#V6\
{{6M\xf1;\xad\x9ao\xd5\x89\x8e\xff:E\x1e\
\x17\xb8\x1e\xe0\xa6\xab\x1e[6s\xdcE-\xfe\x0d\xc3\
l\xb2\xfft\xcdpr*C\xd7\xd4\x8b\x86\x8e\xa5\xf0\
\x8e\xe9!\xe9\xa6-\xdf\x1f\xd7\xce{f\xe9\xdf\xa6?\
8\xca\xba\xf3\x80]u\xaaLw\xad@\x19\x0al\xd6\
\x02{\xbf}x\xc4\xd0\xa6;\x12\x81\x01\x15\xbfU\xd6\
\x95x-A\xb1!T\xd1\x10w\xb0^\x96\xebr\x89\
\xbc\x8a\x9f\xcb\xa4\x95}\x86/\xb9\xfc/\xaf\x0e*\xcd\
\xc9\xcf\x06X{\xc5\x00\xd2\xebC\x99\xe7\xa5\x03\xc7\xf0\
\xc7{\xdf\xf1]\x0f\xd9\xbaf\xe7\xb3O]\xb3m@\
\xe9\xfaC\xfd\xb2=bW\xbdC\x8aw\x14\x82\xc7\xbb\
]\xf9\x93\x16\xd8G\xb1\x9f\xe0\x80\xa9qK\x91k4\
\xc2B\xcc\x16!\x08M\xa8>@u\xe9#z\xd5\xc8\
\xa6\x12\x91\x9c88\xcbc|R\x85\xda\x01\x19\xa5\xa5\
9\x02\xef\x09|\x90\xa7Z#3\xb7\xf5\xc3\x9d\xf0 \
F?\xc7jH\xbe#~\xf7\xb1\xde\xad\xc9\xfd\xfe\x5c\
\x07\x0a\x81\x11;\xf0VYW\xe2\xf4\x1a\x8c\x02\xe5A\
[\x0b\x1da'\xb6_z\x1c\xcc\xc9\x0f}a\xa9\x95\
\xe8\xe7\x88\x143\xd1\xfez\xec\x9a6\xfb\x07:\x1c\x81\
\x22r\x97\xaa\xfeSDl\xc0\x9d\xaa\xfa\xa0\xdf\xbd\xbb\
U\xf5A\x11\xb9+\xb8\x9cU\xe6|\xe0`\xbf\xe4\xf5\
\xaa:\xdb*\xdb\x0f\xe3\x12\xa6\x1e\xb8ZU\x9bE$\
\x09\xf8\xab\x95\xb7\x1c\xe3$\xc0\xdf\xf5\xc1\xdf\x80WU\
\xb5\xd4\xba\x1e\x00\x8cP\xd5\x19\x1d\xf6\xc0\xed\xd5\x8b\x8b\
\xa2\x87\xa7\xd61\x1e\x98\x89\x9f\xe2%\xa1\xca\x8e\xc1\xd7\
/c\xa9\xffF\xcb\xe7\x97\x9e\x05\xac\xf0\xbb~\x1cK\
Q\x12\x98\x8c\xd9\x0cR\xbf\xfb\xe7\x10\xa3\x9f\xa7X\x7f\
\xfb[\xc9\xbc\x87\xaa&J\x8b#\xd4X\xa0\xb3e]\
\xd2\x17\xcc\x1e\x0d\xf0\x9bu\x9e!\x22[E\xc4_C\
\xac\xa7\x88|j\xb5\xf1\x1fU}\xd6J\x7f\x12X\x0d\
\x9c+\x22\xed\xf3\xe6\x15\x03\x1c\x10-}5\xb6\x19\xb1\
\xeez\xefQ\xd5\x8d\xaa\xba\xd1*\xbb\x07X#\x22\x0b\
U\xb5JU{\xe2g\xad\x05lU\xd5\x93\xac\xdd\xc3\
m\x00\x22R\xad\xaaIj\x1c~\xbd\x07\xa4\x89\xc8a\
\x1d\xf9L^\xf8\xdd'\x11/X\x147\x06\xb3\xef:\
ZU\x8f\xb1\xd2_\x03\x8e\xc4\xe81\xaf\xb7~\x1bT\
\xf5\x93\xdf\xab\xaf>\xe8\xe8\xf1\xaf\x0d\xe3\xe4\x02\xbf\xf3\
n\x98O-.J\xfe\x8b\xb0L\x1c\xf0\x0b\x1e\x80A\
\xec\x97\x9882\x07\xf6\x19\x0e\x10\xa2\x84\xa0\xc8\x0a\x84\
N\x1c\x9eV\xeax\x8e0\xc6k\x18\xa5\x9fd\x8c\xa9\
\xc3\xbb@\xe5\x81B\xde\x81c\x9eE\xea\x81!\xaa\xea\
\x9d\x04T\xfd\xf4\xeb\x82&\x97mj\xc67\xff\xf2?\
c\x9c*U\x04\xa5\x07\xd4\x13t\xaf\x1b\x90\xab\xaa\xcb\
\xc3\xdd\xdfW8`\xa6]j\x14t6X\xfc @\
\xc8\xca@\xad\xf8\x0b\xc1\x88\xb3\xe0\xe00\x88{\x04X\
a\x99\x83\xbdc)@\xf9\xc3v\xa0\xbbu?\xa2\x87\
\xb3vC\x07\x7f\x9e\xa31*^\x91\xee'\xd1\xc2\x13\
\xee\x8e\xf6\x19\x87)\x1br?Z\x19\xcc\xde\xed%~\
\xd7\xbf\x11&\xd0\xca\xbe\xfc:\x84\xf2D\xe4\x10\x11\xa9\
\x01\xd2\x80!\xd6\x9b\x0e\x91\x8e\xaaj\x03p\xb0\x88l\
\x05\x827q\xd7X\xe5TD6\x88HQ\xd0\xfd\x00\
\xa7\xb7\xd6'\x19v\x93DD\x86a\xfc\xa6l\xf4K\
\xee\x82\xb1F\xea8\xe8 \x8a\x0bG\x15n\xac\xb8=\
a\xee]\x1e\xaeL;\xda\xbd\x1e\xb3L\xab\x04\xfe\x12\
\xdc\x1f`\x22-\xf6p\x97\xfa\xdd\x7f\x1aX\xb8\xcf\xed\
\xefG\xe4e`\xc5n\x88Xn\x96FdM\xda\xd1\
\x07\xef\xe4\xf7\x0b\x96\xfd\x1d\x86\x8dy&(\xdf\xed\xc0\
\xea\x8eh\xb3\xa3&\x8c=\x22\x12 OS\x13\x8d0\
\xd4\xbb\x8e\x7f\x9e\xf1\x81\x9f\x91\xcc\xde\x93)S\x17\xb6\
K\x02\xee%5U=XU\x17X\xc9\xf1\xf8Ib\
D\xa4\x10\xb8^\xadP\x82V\xdaam\x5cF\xfa\xa0\
\xcd\x1d\x15\x91O1\xb1\xb9\xc0\x04\xfdjT\xd5lk\
\xac\x1a\xa5\xaa\xcb\xac|\xb7a\xac0c\x06\xd7\x85\xd9\
\xa3\x14Nq\xde\xcf\x00\x01\xaf\xd2\xb4*l\x17X\xe3\
\x81\x8f\xf2UCB\xcc\x85\xf4q\xf6\xec8\x1d?\xde\
\x0d\xb8h\xb14:\x01C\x85>?;\x96\x91u\x12\
\xd6\xd2\xae\xcd\xd0\xc6O\xa3\x0a\xe8b\x9d\xa7\x10\xe4\xe9\
\x15\xa3\xda\xea\x1bc\xa2}\x96%0\xd0\x09\xb3\x22X\
V\xbaKEvo\x8b\x8b\xdfV\x8a\xec\x8e\x98\x07^\
*\xf3\x0b\x03\x13fL\xf2~\xca\x83\xc3\xf4\xb5\x12\xcb\
0\x1b?\x93V,\x87\xc3\xb1\xfcb\xd740\xce\x15\
z\xab\x15\xfd\xd2\xe2\x9b\xa6\xaa\xea\x85!y\xfdl\xcb\
\xfca\xbbHJ\x9c\x91\x12\xfb\x82\x9a\xac\xea=l\xe9\
\x957\xbe\xd4\x7fk\xd7\x9e]\x82\xf3\x07\xc3\xa6s\xba\
\xd2;-\x8e\xcf\xd7\x95\xd5\xa6\x8c\x1b\xb3\xb6O\xd9\x96\
\x11\xde{\x0a\xd3\x1cp\x19\xaa\x1a\xa9}\xab\xdf=\x81\
-\x18\xb7\xbbU\xfeL\xb6\x88,\x05\xb6\xa8\xea\xf8p\
eC\xea\x8a\x15yV\xe5\xa7a\xbcZ\x1c\x0a\xcc\xc2\
\x18\xd6\x5c\x8a\x11h6\xa9j\xa2\x14m\x1f\xa6\x85\xdd\
W\xf9\x97s\x19[\xb9\x9f\x81\xce\x00\xb3\xff0\xfe\x87\
\x1b\xae~\xe2\xf0\x80\xca\xd5\xfb\xe7\x0d\xaf\xd1\x02\xc7v\
M\xe2\x8b\x93\x02\xf5\x16\xa5\xb8E\xeb\xea\xc5''/\
<\xeb\xbb\xb9^7r\x9b\x9bahw\xd5:)*\
\xef\xeeu\x07\xec\xf7\x0c\xab\xd4\x8axc\x09\x5co\x00\
n\x06\x9a\x80\xa3U5\xbc\x92M8|\xb4\x86<\x11\
\x99\xab\xaag\xf9]'cl\x1e\x8eS\xd5\x85\xad5\
\xe0\x12\xd9\x04\xf4T\x91\x9a\xd1\x8f/m*\xe9\xd2\xcd\
\xd2\x5c\x8dM\xa8>glg\xce\xefa\xecx\xde\xdc\
X\xc7E\xbd\x92I\x8a\x93\x10\xd7\xc4\x00\xc37\xae\xdc\
\xf4\xd1=\xa7v\x133\x96\xffdW\x1d\xd5\x0a\x15\x96\
b\x5c\xc0\xaf\xc7x\xee\x88jQ\x1aR>\x1a\xf2D\
d\x8aU\xe9\x93a\xeem\xc08v>/ }\xf6\
\x9eL\x1d\xdf\xb9\xc2e\xbc\xac\xdf\x03\xe8aO\xff\xb8\
\xd7\xd5\xd9nH\xa7\x0d\x94\xbe\xe7B;Y\x096\xaa\
\x9b\x94N\xb3\x9c(\xf0\xe1\xb1\xd9\x9c\xda-9|H\
<\x0b\x89\x87\xfe\xb6|\xcb\xfc{O\xef\x01 P\x90\
\xa7:3\xc2\xf3)\xc6\x8b\xf6Q\x11\xee\xc7\xa9\x9f\x98\
?\x18\xa2\x85\xc4J\x06\x9e\xc5X\xd9\x84\x80\xaa\xf6\x07\
>\x0bI7\x88\xdb\x01\xdc\xf3\xf2\xa9W.q\x14\x95\
\xc6\xb9q8{l\x00\x00 \x00IDAT:\xdb\
\x8d\xf9j\x8c\x88\x8b\x17\xe3\xa1;+\xc1Fy\xa3\x87\
\x0c\x0bq\x00':\x92\x98\xbd%\x82\x0d\x87\x1a\x1a[\
\xde\xef\xd0^\x8e\xa2R\xdb\xd2\x01\xa3\xbfU(v\x19\
\xa7\xc8\xe1\xe0D/\xe2D$E\x8c{\xfc\x1f,\xce\
\xe1}\xa0\xdao-\x1e\x02\xd1\xac\x8c\xbcf\xec\x0f\x03\
\xb7\x01\x17\xaa\xb59\x13\x09\x9c\x22\xa9b-\xbb\xfa\xbd\
\xba\xa1\xb16)5\xb9-\xd6\xe5\x009\x896v\x8d\
7\x11\x8bj\x9a5\xc4\x05\xab\x16\xe6\x936\xc3Im\
kZV\x16\x15\xf6\xd8\xb9\xadl\xe9Mcr\x01\xec\
\x10/_h\x9c\x1e\xeb\xf36\x84\x18\x9d\x9cZ\xe0)\
\xe0>U\xcd\xb0\xd2K02\xc2\x88\x9a\x07\x91\x02\xee\
eb\xedj\xa9\xea\xed\xd6l4\xcaz#!\xb3+\
\x80K\xa4\xb7@\x95\xc7f\xdb\xe9(*\xb5\xd5&\xa5\
&{)!V\xc8J\x14\x1f\xe2j\xc3 \xee\xae\xa1\
\xe9\xd45k\xeb\x883\x1d\x07U\xb6\xe5\xf6\xc8\xb3\xac\
\xa2\x9a\x5c\xd0\xbc\xf38I\x09\xcc\xa6\xb9\xaa\xdaKU\
\xff\x03\x9c.\x22\xff\x14\xe3\x91\xfd\xe8h\x88\x83\xf6\xa8\
\xa4\x89<Lb\xe24mh\xf0\xcd\xa8^\x93\xd5\xda\
\xa4\xb4\xdf\xfa\xbd\xba\xfe\xa0\x96\x993v8\xa3[2\
\xf3,\xfb\xb7\x9d\xf5n\xba\xce\x095\xc3o*\xc8\xe7\
\xa2E\xc6\x9f}\x1b;\x0d\xc0\xf6\x8b\xbb\xef\x88\xf3x\
\xba\x08t\xcaS\x0d\xab\x99d\x8d\x83}Tusk\
\xd5\x86P\x9e\x88|&\x22#\xc2e\x06\x8b\x12\xfd\x10\
W.\xd2\xc9\x06\x9bk\x93\xd3\xd6\xf7{u\xfdAV\
\xae\xd6\xda\x0d\x807\x8f\xca\xf2!n\xe9\xae\xa6\xb0\x88\
\xfb\xe7\xa1\x9d\x88\x17\xda\x8e8\xd3i\x00\xba\xbf\xb5\xbd\
\xab\xc7f\xdb\xa9P\x89\x88Mf\x13\x10B\xd6\xda\x9d\
\x0b@\x9c%1\xda&\x22!\xae\x00C\xd5\x1dTO\
\x04\x8e\x12\x91&1\x0e\xe7\xce\x0c\xd7\x1f\x99j\xca6\
\xc2\x1e\xb7-\xce\xd5\xef\x95\xf5\x03\xcd\xf8\x16\x1dq\xfd\
2\xe2Ypb\x0e\xcd\x05\xf9h\xa1\xf9]lY\x9e\
\xdf\xf2c%c>\x0eo\x14x\xc3\xc04\x9e\xf8e\
\x1f\xd4\xd8\xac!\xa4\xdb[\xdb\xf3\x80z\x174\xe9x\
\x1aev\x99\xe1\xf9f\xefL\xc7x\xda\xd8,\xc6\xc9\
\xdeB\x8b\x0a\xc7\xabq[\xf2\xb9\x88\x04\x18\x93\xc4\xc2\
\xe7\x1d\x0d\xfc\x0b\x18C\xf7\xeeY\xbam[\x9dL\xc5\
\xa6\xf7\xe1q\x99\xb7\x91\x11\x8b\xa5\xe5\x98\x9c\x04\x16\x9c\
\xd8\x85\xb40n\xab\xeb\xddJ\xcelW\xd4\xb1L\x0b\
\xf3\xe9\xf9N\x19\xdbj\xf7Q$\xe7g=\x09\xfcj\
\xf7\x8b\xa1!II\x83il\x5c\x83\xf1\xb41\x09\xb3\
\xa4\xf3\xdf*\xf8TUO\xf2^\x07P\x9e\x88\x1c'\
\x22\x0f\x8b\xc8Jkrh\x00\xee\xb2*\x1b\xa6\xdb\xb6\
\xd5\x01\xe8}x\x9c\x22\xcf\x03\x19=\xdf\xd8bf\xae\
\x08\x88\xeb\x9a\x1cG\xf5E\x0e\xbe=5\xd7\x878\x05\
\xe6l\xad\xe3\xde\x15Ut\x7f\xa7\x8c\x94XfO\x8c\
\xa5\xe4>\x83\xd5\xcf\xd1\x8f\x7f\xb7\x1b\x18\xe0\x14\xb9\xd8\
w\xab\xa1a\xad\x9a\xf5\xf0\x85\xdab]\xfe\x82u|\
\x1a\x13f\xd5\x07>\xa9\x8a\x18\xbf\x8f\xefb\x16\xf7\xe3\
Uu]\xc4\x0e\x88\xc4\x0b\xfc\xf9\xdf\x7f\xbc\xf5\xbb\xa6\
\xf8\x84##!n\x5c\xd7D\x16\x9e\xd4\xb2d-o\
\xf40\xee\xd3]\xac\xde\xdb\xba\xbb\xef`\x98\xba\xb2\x8a\
\xfb\x86gP\xd8'\x95\x89_\x973{k;\xc6>\
/\xa8\xb2=\xb7G\xee\xf2\xbe\x87|}\xe8\xc6\x15\xaf\
\x03oyoyW$b<<v\x07\xfa\x8b\xc8G\
\x18\xbd\x989\xfe\xd5Dr\x08q\x15\x86\xef\xa9\x02\xfe\
\xa4\xaa\xef\xfb\xdfw\x89T($\xe7\x17\x95&F\x9a\
Y;%\x08\x15\x17\x1ao\xf1s\xb6\xd6s\xd1\xd7\xe5\
mr[\x1e\x09\xd6\x9e\xd9\x95A\x99\xf1\x94\xd5\xbb\xb1\
\x87\x99Xb\x86\xc0\xcfw\xb5\xdd2n6\xb7\xa4\x1c\
8UU\x97\x86\x16\x93\x5cU\xdd\x09\x11\xf8<U}\
Q\x8d\xcaB\x17\xcc[\xb8\xdc{\xcf)r0\x90\xde\
\xff\xd5\x0d\xd6\xe0\x13\x1e#\xbf\x9e\x9d\x07@\xe7\xd9N\
\xfe\xb8\xa8c\x10\x070x\xde\x0e\x9e\xf9\xb5\x86\xbc\xe4\
8\xb40\x9f\x83;%\xb4^(\x1cXDs\xf2\x83\
\x1fo\x02\x86n0\x1aX\x16d\x1c\xe4E\x9c\x88\xc4\
\x89\xc8\xdd\x22RoM \x7f\xf3\xe6\xf2\x06=}\xcd\
Z\x8e\x85iC\xe7\xaa\xeak~I+\xdc6\xdb\xce\
\xda\xa4\xd4\x94h\x13D^\xb2\x8d\xb8\xe2\xd2\xf6\xfb\x15\
\x88\x02\xd7}_\xc1-?\x9a]\xc8\x9f\xcf\xda\x07\x93\
TUV\xf5\x1e\xd6\x0f\xf0\xa4\xfb9\x5cU\xad\xdcm\
\xb1'\x0a\xbc\x0d\xbc\xad\xaa\xc9\xd6xx\xa37\x9f\x97\
\xf2.S\xaf\xa7 \x13\xe6\xd6\x07\xfe\x9aI[D\x1c\
\x02\xf1\x03^\xfe5#\x1a/w\xdf\xb0\x0c\x12\xa7;\
\xf1(<wx&\x17\xf4l=\xe6B[\xe1\xd1\x9f\
kXdy\xe4x\xf6\xf0\xccVrG\x873\xa7\xce\
\xdb\x08\xf4DZ,xT\xb5\x87\x85\xacs40\x12\
\xa0\x0f\xbc\xc8\xf3g\x00\x8f\xf5\x9e\x88\x91\xc3\xf9$*\
\xc9\xc6\x93\x90\xa76)5\x95\xf0\x9b\xf4\x00\xfc\xf7\xe7\
j\x9a<\xca\xda3\xbbr\xf5Ai\xfc\xef\x0f\xd9l\
=/\xaf]\x0f\x16\x0d\xc6~jv#\xa7D\x89&\
\xd3:(\xcb\xfa\x8f\x18\x00\xe04n\x97\x02@D\xfe\
aq\x1e\x9bEd\xbe\x88\x94\x8b\x11\xb3a\x13\xf3\xad\
?g\xed\x95z\xe5\xfd\x9f\x8a\xc8\x95$$?\x06\xdc\
+o\x95u5\xcd0lj\xe1\xfd\xdf{\x1b\x8d\x04\
U\x96\xb3\x87A\x99\xf1\xbc\xb8\xbe\x96\xf2F\x0f=R\
\xe3|\xeeG:\x12\xe6Z^2NvD\xddk\x8a\
\x0c\xd6c,\x1dp\xf8\xd7\x02W\xf8\xdf\x12\x91E\x18\
g\x89\xa2\xaa\xbdU\xf54U\xcd\x06.\x11\x91\xa7\xa3\
IU\x8e$>a\x8265\xde\x08\xe0\x129\x0e\xf8\
,R\xf0\xf3\xb0\xfd*\xcc\xe7\xea\xa5\x15\xbc\xb0\xbe\x86\
\xf2\xf1v:'\xdaXV\xde\xc4\xa8\xf9\xad\xbb\x16\x89\
\x152\x13\x85\xbd\xe3\x1dl\xacv\xd3\xef\xbdv\xce\xbe\
~3o<du1;\x7f\xad\xe9\xc18#\x87,\
P]\xe2E\x1c\x80\xc0\xdf\xf1*\x16\xb6a\x0e\xf0\xce\
\xb2\xd9\xb3]T4y\x18\x99\x9d\x80\x16\xe6\xe3.\xc8\
g\xce\xd8\xce\xdc:(\x9d\x82\xde)aW\x1e\xd1 \
\xc1&\xfcpZ.\x15\x8d\xca\xaez\x0f}\xd3\xe38\
7\x86x6\xadA\xb3\xe5\xe5\xd2\x82H\x12\xe8\x15\xc0\
%6\xeb\x1b\x0e\x19\x90D\xe4%\x119C\xa6\xedr\
X\xb5\x1c\xf9\xf9\xf0\xe3Z\xdd\xf6\x0b\x86\xaf\xfc|\x10\
d\xcdr\xb1tw\x13k\xf66Q\xb4\xb9\x8e\xa5\xbb\
\x9b\xc8H\x10\xee\x1c\x9aN\xf5E\x0e\xb40\x9f\xf3z\
\xb4\x8e\x80\x8b\xfb\xa6\xd08\xd1\xc1\xc8l\xc3\xa6\xe4\xce\
q\xe1V\x13\x90j\xf1)\xad\xee#\x85\x82\xf5\xf5U\
\xa6e\xae\xc6x\x036p\xd6U\xe9\xd6x\xf7\xa3\x88\
|l\xe1J\x81\x9bU\xf5S\xc1\xec\x17G\x22\xcdU\
\xdc\xff\xc5az\xdf\xb1\xcd.\x11\xf7\xc0\x97~\xae\xa9\
L\xcd\xcc\x88U\x22\xdc\x96\xc0-\x00?\x9d\x9e\xcb\xa1\
\x9d\x13\xb8\xf2\xdb\xbd\xbc\x12\xc5\x15\x9d\xbf\x1f,\xff\xfa\
\xbf?-\x97Q\x16B\x1f\xfb\xa5\x9a\x9b\x97U\xc6\xdc\
6\x22\x9c\xbb\xe4\xbd\x1f\x9e{z\xca\x88\x98}\xb5`\
tJR\xd5(\xe1\xf8\xd5%wb\x14\x05\x9f\xd9.\
\xd2-\x1e\xb6\xb6\xc5\xd5\xd2\xa4\xde)\x5c70\x8d#\
>n[Pj\xe7\xf9y\xd8S\xe2\xda\xed\x9b\xafs\
\xa2\xb0\xe8\xe4.\x0c\xc94H|z]\x0d\xd7\xff\x10\
\x83\xd763\xeey\x9c\x85\xf9\xd8U\xe3\xfc}\xf7E\
\x02\x1bf}[%F\xdb\xfc\x09\x11\x99!&N\xc2\
\x1fT\xf5\x19L\x86VM\xcd\xbd0:'\x81e\xa7\
\xe52ms]\x9b\x11\x07\xe0x\xbb\x0c\xc5Pa{\
`O\xa32t\xdeN\xa4\xa8\x94\xcb\x96\xec\xe5(+\
\xb4\xe5\x8a3r\xb9n@\x14\x96\xc6\xd0\x83\x0d`\xbb\
H\xffX,\x8b\xe2\xd5L\xb7\x89\x80\xd7;Z\x93\xaa\
\x06\xc7;j1\xc6\x8bBu_\x9f\xdc\x85\x85e\x8d\
!n;\xda\x0a\xfd\xde+c\xe39y\xa4\xc6Il\
\x22\xf7\x08\xf0\xc6\xc6Z\xde\xd8h>\xffk\x07\xa4\xf1\
\xef\xc3:\xf1\xd4h\xc3P\xbb\xea<\xfcV\xdd\xcc1\
\x9fX/\xd8o\xe0J0\xcf\xbb\xa1\xb5\xfa\x03\xc3|\
\xa9V\xaa\xe5\x11Rfl\xcb\x97\xe2\xad\x9d\x01\x14\x0e\
j\xad\xa2#\xba$P\xd1\xa8\xfcmE\x1b\xc6\x99\x08\
\xb0\xa9\xda\xcd\xff\xb6\xd6\xb1\xfe\x9c\xae\xadg\x8e\x11\x9e\
\xf9\xb5\x86\xb4\x99N\xba\xfc\xcf\xc5\x02W\x03\xf6\x14\x1b\
G\xe7&\xb2\xeel\xab\x0d?\xa2Po|\xc8b\x97\
\xdb\x0a\xff\x18\x16\x22kIy\x12\x9e\xf2\xc6\xed\xb3A\
'\x08u`\xed\x0f\xcf\x1f\x9e\xc5\x19\xed\xf4h\x06p\
\xd3\xc1i,=5\x97\x97\xad(\x88\xe3\x17\xed!7\
\xc9\xc6\xfa\xb3;ve\xb2\xbb\xc1\xc3\x89\x0bv\xf3\xcc\
\xafF*= #\x9e\xdei\x81\xf3\x83\x1a+#\x03\
\xdb;\xb5\xc77\x95\xcd'\xb2U\x93/\xeanz\xf7\
\xd4v\x1bUc\x13\x13xntN\x02\x13z\xb5l\
n%Nw\xd2=\xd5\x86\x16\xe6s\xff\xf0\x8eq\xa7\
\xe4\x85\xeb\xbeo\x99D.\xef\x17\x12\xa6\xae\x05/\x9d\
#\xfb\xc6\x8b\xacb&Z\xede\x11\x15\xaa\xc4hE\
E\x84\xe9\x9b\xdb\xef\x97\xca\xa3\x903\xdbER\x1c8\
\xeb\x02\xdfQ\xca\x0c'\xb7\x0cN\xe7\x91\xc3:q\xdf\
\xb0\x0c\xf2\xdf.\xc3\xd9J@\xc8X\xa1\xd9\xa3\xc4\xdb\
\x84\x87\x83\x1c\xe7\x08\xb4`\xb6\xb1w\xdb5\x06P\xf7\
V\xbf\xcaZ\x1d<{\xa5\xb5\x9f\xf2\xc0H\x99\x83\x11\
\xe7\x85\xff\xac\xad\xf6\xb1.\x1d)`\x88\xb7\x09\xdbj\
\xdd!\x93\x92\xc2zy}s2\x80^ED\xcf8\
\x91\x91'\xf8\xc4\xf0\x0a?\xf9\xdf\x08\x07\x87tn\xa7\
P\xb2\x0dP\xe7V\xda\xb8\x8a\x8b\x08\xd7\x0f4l\xcb\
A\xefy\x9d&\xb6T\xec\x86\xe5$%\xb5j9\x1e\
\x19y\xcdM\xdf\xfaU\xd6\x22\xe3\x8b\xd0\xf9+\xbfm\
S\x84\xb3vA\x92M\xa8i\x83{\xceh\xf0\xc4\xa8\
L\xde\xdb^OC\x98\x08\xcd\xddUW\xa1\xd2*o\
\x1bY0pq\xafM\x00R\xe4\x1a\xdd\xddr\xe0\x9c\
\xd8\xdc\x18\x91q\xdc\xdf\xae\xe4\xee\x18\x92\x8eM\xe0\x8c\
/\x22\xfaS\x8c\x19>86\x1bU8\xf7K\xbf\xba\
\x04\x8e_\xf1\xb9\x9fB\x90\x14\xb6VO\x0c\x8e\x0c\xb9\
\xda{\xfa\x9f\x97o\x8bY\xf1\xaf#\xe1\x81C2\xf8\
\xd7\xa1\x9d\x98\xf0\xf5\x1e\xbe\xdc\xb1o/\xe9\xd3\x13r\
8\xbd[2\x99\xb3C\x95\xbf\x1ey\xe5v?\xe2\xd0\
~ !\x1b@\xfe\x10\x1dyB\x15\xcae\xd6\xd5\xba\
\xf1\x8bf\x8d\x8e\x96\xbd\xa3al\xd7$*.\xb4s\
\xf3\xc1\xe98\xe6\x941s\x1f<M&\xda\x84\xf2\xf1\
vN\xb4'\x919\xcbIuS\xe8\xe7\x9a\xbf\xbbd\
\xa4\x1amW/<\x14\xad\xce\xe8\xc8S\xf1\xc9\xb6l\
f\xd7\xc8\x92\x17uT8\xd2\xf0p\xbc=\x89\xe6\x82\
|\xbe<)\x87;\x97W\x91>\xd3\x89\xab\xbe\xed\xec\
If\x82\x8dK\xfb\xa6\xb2\xfc\xf4\x5c\x1a&:H\xb4\
\x19\x8d\xd2\xca`\xc4\xf99\x1fk\x86{e\xc6\x8e\xf3\
\x00\xb4 \xef\xbdh\xf5G5%\xd0\x82\xbc'\xa5\xd8\
\xf5\x98\xcc,;SU\xdfv\x89p\xca\x8f\x1f\xaf\xfc\
x\xc4)\xc3\xf7\x97\x9f\x89e\xa7\xe52\x22;\x81\xca\
&\x0fY\xb3\x5c17\xe3H\x89c\x5c^\x22\xbd\xd3\
\xe2\xe8\x93\x1e\xcf\xa4\xde)\xa4\xfaM\xcd\x1f\x964D\
]\x01=\xfd\xec\xf5\x0b\x81\xb1=TK)v\xbd\x18\
K\x9b\xb1\xd9a\xb8\xb5\x08\x13\xc1\xaf\xec\xb5G\xff\xd4\
7\xbf\xa8\x84p\x8a\xd7\xfb\x0a\x15\x17\xda\xd9}\xce9\
l\x02j\xbeZ\xc4\x96\x9a\x16^\xf5\xd2[\xdf\xe2\x8b\
C\x8e\xe7\x9c\xee\xc9\xbc3.;&\xdaoV\x98\xb6\
\xb1\x96+\xbe\xdbK\x98I5\x00.\xf8f\xceXZ\
B0f\x03\x0f\xb4V\x7f\xeb\xc8\x13\xbd\x06\x95g\x01\
\xdcpz\x1c\xba\xcc\xa6\x1e\xf5\x88M:\x12w\x9f\x9e\
\x90\xc3\x8f{\x9a\xe8gE\xc1\x0e\xdeL\xec\x9a\x97M\
\x83\x15\xf1\xe0\xb2%{ysc\xa0\xb0\xf4dG2\
cr\x12\xd8R\xeb\xa6xS-1s4\x22\xd8\xf7\
\x94\x95\x03Y\xf50^\xa6\xbbn\x03\xd0\x02\xfb\xd4V\
\x8b\xc6\xa2\xdc(\xc5.7\xca<-\xb4\x9f\xe3\x12q\
\xd7&\xa5\xfd\xda\xef\xd5\xf5\x11=\x80\xb7\x07\x1a&8\
H\x9a\xe1\x8c\x18o\xbab\xebn:eg\xd2\xab\xd5\
\xd8Cm\x04\x11J\x0b\xbbU\x09\x8a]\xb5\x93\xe5\xb4\
\xd0\xa5\x13\xed\xad\x06\xbe\x8e\xd5\xf6l\x16\xc2\x99V\x81\
SS\x1bj\x06\x88j\xc0@\xbb/\xf0\xe8\x88L\x06\
\x7f\x10]\x06\xb8t\xcb\x9e\xfd\x82\xb8\xec\xaa\xf2=\x82\
\xa6\x09\xf4\xf7N\x144\xd4\x0fi\xa5$\x10#\xf2\xb4\
\xc0>\x11@\x8a\x9c\xf3\xbb\x9a\xd8<\xba\xfd\xe2\x1e\xd6\
\xe8\xbb\xef\x08\xbcyP\x1a\xbfUE\xd7\x9c\xfa\xef\x97\
\xe1\xfd\x8f\xb6\x1f|a\xc62\x80\xf2<\xd5\x1dx<\
\xff\x03\xf6\xc4\x1a\x10\xba\x0dV\x8f\xfa\x14\x22'\xcb\xeb\
\x9b\x93\x9b\xa1\xabM=\x9d\xc7\xadZ\xb8f_q\x97\
h\x13\xaa\x9aZ\xb7\x1di\x8a\xef\xe0\xb5\xb3\xc0\xc3\xaf\
\xde\xbe\x08\xb0\xd9\xa1\xab\x14\xbb\x1e\x01\xc0-\xbdb\xad\
\xa2\x0dNZ\x1d7\x01\x90\x94\xbc\xb7\xbbj9\xf0\xf5\
\x8c\x87\x0a\x8cV\xe5>|\xbe\xd7\x0dLe\xc9\xae\xd6\
]\xfa6\xc5G\x14\xe8\xb6\x1dDHj\xaao\xbad\
\xc1[G\x03\x8f\xc8\x17\x1a\x07\xdc\x0c\xfa\xa9^\x9c\x17\
\xb3\xeen\xdbl\xcff\xb8z\xe3\xe17\x84gt\xa2\
\xfd\x06\x97H\xb3\x22u\xf9E%&JH\x0cu}\
p\xcfi\x01\xd7\x9d\x86\x0e\x22\xbd\xba\x82\x9a5F\x97\
\xa6\xe7\x8e-1\xf7\xc7\x0b\xdf\x0c9\x86\x89w\x865\
\xf2\x09\x85@\xbd\xbc*\xbbj\x96\x14;\x1b@\xe2\xdb\
\xea&\xb3M\xf6\xb6:\xc1\xbeY\x8a]o\xa2\x5c+\
E\xae\xe7\x15\x92]h\xc3\xaa)\xc3\x97\x0f{n\xe5\
\xa1\xb1\xb0~\xc36\xad\x0cL\xb0\xae[\x0d'\x10\x05\
<\x91\x8dt\x02\xc1B\xdc\xb6Kzm\x03\xbaY\x88\
\xfb\x04$\x1eOC\xf7\xb6\xb6\xdbfKo-\xb0_\
\x0eT#\xac\x92Y\xaa\x02\x87t\xa9\xdc5\xfc\x93\xbb\
O\xf9\xd6(\xa5\xee\xdf\xa5[\xd8>\xc5\xd2\xa6\x95\xe7\
\x97\xab\x06\xaf\x8cw7uk\x84.R\xec\x1a\x0fr\
\x02\xc2m:\xa9W\x9b\x9d\xd7\xb7\xcf\xabm\x81\xdd\xf0\
\xb0M\xae\xc6<\xd5\xd568e\xd8\xe6U\x87\x7fp\
\xdf\x99F\x06x\x80\xf1\xd7*\xe5Y\x88[u\xcd!\
+2k\xf6\x0eu\xc3\xa0^o\x95\x0c\x02f\x80\xac\
\xd4\x89\xf6G\xdb\xd3n\xfb}\x0c$\xd8\xcd^o\xb1\
\xab\xb9\xab\xeag\x02\xe7\x8e\xd8\xf0\xe3\xe1?O\x1e\xb2\
\xe6@S\xa0\xc7\x16\xa5-\xab\x1f[/\xe9Y\xd2\xa5\
b\xe7\xb0f8\xac\xfb\x1b\xdb\xc1f[\x04\x94jA\
^\xbb=\x9c\xb5\x1by:\x1e7\xd5\x9a\x01\x88\x14\xbb\
\xdc\xf6/t\xbe\xc2\xd0\xac\xea=\x83J'u\xab\xf2\
\xef\xf8\xfe\x06\x0dKy\xe6\x05\xc6\xbb\x9b\xdd\xce\xc2\xfc\
\xe6\x04w\xb3\xa3\x1erzLw\xf5&>\xeeg\x84\
*-\xb0\xb7)\xa6n0\xec\x93w\x0b\xbd\xcaQK\
\xbe\xddh\x15\x96\xba\x1a\xf2\xa7o\xad(\x87\x14QM\
u\x16\xe6{F\xae_\xb61\x92S\xea\x8e\x84\x901\
\xcfj\xf3\x92\x05o.\xdbvIO\x01\xea\xed\xaaq\
}\x8a\x9cw\xe0\xd1w\x10\xd6\xe9D{V\xd8\xca\xda\
\x00\x1d\xe6\x88K\xa6\xbb\xeaQ\x12@\x9f\xd2\x02\xc7M\
.\x91\x85\xc0\x1f\xdc6\xdb\xae\x1eon\xcbU\x11A\
\xe1\xce\x99\xc6\xa5\xe8\xde\xd4\xc0\xa5\xbf\xdalT\xa6d\
\xf0\xd0\xab\xb7\x87\xad\xff_\x17\x85\xb8\x1d\xf5\xc1f{\
\x1f\xe6\x8f>\xddG\xe9)\x8d\xb5M\x1b/\xef\xdf\x0c\
$)\xbc\xecP\x9d,\xd3];Pr\x10}O'\
:\xce\xef\x90g\xee(\xe4\x01H\xb1s\x0e\xc8\xb9@\
5\xd5%]\xb6L\x1e\x95\x9e\x08e@\x5cEZ\xd6\
\xaaA/\xac9\xc4G%\x11\xda\x8d$\x18\x88\xe8'\
\xde\xcf\x01uBs\x93g\xfd\x9f\x07lNjl\xe8\
\x0d\xd4VC\x97\x83\x8aJ\xc7\x80\xa5\xa4\xae\xee\xa3\xb5\
\xb0\xdb\xb7\xe1+j;t\xbc\xf7\xda\xa2\xed\xc3\x90x\
\xaf\xcb\xb59Z`\xbf\xb0L\xe4\x04\x85O\x00<\xb6\
\xb8\x1d\x13n/n\x5c4\xf4\x0f\x81\x9e\xca\xac~\xb4\
\x8a<?dy\xe1\xf8\xe5_\xac\x9c\xf6\x9fI\xbd\xc5\
D!\xf54\xc3\xd1=f\xadYNS\xf6N \x9d\
6\xc4\xc5h\x0b\xec?\xef\xdd\xc5\xce\x97\xc1k\xfc\xa2\
\x0fi\x81\xe3\xee\xed\x22\x87\xc7\xc1\xc7bt_h\x8a\
K(y\xf8\xc2\xdb\x9d\xcf\x9cy\x8d\xcf\xd3\xc5V?\
\xc5E\x7f\xe8\xe9\xa7\xaf'\xaa\xdc>\xfb\xe1\x9f\xae\x9b\
\xfbt\xaf8\x8f\xc7;vmW\x18\x9b\xff\xc2\x0f\xa5\
\xa4w[\x8e\xd7\x85\xb0z\xc6ja\xfe7\xfb\xe1\x11\
\xf7\xaf\xf3A\x01\xa1\xd8\xf5\x1d0\xd2JZFB\xf3\
\xa9:\xbe{\xb9\xcb8\x7f\x98J\xe8\xe2\xc2\xa6\xb4x\
\xb6\x11\xcc\xac\xa6\x225\x12\x1a\xaev3p\xa7]u\
\x96Lw\x1e\x032\x1f\xc5(\x9e\xa8\xfe[\x0b\x1dw\
\xee\x9f'3p\x00\xdd\x9e;\xdfB\xa4\xa0%\x81\xaf\
hn\xbeC/\xee\xfe\x1d@\xa9\xc8Q\x02g\x02w\
\x06O\xce\x0a\xd8`\xb1\xc2G\x1e\x98\x97\xaf\xfa\x13\x80\
\x14\x97]\x01\xfa\x10Fln\xd5k\xbbT'v\x9d\
\xb6\xbf\x9f\x07\x0e \xf2|\x0d\xbeU\xd6\x87x\x8aP\
\x1d\x13t\xcb\x8d\xb0xk\x81c\x5c\xb8r=\x8bK\
_\x029\x0a%\x8c\x07F}\x9a\x04\xc7\xcd\xc1\x8e\xbd\
\xf67\xfc\xee\xae~eF\xd9\xd9\xa8\xe7bT\xce\x11\
\xd5\xb8-\x93\xf2\xc3\xf2\x9e=\x8b\x9cF\xe8'\xec\x00\
\x9d\x81G^j-\xae\xd9\xfe\x86\xdf\x1dy\xff\x97a\
\x9f\xa2\xb5\x04\x83\x88\x8c\xc78\xf6\xfbYD\xee\xc1\xf8\
5\xae\xb6\xee\x15\x02\x9f\x03\x03\x81`\x0f:6U\xfd\
\x87\x049\xe0W\xd5\x7f\xfa\xd5}\x17p\x040G\xbd\
\xa1\xb9E\xee\x05\x9a1\xf3\xcarU\xfd\xc0/\x7fg\
`Jp\x1d\xfe\xd7\xfb\x0c\xb1\xba;\x8b\xe5\x07\xbc\x01\
\x5c`\x9dW\x00;\xfd\xee\xfd\x0f\xa3(\x9d\x07\x1c\x06\
\x5c\x85A\xe6a\xc0\xa1V\x1e\xb5\xae\x0f\x03\x0e\xf3+\
\xeb\x01\xfej\x9d?\x0a\x9cd\x9d7\x01}\x81C\x80\
7\x81_\x83\xda[\x17\xd4?\xed\xd0\xe7\xdd\xcf\xc8{\
\x03\xcb\xb9\xb4\x17y~yO\x00>l\xed\xe1\x80\xe7\
1\xae\xe6\xc2\xb5\xd7\x14\xa9\xbc\xf5\x22\x0a\x80[\xf7\x17\
\xf2:\xf4\xb3\x0d\x06U\xbd\xd427\x8aY4 \x22\
^\x13\xd5\xb5\xaa\xfa<\xc6]o\x88\xd2p\x98r\xf7\
\x80Q\xc8\x14\x91\xae\xc0\x07\xaaZ,\xc6\xb9\xf5#m\
\xef}\xeb\xb0_\x91g\xc1M\x22\xf2_\xc28\x95\x8e\
\x00\x8f[G\xaf\xa2\xb0\xbf\x13\x89\xcd\x18\x9ey\xa5\xaa\
\x9ei\xa5}\x8aQ\xfd\xffRU\xbd\x81I^\x06^\
\x16\x13\x8d`\xbf\xc9t\xf6\xbb\x87nU}\x02\xe3\x92\
\xd7\x15c\xfe\x8d\xd6\xcf\xab\xef:WD\xae\xb6\xee\xf5\
\xc6\x04\x87\xf7\xcf\x7f\x92\xaa\xf6\xc2\x04\x11\xf1\xc2Y\x98\
\xf1\xf5\x8f\xc0\x07\x16Uv8\x1c\x08\xca\x03\x18\x0e|\
\x0bD\x88\xcd\x15\x15\xfe\x08xD\xe4[5>\xde#\
\xa9\xbb>/\x22O\x01\x0f\x03\xdf\xab\xea\xdd\xde\x1b\x96\
9\xd8\xdf\xdb\xd1vT\xe8h\xe4m\xa0\xc5\x93\xf6\x22\
o\xa2\x1a\xd6\xe5s\x8c\x93S/\x94\x03k\x82\xca\x7f\
(\x22\x1f\xf8\x95;CUUD\xe20\x148\x0a3\
\xc9x]4-\xf0\xcb;\xc5*{-p#\x81\xe0\
\x8d\x9d\x11R\x7f\x9b\x9f\xd0\x0f\xfe\x7f\xcb$\x87\xf3\xca\
(\x22G\x00\xfe\xaa\xc3^w\xc1\xdb1N\x18\xb7\x01\
o\xaa\xea\x0fA\xe5\x8e\xc3\x84\x94\xc8\xc6\x08:\x0e\x06\
N\x06vc\x88$\x87\x96\xf5\xf7\xd1\x1a\xc6]\xb1\x88\
\xa4\xaa\xea\x01\x08Y\xf8\xff\x10t$\xeb\xf3\x7f\xe1\x07\
\xe4b\xd8\xc0\xf9a\xee\xd90\xd1\xc2\xca\xf6\xb1\x8d\xdb\
\xad6n\x8c1\xff\xcbV\xfe/1D\xae\x18\x86c\
>p+F\xaag\xfb\xbdq\xd7\xd1\xbf\x035\xe7\x1e\
\x10\x10\x91>\xc0R\x8c\xed\xe2\xa9\xda\xe2)\xde\x1f\xbc\
\xea<!C\xbe\xaaz\xc4l_\x9d\x22\x22C0\x81\
!\xba\x03\x0e\xa0'\x90\xae\x86}o\x0d\x8e\xb5\x8e\x0b\
c\xe8\xf3\x9f0\x8eI\x9eQ\xd5\xeb\xc2\xdc\x8f\x03z\
i\x1b\x9d\x11\xff\x9f\x80\xdf\x9b\xfa\xf7\xc7\x0f(\xc4H\
\x15\xd6`\xfc\x99\x07\xdf\xf7\x10\xb4\xc0\xf6\xbbw\x07\x86\
0g\x03\xe7aD:\xdd0\xe6\xf1\xb1\xb4-\x187\
\xb8\xe51\xe4\x1dd\xb5U\x87q\x0d<\x8a(\xa1\xb8\
\xc2\xb4\xf3\x91U\xde\x83\xd1J\x1f\xfb{\xe3\xbe-\xbf\
\x03\x16L\xe9@\x82\xaa\x16\x01q\x18\xcb\xcd\x0a\x11\x09\
\xb6\xea\xa9!\xb2b\x9c\xd7`\xd1\xa6\xaa\xef\xa8\xea\xb7\
\xaaZ\xa2\xaa\xb1zO\x1c\x83\xb1S\x8e\x1a6QD\
\x12\xac\xb6\xea0#\xeb\x7f\x81\x04\xe0\x0e\x11Y \x22\
\xdb%\xc0E]@\xd9~\x18?\x87c\x80\x9e\xaaj\
S\xd5\xd3\x81\x14\x11\xf9ED\x1a\x22\xb9g\xfe\x7f\x0a\
~o\xea\x0f\xf3E\xe7`\x04-\x95\xb4lH\xaau\
\xfd\x1c\xe0hc}]0\xab\xc8Z`\xa4\x95V\x8a\
\x91`E\x1aQ\xaa1\x0b\x85.\x18\xb9\xc4\x19\xc0\x95\
\xc0\xfd\xc0K\xc0\xec(\xedyG\xce\xa8\xfc\x1e0\xcf\
\xcaw\x5c\x1b\x9f\xe76\xab\xdc;Q\xf2\xbce\xe5\xf9\
\xc3\xef\xfd>\xa3>\xcb\xef\xdd\x01?\x84u\x02J\x80\
\x1d\xc0\xe0\x08y\xae\xc4\xf8\xdd\xa8\x03\x8eoc\xfd\xc7\
Ye\xbf\xc2l\x9f\xcf\x8b\x92\xb7\x10\xc3\x87\x9dn\x11\
_\x87FP\xc3D\xe4\xf0N\xb7\x9f\x03wc\xc2?\
E\x9c\xda1\xdep~\xb2\xca\xdd\x87\x19Y\x15#\xbf\
\xba\x118\x09\xf83\xb0\xc9J\xbf:L\x1d6\x8c\xbc\
\xff\x7f\x1d\xfdL\xff\xd7\x89\xaf\xd8B\xda!1\xe4}\
\xd8\xca\xfbJ;\xda\xb9\xc1\xfa\xf5\x0dLWa\xda\xfa\
N\xbc\xe6\xec\xcd4\xe7`f\xedH?\x80\xcf\x1e\x87\
\xe1\xf7n\xc3\xf0q\xdb\x81\x14\xbf\xfbc0;`[\
\x80L\xbf\xf4\xc3-<\xbc\x0c\xf4\xc6,\x8a$B\x1b\
\x0fZy\x97\x12\x86\x0f\xfe\xff;\xf1Mn\x0bAa\
\xa4\xd5J\x8cL6\xaa\xc2\x9b\xae\xae\xbc\xe9\xea\xfa{\
?k\x1b\xf1\x92\x83\xe1\x07\x1f\x0as\xefh\x0b\x07\xcf\
D)?\x05\xb3 \xd9@\x14\x96\x05#!\x98x@\
\x9f\xed\x00\x22q\xac5]\xdc\x8f\x11\xb4\x86\xcbs\x89\
\x85\xccM@\xb7V\xea[\x8a\xd9\xac\xcb\xee\x90\xfe\xdd\
\x7f\xff\xff99\x1a0\xce\xc2\xd7Sa\xee\x9dc\x8d\
\x96;\x80AQ\xea\xf8\xb35\xfd{\x17a\xa7\x1d\xb0\
\xfe\xefg\xe4\x8c\xc6\x08M\xb7b\xf6\xc8\x920;\x01\
\x9fz\xa7\x8b0e\xc4\x22R7FK\xa5\x08\x18o\
MK\x05\x98\xad\x1e\x05\xe6\xd0\x86\xd8y\x11\x7f \xdb\
`\x98\x0b\xaew\xc2t'\xfc\xe0\x84\xcaH1\x00\xdb\
\xf9\xdb\xe9\x82\xafK\xe1%'\x5cRjV\xa8\xed\xc7\
\xab_\x9cCk\xca\xee\xefw}$f%\x5cC\x84\
(\xe8\x18m\xa2\x95\xd6\x888\x15\xa3\xd0\xd2\x0c<p\
\xa0\x08Ou?\x05\xfd\x16\x91\x89\xc0\xeb\x16\xa1\x5c\xa8\
\x96\xc7\xc3\xa0<\x9fb\x84\xb1\xa9\xaa\x1a\xd1\xa8\xd4r\
79\x00\xc3poU\xd5\xedby8nK\x9fv\
\x8a\xd8\x9ba\x82\x98(\x22\x11\xcd\x82<b\xab\xacN\
\xedT\xba\xb5K\xf7\xca\xb5\xbd\x065\xfd\xd8od\xca\
\xea^Cr\x5c\xd9]\xd3vgtI\xaeOL\x09\
\x8e\x8d\xed\x05\xcd\xa8\xab\xae\xc8\xa9\xdcY\xd7mWI\
\xcda\x1bW\x94\x8f\xd9\xfd\x9bg\xdc\xa9G\xe6g\xd4\
U\xa54\xcf\x9c\x95\xd1\xbcje$\xc3X\xb7\xc2g\
qP\xa4\xf0\xae\x7f\x00\xa3hQ\xf1\x82AD\x121\
\x01NV\xaa\xea\xdba\xee=\x82\xe1w\x7f\xc1\xc4\xf5\
Xm\x05\x0d(\x01~T\xbfH*V\x99$\x8c\xe6\
\xd58\xe0\x14Um\x9f\xa7\xd7H\xfd\xddO\xc4g\xc3\
\x8c^\x7f\xc3\x888\xaeP\xd5Y\xd6\xbd\x9e\x18\xc9\x7f\
\x1f+\xbb\x0b\xf3\x15\xae\x00VY\xe7?\xab\x15-\xc5\
W\xe7[ei\x91\x8c\x8d\xe5Eg\xaa^\xe5\xf0\xed\
\x8bn\x14\xc9L\x83)j\x10\x1d\xecW\xce\xed\xeal\
_=\xed\xb8\xc2\x86w\x8e:\xaf\xefFG\xdf\xb6\xfb\
\xdfT\x8dh>\x96\x9d(<3:\x93\x0b{\xa6\x10\
\xceln\xc2\xd7{\x99\xb9\xb5\x0e\x9bz\x18\xb1\xe1\xc7\
M\x17-\x9a]r\xde7\xeftM\xab\xaf\xee\x1f\xa6\
\xba56x\xb8+\xcc\xc4\x923\xcaTl\x0c\xde\x9e\
\xa4\xe3\xbb\xc7\xe4\x02IDN\x01\xa6a\xa4\x09\xb7\xa8\
\xeaSA\xf7\x17`\xe2{v\xd3\x96\x00\x0c\xa7c\xc4\
5\x19\xc0m\xaa\xfa8\xfb\x01\xf6\xbbb\x81\x88\xf4\xc6\
\xec\x16\x8c\xc2|\xc1?b\xf8\x8a\x9dA\xf9R\x80\xa1\
\x18D\xd4\xaaj\x91,$\xde?\x88^$\xd8%\x92\
\xd1l\xc2O^C\xa0#\xca\x86\xef\x07\x8c\xfe\xf1\xee\
\x8b\xff\xdecU\xdf\xe1=#\x14\xb7\xecl\xda\xef\x8b\
G0\xce\xd8n\x1d\x9cN\xe7\xc4\xe8r\xfbW7\xd6\
r\xc5\xb7\x15\xb4\xd8S\x04\x82M=z\xca\x8f\x9f\xac\
y\xe0\xcd{\x1b\xba\xef\xda~hP&\x97\xc2\x03\x0e\
x\x09k\xbbMf\xef\xee\x86k\xcf.\xbd\xbe\x7f\x9b\
\x1d\x99\x89\xc8?1r\xc9\xe1\x98\xd1o\x16&>\xf4\
'\xc0\xa4\xe0w\xd4\xd1\xb0\xcf\xc4'\x22\xef\x02\xa7\x02\
G\xa8\xd1w\x8a\x96w\x12&:E\x12\xf0\x0f\x0c\x8f\
\x11\xd3\x9e\xa5,#AG\xb68\xabt\x89\x0c\xc6D\
4:\xd6\x9b\xa6\x22\x95\xef\x1cu\xde\xea\xbf]\xf2\xf7\
C\xf6\xa4w\x0e\xf2\xe5\xaa\x01\x87\x8e\x80S\x1d\xc9\xfc\
wd'\x06e\xb6l\x91+\xf0\xf6\xd6:\xae\xff\xa1\
\xd2\xe7\x05u\xc9)\xb9\x1c\xd1\xc5\xf8\xf1\xb8\xfd\xa7J\
\xfe\xbd\xb6:\xb42/\xed\x87\x19Q\xfb;\xd7\x97<\
\xf1\xdcM\x9b\x0f\xfb\xed\xa7\xd1\xd2\xa2\xc6\xe5Q\xe3\x9b\
\xed.\x87\xea.\xab\x8a\xb6L\xd1\xe7\x02\xef`\x16\x80\
\xd7`d\x80\x17\xab\xeaG\xb1\x94\xef\x08h7\xf1Y\
\x1b\xef\xdfc\x84\xa4g\xb5\x85\x07\x13\x91,\x8c\xb0\xf3\
lLL\xd8\x93#\x95\xf7Gh\x89H\xf783\x1d\
xC.S\x9f\x98\xbc\xf9\x9ak\x9f\xad\x9f?\xea\xd4\
\xc1\x81%c}\x0dm\x03\x01\x1e\x1e\xd1\x89\x9b\x06\xa6\
\x91\xe07\xaf\xeei\xf4p\xe3\xb2\x0a\xde\xda\x18:\x1b\
z\xa3\x0bl\xacvs\xd0\xfbe\xadz\x10\x0bi\xd0\
o\xf0\x13U\xae\x9a\xff\xc2\xf2{\xa6?\x98\x1f\xe7q\
\xfb\xe25(L\xb3\xc15\x91\x02^\x86T+\xf2\x19\
p<&\xc2\xfdm\xd1\xf8n+\x7f\x02f\xb18\xc2\
\xfa\x1d\x86\xd1\xba\xff\xab\xaa\x86\x84\xbb\x89\xa9\x0f\xed!\
>Kc\xf3\x1a\x0c!\x5c\x00\xa4\x03\xab1n\xd6\xe6\
\xc4:\x9a\xc5\xd8X\xbc\x13\xfe-\x86\x7f\x13\x80\x86\xc4\
\xa4\x8d\xe7\xdc\xfb\x0e+\xfa\x1c\x1a\xca'\xed'6\x22\
#A(:\xaa3g\x05\x058\xa9l\xf20ei\
\x05\xc5\x11\xfcJ\xdf9$\x9d\x7f\x1ej\xd6(S\x96\
V\xf0\xfc\xfa}\x88o\x19\xc6\xbcv\xe2\x973V\xfc\
\xe7\xa5[z\xda\xd4\xe3\xb5\x16\xaf\x05\xae\xb7\xab\xbe\x1e\
S\x95\x22i\x04\x12\xd4\x08\x8c\xc2C<f\x05\xbc\x16\
#\xd6Z\x02,\xc6(\xd9\xf7\xc1L\xcd\xf1\x98\xed\xc1\
M\xedz\x9c\xb6\x10\x9f\x88\xe4c\x16\x06[\x80\xa3\xfc\
\x17\x05Vp\xab[0D\xd9.b\xf4\x1f\xe5\x9c\x22\
]l\xf0\xbe\x1a\xe9>*R\xf3@\xc1\xbd??\x7f\
\xfa\xe4\xa0\xc0\xf5\xfb\x97g\x8d\x17x\xef\xd8\x1cN\xcf\
\x0f\xdc\xe3\xafmVn\xf9\xb1\x82\xe7\xd6G\xd6\xff\xb4\
\xa7\xc4\xb1\xe6\x8c\x5c\xb2\x93l\xb1\x87\xf2\x88\x15\x82\x08\
1\xde\xdd\xec~\xe9\x89\xab\x16\x9f\xba\xec\xa3\xa3\xfcn\
\xbcn\x87\xc9\xb4\xa2\x14!\x22\xfd1\xb1\xa5\x5c~i\
Y\xc0r\x8c\x9c\xf0hUm\xb2\x94m?\xc0\x88r\
\xdaMt\xbe6\xf6\xd7\x82#\x021\xde\xa4at\xec\
\xe4\xc5e\x09z\xd5\xc8&\x00\x97\xc8\x10\x81\x8f\xd5h\
z\xd0\x14\x97\xb8\xf5\xb8\x87\x17\xc8o\x8e~\xbd|\x05\
\xf63\xc1\x01\x8c\xed\x9a\xc8S\xa33\x19\x9e\x15\xe8s\
\xad\xb6Y\xb9\xed\xa7J_,\x84h\xf0\xf5\xc9]8\
:7\x91\xf7\xb6\xd7\x07zr\xeeh\x08\x22\xc4\xb3\xbf\
\x9b\xbb\xf2\xf9\xa7\xae\xee#\xaai\xd6\x9d\xef\xea\xe0\xf4\
\xde\xaam\xf6\x1f.\x22\x0f`\xf6\x9e\x1b1^&\x8e\
\xd5\x18bU\xc7T\xf7\xfe^\xed\xfa\x1a:\xe8\xa0$\
]\xbf>0@\xd1\x8c]\xf9:\xa1K)\xc0\x0e\x91\
<\x8f\xd9\xf4\xef\x0f\xb0+\xa3\xcb\xaa#\x1f_<\xa0\
:9\xbde\xf5z\x00\xfa\xfa\xa7~\xa9<|X'\
\xba$\x05\xaeZ\xd7W53yi\x05_\xc4\xe0\xc2\
<=AXtR\x17\x0e\xed\x9c\xc0\xe2\x9d\x8d\x1c\xf3\
\xc9\xae\xfd\xe5\x158\x10\x82\x16+\xfdJ7l_x\
\xc7\xf1\x12\xefnvXI\x1f\x96\xc0\xf9#U\x9bb\
Y\x9c\x88\xc8\xa5\xc0+\x18\xf3\x81\xe3Z#:K\xc4\
v,Fiav\xab\xddm\x8d\xf8Dd\x10fq\
0\x0a\xf3ym\xc1\x04 ~\x07\xf8Z\x83\xec \xc2\
\xd61\x9b8\x7f\xf3w\x7f\x99\xddf\x91\xe4d\xb3\x99\
\xfe\x07\x80\x86\xc4\xa4\xcd\xa3\x1e_\xdayWfn\x8b\
\x1b\x90\x0e$\xba8\x81>\xe9\xf1\x1c\xd69\x81>\xe9\
q\x0c\xce\x8cgxV\x02\xc3;'\x10\x17\xb4\xd0\xf4\
(\xcc\xd8R\xc75K\xf7R\x11\xc6\x1bx$Xq\
F.\xc3\xb3\x12\xf8\xb5\xaa\x99\xe1\xf3v\x86u\xfc\xbf\
\xdf\xc1\x8f\x10\x8f\xfc\xf9\xdbus\x1e\xbc\xc0a\xb9]\
A\xe1\x09\x87\xea\xcd\x00\xf2fI\x8e^\xd2mw`\
QI\xc7lqV\x13\x81\xe8D\xa4\x07f\xc7i\x12\
FD\x06F\x8c\xf6!f\xa4\xbc_U\xa3\xbaZn\
\xef\x82#\x1bc[w.F.\x94N\x8b\xcd\xc1;\
\x18-\xe1\xb0\x0c\x8eL]\x18\xaf\xf7\x1d\xdb\x0c\xb0C\
\xa4\xd0cl\x94Q\x91\xca\x13\x1f\xfct\xef\xda^\x83\
{\xfb2\xef#\xd1\x8d\xccI\xe0\xfa\x01i\x9c\xdd=\
\xb9U\xf9\x9b?,+o\xe2\xe6e\x15|\xb5#V\
;\xcf\x16\x18\x9d\x93\xc0\xd2SM\xd4\xb2\xd3\xbe\xd8\xcd\
G\xa5\xfb7\xd8C\xab\xe0G\x84\x7f\xfa\xf4\xb5\xef\x1e\
|\xfdn\xef R\x03\x1ciW]\x03 o\x95\x0d\
\xd5\x8b\xf3V\xfb\x8a\xbd\xbe7K/\xcb\xdak\xedr\
\x9c\x8e!\xb230b\xb2r\xcc\xa8\xb9\x0d\x18\x11,\
\xa9\x10\x91#1\x8b\x93\xc9\xaa\x1a\xd1Yz{\x89\xaf\
;fz\xf4\xfezX\xbf|\x8cZO\x02\xf1\x89s\
\xb5\xa9\xe1l_\x99\xa76$y\x05\xa1\xdbER\xe2\
\xe1\x1b\xccR\x9dEC\x8e\xf9\xe6\xc2\xbbf\xfd\xc1\xd7\
@;\x89\xee\xc8.\x89\xdcxp\x1aguK\x0e\xf0\
,\xdf\x1aT5{\xf8\xcc\xd9\xc83\xbf\xd6\xb0`\x1f\
#\x83\x5c7 \xcd\x17\x9d\xed\xac\x85\xe5\xcc+\xd9\x87\
\xd0\xef\x1d\x09\x16\x11\xc6\xbb\x9b\x9bWO\x19\xbe&\xb3\
f\xef0\x00\x85\x99\x0e\xd5\x02\x00\x99M\xa2\x8eo\xb1\
\xac\x96g~\xc9\xe1\xbaA\x0faV\xbas\xfc\x07\x14\
k\xbb\xae\x04\xf8\x0d\xb3 q\xfb\xdd\xb3at&k\
\xb5\xc5\x8a:\xb4K\xe1\x88OD\x0e\xc5\x0c\xa1\x82Q\
\x0a\xd8\x82\xa1\xf2R\x8cQ\xcd\x06\xeb\xb75\xdc\xb4\x1b\
\xbc\x15\xe6\x1f|\xb1T\xe4h\x9bQ\x84\x14\x15\xd9{\
\xd4\xa3\xdf4n\xce\xebm79\xdb.\x9b\x1b\x96\x95\
\xc0[GeE\x0ddT\xd3\xac|\xe2l`\xfa\xe6\
Z\xe6l\xabo\x9b\x9c\xad\x8dpF~2o\x8f\xeb\
L\xa2Mp+\xcc+\xa9\xe7\xe5\x0d5\xcc+\xf9\x9d\
G@\x08\x18\x05\xcf_\xfc\xf6\x8f\xcf<s\xdd!\x98\
w\xbc\xcb\x0d\x83\xbb\xa9\xee\x8e\x91\x17\xbc\x18\xc3\x8a\xad\
\x01>\x06\xfe\x8a\x19I\xb7c\x94\x14\x1202\xe03\
\xa2\xed\x92D\x1d\xf9,[\x81\xf30\xd3\xeb\x91\x18)\
\xf8\x16\xe0}\xcc\xf4\xfaUk<\x9f\xcc\x9e\x1d\xa7\xe3\
\xc7\xbb\x01\x5c\x22\xb7`\x14A\xd9\x93\xdey\xf5\x90\xe7\
W\x0fS\xb10\xd2\xc6\xd1ntN\x02o\x8f\xcd\x0e\
\x1b\xf4\xee\x97\xcaf>v6\xf0\xcc\xba\x1a\xd6\xb7\xe2\
~}\x7f\xc1\xd0\xac\x04\xee\x1d\x9a\xce9\xdd\x93I\xb4\
\x98I\xb7\xc2\xfc\xd2zn\xff\xa9\x8a\xb5\x15\xad;\xe8\
\xdeo`\xa1\xbcs\xd5\x9e=\xab\xa7\x0ck\xb6\xa9'\
\x07P\x0f\x8c\xcbW\x8d\xe89ND\x8e\xc6\xc8\xf7j\
1*\xfa\xbf\xecS7\xda9\xedfb\xf8\x80\xf3\x80\
\xd30<_\x0d\xf0\xa2Z\x8c\xac\xc9\x87\x18\xad%p\
\x8a\x14\x0b\x5c\x04\xf0\xc9\x88\x93\xbf\xbe\xf4\xaf\xaf\xfbv\
)L\x8e\xd8\xfb\xf1\xf0a\x9d\xb8mp\xba\xefzY\
y\x13\xb7\xffT\xb9\xcfS\xe6\xfe\x02GJ\x1c\xcf\x1f\
\x9e\xc9\xd9~\x02j\x8f\xc2\xac-u\x5c\xf7}\x05\xbb\
\x1b\x7f\x07\xabH\x8b\x00EUWO\x19\xb62\xbb\xaa\
\xdc\xebC\xe3\x06\xbb\x15\xe570\xbb\xc4\xd3\x22.\x8b\
\xba\x05'\x22\xa9\x98\x05\xe4\x89\x18\xf7\x12\x87\x00KT\
\xf5\x98\x80|\xfe\xc4g\xed\xf7]\x05\x5c\xb3\xaf\xb2\x9c\
 \xc2{\xc3Re\xe2\xb93\xae\xfe\xe6\x81\x82{\x0d\
\x7f\xd7F\xa2\x03\x13L\xe2\xd1\x11\x86\xa7\x9a\xb9\xa5\x8e\
\xcb\x16\xef\xa5\xfe\xf7XM\xb6\x13n\x1d\x9c\xce\xfd\xc3\
2\x02x\xd2E;\x1a9\xee\xb3]\xecC`\xe0v\
@\xa0O\xe2/o;v\xf1\x80\x92_\x8f\x00P\x98\
\xe2\x88\xb2P\x00\x10\x91\x831\x84u\x22F\xbc\xac\xdb\
T\xdd\x00\x00\x18\xc8IDAT\xe2\xf5\xc7Y\x8a\xd9\
2\xfd\x0c\xf8LU#\xfaQ\x0f&\xbe-\xc0zU\
=1\xa8\xa1\x9b\x81\x0b\x813\xd5\xda\xc4\xf6\xbbw\x1c\
p\x13p\xb7\xaa\xae&\x08\x9c\x22/\x8a1\xc6\xe1\xb5\
\x13/\xfb\xe6\xae\xcb\xff\xd9n\xc2\x1b\xd4)\x9e\x1fN\
\xcb\xe5\x9d\xed\xf5\x5c\xb2x\xcf~\xe5\xdd\xf67<1\
\xaa\x137\x0cl\x19\xbd\xd7U5s\xe4G;\xd9\xd3\
x\x80\x1f\xca\x8f\x0f\xfc\xe6\xe6\xa3\xbe\xed[\xb6\xd9\xbb\
\x83tE\xb8-:\x11\xb9\x0d\xb3\xea\xf5\x12\xd8\xf7\x1a\
\xbbYi`]^\xe2\xb3\xdc\x18=\x07\x8cQU_\
\xe8?k\x08-\x07f\xa9\xea%a:\xb3\x1cc\xe8\
<\x0c\x02W\xb5.\x91[\xb1\x22\xe1\xfd\xef\x98?.\
\xba~\xca\x93\xe3\x80v\x11\x1e\xc0\x9bGu\xe6\xda\xef\
\xf7Re\xc9\xdc\xfe:(\x9d\x7f\x1c\x92A\xb2\xc5S\
5+|\x5c\xda\xc0\x1d\xcb+Y\xbd\xf7w\xe4\xa9b\
\x84\xc3s\x12Xpb\x17\xd2\xadQ\xb0\xc1\xadL\xf8\
z\x0f\xefn?\xc0+d?\x02\xfc\xf1\xfa\x91\xdf;\
\xca\x9d#\x01\x14\x8eu\xa8.\x8aX.\xa0\x0aI\xc3\
\xa8\xee\x8f\xc5L\xb3=1\xeam\x15\x98\xe9\xfa}\xa0\
H\xfd\xfc\xd1\x88\xaaz\x97\xc6;0\xc6*\xbb1J\
\x9dk\xad\xe31\x18S\xc2\x1e\xaa\xba=\xa8\xc1\x8b@\
f\x80\x9e\xad\xaas\xe5\xf5\xcdY\xde\x98FN\x91Q\
\x02\xdf\x01\x94e\xe5\xfdt\xe83?\x8d\xf4\x15\xec\x00\
\xa1q\xaf\xb48~=\xab\xab\x8f\x99\x0f\x86\xb5\x15M\
\x9c\xb8\xa0\xbc\xc3\x82;\xef/\x18\xd8)\x9e\xefN\xed\
Bf\x82\x91Cn\xacv3\xe0\xfd\xb2\x03<\x05\xe3\
#\xc0\x84\xe6\xa6\xc6\xcd\x97\xf5\xa9\xb4\xa9'[\x8d\xad\
t7G\x04\x07F\x22\xe2\xc0\xc8v\x0f\xc1\x98u\xbe\
\x08|\x1c\xbc\xe7k\xf1\x8b\x17\x02O[I\xc3T\xb5\
\xc4\x06\xc6G\x89\xaavQU\xb1\x8e\xc7a\x1c\xd4\xfc\
\x80\xb1\xb7x\x04xID\xb6\x88\x88z\x7ft\xe91\
\x03t\x89\xaa\xce\x95w\xf7\xfa\x08o\xadH\xa2XA\
\x05U\xa4\xea\xc8\xc7\x16\xb7\xa8;u\xd0n\xc5\x05=\
[V\x91\xd7}_\x81\x14\x95r\xc2\x82\xddl\xaa6\
\xc4683\x81\xd2\xf3\xf3xwl6\x99\x09\x078\
nJ\x1b`]e3\xf7\xae\xa8\xf2]\xf7M\x8f\xe3\
\xb1\x91\xc1\x91\x0c\x0f\x04\x98\xf7\xd2\x14\x9f\x90\xf8\xc7\xbb\
f\xee\x00\xb0|\xb4\xcf\x09\x97[D\xc6a\xf8\xbbo\
-\xba\x19\xa1\xaa\xcf\x87S6P\xd5fU-V\xd5\
l\x8c8\xe6\x0b\x88\x16\xb6Y\xb5VU\x7fP\xd57\
T\xf56U=MU{Y\x0d\x99\xdf\xce\xad\xa2\xaa\
\xc6\xadm]\xbd\xcf\xdd~\x8e\xd1*\xce\x01\xb8\xeb\xf2\
\x7f\xfdR\x97\x98\x125\xcc}{ '\xa9E\xc4\xd2\
`\x0dn\x9f\xbb\x1a\xe8\xfb^\x19\x17/\xdeC\xa5\x15\
\xa8\xed\x9c\x1e\xc9\xec\xbd\xd0ASA>_\x9e\xd4\x85\
{\x86eptn\xe2\x81\x0e\xe3\x13\x15\x9e\x5cW\xc3\
\x1b~\x811\xaf\x1f\x98\xc6\xe3\x07\x9a\x00\xfd\xc6\x84%\
\x83\x8f\x1e\xfc\xd5\xd0\xb1\x8b\x00\x04Nv\x89\x9c\x16\xa6\
\x84\xd7\x93\xf8\xffbm\xc2r\xe44\x10\xb3u\xe7\x9b\
vO\xc2\xe8\xf9_\xa9\xaas[\xa9\xa0\x13\xf0&\x8e\
>[\xb4t\xe3\x8d\x00\xf2\xea\xba\x0c\xfd\xd3\xc0*\xf0\
\xa9\xb4\xef\x04\x12j\x92\xd3\xd6\xf5\x7fe\xfd\xa0\x96\x87\
\xeb\xb8\xb9d\xea\xf0\x0c\xee\x1df\x94\x95/[\xb27\
\xe0\xe5yab\xaf\x14\x9e\x1a\x9dINR\xec[k\
\x00\xbb\x1b<|\xbd\xb3\x91\xd9[\xea\x99\xbe\xa5\xb6C\
\x176gwO\xe6\xbea\x19\x8c\xc86B\xf1s\xbf\
,\xe7=\x8b\xc7\xbba`\x1a\xff\x1d\x99\xe9\xdbc\xde\
\xdd\xe0\xe1\xbf\xbf\xd4\xf0\xef5U\xb1Ge\xddW\xb0\
\xa6\xdf\x8c\xba\xaa\x9a_\xaf\x1c\x18\x8f\x11\x18/\xb7\xab\
\x8e\x84\xc0}z\xe99\xa8\x98m\xbfL\xc4l\x91\xde\
\x11\xbc\xb2\xb5<l\x1d\x81\x11\xc9M\x06\xd20\x8a\xab\
\xff\x01\xb3\xd8\xbe\x163\x17\x9f\xa4\xaa\x9f\xc5\xd6?\xc9\
 3\xd7E\xc5\xce\x05\xaaz\xb6\x14m\xe8\xa4\x85\xfd\
+\x01\x5c\x22\x8f`\xdcAp\xed\xb5O/\x7f\xfb\xa8\
\xf3G\x00\x1d\xae\x91\xe2\x15\xb9\xac\xda\xdb\xc4!\x1f\xec\
\xec0\xb2>\xb8S<\xe7\xf7L\xe6\xcf\xfd\xd2\xe8\x9d\
nF\xd7\x9af\xe5\x8e\x9f*y:\x065\xaaH0\
83\x81OO\xc8&?%P(~\xed\xf7\x15<\
\x1bT\xef\xad\x83\xd3\xb9}pz\xc0G\xd3\xe8Q\xde\
\xd9V\xcf\xfd+\xab\xf8\xa5r?\x0b\xce-\x02|\xf5\
\xf1+\x16\x9e\xf6\xfd\xfc\xb1\x00\x0a\x17:TC\xa6`\
y\xd1\x99\xca\xe4\xfc\xe1\xc0\xa5\x18\xdd\xcb\xde\xd6\xad\x0a\
\xcc\x08\xb7\x18\xe3\x17gIHY\x8c\x85\xd9\xdf\x89\xe0\
13l\xdfN\xb9$\x8dO\xde\xda\x0e,\x0b\x16\xcb\
\xb8Dv\x009\xcd\xb6\xb8m=\xde\xda\xb6\xdft\xf0\
^9\x22\x8b?\xf5K\xe5\xd20\xb1\x9c;\x0a\x06t\
\x8ag\xee\xb8l\x06t2f\x13;\xeb=\x9c\xfc\xf9\
n\x96\xefi\xdbJ:\xc1&\xac=3\x17\x0fP\xdd\
\xa4T5+\xbb\x1b\xdc\xac\xda\xd3\xcc\xc2\x1d\x0d,,\
\x0b\xaf\xc0\x90\x12'\xdc2(\x8d\xcb\xfb\xa5\xd1'=\
\x90h\xb7\xd4\xb8\x99\xb1\xb9\x8e\xc7~\xa9\xa1\xac\x1d!\
\xe9\xa3\x83\x91\x01:\xcaK\xb7\xfex\xfd(o\xb0\xc8\
\x0f\xed\xaaguh+\xd6\xb4\xfb(f\xb4Z\x8a1\
\xaf\x0b\xbb\xbc\xb6\xfc\x93\xdf\x89qL\xf3=\xc6U\x85\
o[\xc1)2V,f\xf2\xcb\xa1c?\x9bp\xe7\
\x8c\x93}\x85\xf7\xd5P\x09\xb8\xb2\x7f*\x7f\xea\x97\xca\
\xd6Z7om\xac=`\xfb\xa5\x13z\xa7\xf0\xf2\x98\
,\xd2\xe2\xcd~\xed\xff\xd7\xde\x99\x87GU\x9d\x7f\xfc\
\xf3\xceLv\x02\x84-\x93\x10\xd6\x10\x5c@\x90\xcd\x85\
\xa5`[\xa5\x8a\x05\x5cP\x92\x80E\xc4\xd6\xad\xb5\x16\
\xadBU\xf0\x07\xe2\xd2j\x1f\x97\xd2\xfe*\x15\x15H\
\xb0\xd8\x82UTT,\x9b\x15(D\x09\x82\x96\x18\x96\
\x90\x90\x09`\x08dOf\xe6\xfd\xfdq\xefL.\xd9\
H\x86\xac\xfe\xfa}\x9ey\x9e\x99s\xcf=\xe7\xdc\x99\
w\xce\xf2\x9e\xf7|\xbf?\xf9\xd7)V\xd5\x116\xdf\
\x9c\xb0\x0b$\xf5\x0dgR\xcf\x10\xbe\xd7#\x84\x98\xb0\
\xaa\x9e\xd1\xb7\x7f\xbd\xf2P\x09k\x8f\x96\x9d\xdfH`\
q\xbdd\xcc\xb9`w\x87\xd2\xc2a\x80\xb7\x08:\x0c\
P-\x97\xe5\xae\xeez\xbb\xf3\xbcO\xb6Uw2\xf7\
\xc1`\x82\xba\x1a\xe38\x9do\xa1\xa0\x18{\xba[0\
8\x89\xfd\xd1\xc8\xb2\x22\xaf\x87\xce\x8c>\x0e\x90+\xf2\
\xa8\x18'\xe0\xb9\xe7\xbe\xa5\x9f\xaf\xbdr\xaa\xe1^\x09\
\xd0\xf0\xc2\xed\xc2\xff\x0c\x8d\xe4\x8e\xf8p\xde?V\xce\
Ow\x16P\xd4\x88\xb8\xba\xa6\xc6\xda\xf1]\x98jn\
\x91\xcd\xfb\xe2\x0cO\xef\xab\xe5\x14Z+@\x80kc\
C\xb8\xa9w\x18\x13cB\xe9\x19n\x19\xae=\xcaW\
g\xdc\xec=\xedf_A%i\xf9n6\xe5\x95S\
Q\xefD\xb6j\xf7c\xd9\x0bw\xfes\xd2\xce\xf5\xe3\
\x01l0\xb1G\x03\xa7f\x0d\xc1Y\xb4\xb8\xaaz\x04\
c\xa5\xda`\xde{\x9f\xe1\x99\xf0\xbbTv&\x8c\xe8\
VK\xf6\x06c\xc5\xe8\xce\xcc\xe8\x17\xce\x93_\x16\x11\
\xb5\xa6A\x12\x00\xcd\x8e\x1b6\xe7\xf3\xd3\x84p\x96\x8e\
\xea\xccS\x97v$\xd4&,\xdc[x\xee\x1b\x9b\x19\
\x0a\xbcw\xac\x9c\xf7\xaa\xc5\x0e^\xd29\x88{\x06\x86\
sC\xaf03\xea\xa7\xa6\xd3\xc1\xab\xf0\xb3\x9d\x05,\
\xfb\xc6:u\xa9:S\xbc\xe3\x82\xcbe\xd2\xce\xf5\xbe\
\xd4\x8b0v5\x90\x94\xdc\xefa\xb3\x19\xab\xa6\xe9\xd1\
\x9f\x04rV0 NfIu\xa5\xa2\x18\xcc\x97^\
\xcfp\x9d\xd1s\x0fFs}\x02}\x9a\xd3\xadW\xf7\
@\xca\x06XzY'n\xe9\x13\xc6\xd5\x1b\xbf\xe5\xe3\
6\x16,\xf0\xe7\x8c\x12>8V\xce\xa6\xab\xbb\xb1`\
H$7\xf6\x0e%\xe9\xd3\x826\xb9\xa3\xb2\xb7\xa0\x92\
\xbbw\x9e\xe6\xee\x9dUq\xbd\xf1\x91\x0e\xb6]\xd3\x15\
g\xa81\x87\xb4\x09\xbcryg.\x88t\xf0\xd0\xe7\
gj\x94q 6!\xc2\xf7^\x0dz`\x13\xf22\
^\x1d\x04\xc0\xfb\xdf\x84sm\xe3\x0f\xad\x07H\x8b\xab\
\x96\xf0\x0c\xac\x93\x9f\x08\xa3\x91R\x02~\xad\xc2F\x95\
<\xb8\xb3\x83;\x07D\xf0\xd8\x9e\xc2V1\xbc\xbb\x12\
\xc2\xa9H\x8cA\x93c\xcfz\xdd\x9dP%\xdf\x93U\
\xec\xa1\xff\xba<\x9e\xfb\xaa\x88\xc1\x9d\x83\xd8;\xa9;\
E\xb7\xc6\xb0\xec\x8a\xce\xf4\x8a\xa8\x19\xe2\xd5\x96\x90Y\
\xe8\xe6\xfa\x7f\xe6S\x5c\xcdw\xf3\xe0\xc5\x1dX4\xb4\
&\x0dM~\xc7.VUSK\x06\xa9Z\xa2\x17\x85\
\x06dG\x81\x19\x9f\xda\xaa\xfa\xe8`\x89\xb0\x5c)\x05\
\x10\xc38\x8d%\x5c#\xbd\xb9\xd3z\x87\xb1\xeehi\
\xed\xa7\xfa[\x00\x13\xa2C\xf0E8Ux\x94\xcdy\
\x15L\xde\x9c_\xeb\x11\xc9\x07\xd3\xce`[u\x8c\x1b\
\xb6\xe4\x93Y\xe8\xe6\x8e\xf8p\xb2\xa6F\xa3\xc9\xb1d\
N\x89f\xc9\xa5\x91th\x83\xbb+\xbb\xf3+\x99\xb3\
\xbd\xe6A\xb6\x8cZ\x5c8\x9d\x8a\x0a\xac\xc7!,s\
\x0c\xb5\x18b\x5c@\xcb\xed\x00\xa5\x10\xdc'\x0cf.\
@\xec=1\xf6\xf5\xa0J\x9f\xc9\xee<\xe5\xcaqE\
9{\xd1H\x0e\x94\x01\x91\x0e\x0aZ:\xb2\xc3\x82\xe9\
\xdbN5\xfa\x9euG\xcbXw\xd4p\x14\x87\xdb\x85\
y\x83;\xf0\xc0\x85\x1d\x987(\x92y\x83\x22I=\
\x5cJ\xd2\xa7\x8d/\xb79\xb1\xa7\xa0\x12\x8f\xe2wh\
?\xbb\xbf\x887\x0e\xd5\xfc\x83\x0d\xc8=\xe8\xef\xe1\xf4\
l\xfd\xad8\xff\xbb\xfdO\xb8\x0d^\xa8\xc6!\xc0a\
\xd7V\xb5\x7f\xe7U\xbf`\xab\x98\x92q\x00C\x0e\xee\
\x09\xe8\xa0\xea\x97\x05\x95\x0c\xa9'$\xbe\xad\xa3\xc4\xa3\
<\xb6\xa7\x90i[\xab\x8c-\xb1o\x18\x8bk\x19\xd2\
Z\x0bA6a\xf5\xd8(\xbf\xe1=\x9e^\xc8\xc3g\
\xcd\xf7\xaaz\xeb\xe1\x99i^K\xaa!\x09\xb8*'\
\x0e#\x80\x18\xe0\x88.X\x10P4l`\xc6'\x8e\
\xdd\xfe\xf7\xaa\x13,\x8d\xf3\xfb\x07\xa7o\xf9\xabe\x15\
\xdc\xf0\xa1\xe7\xe9}E8\x04:7\xe2\xb4Y[\xc4\
g'+\xce\x9aW\x1d*j\x9dp\xfe\xea\x10`\xeb\
5\xdd\x18\xd29\x08\x8f\xc2\xad[O\xb1\xa8\x9e\x15\xfb\
\xf7\xbf\xd8\xe8\x9f\xec:|\xbf\xaf\xd8\xae\xb2\x14\xb8%\
\xd0\xb6\x04\xf6\x0b\x17f\xed\xc0\xaf\x1f)W\xcb\x9a\xec\
0\x80\x1e\x86\x90\x5c\x09\xc0\xf7\xd3?\xe9ei`\x83\
\xa1\xc0\x88\xf7OP\xd0\x1a\xa1\xe5M\x88\xe7\x87w$\
\xc2\x8c\xd3{'\xa7\x8c\xbfd\xb6\xbe\xacZ\x5c\xb8\x9d\
\x83S\xa3\xb9\xbck\x10\xa7*\xbc\x5c\xf6\xc1\x09\xfe\x9a\
U\x8b\xb3\xdc\xfc\xbd:\x96\x9e9\xd1\xb50\xdf\x17\x0a\
\xb7\xa9\x9bj\xa1y\xdd\x7f*\x11\x95\x80Y\xad\x022\
>\x83\xda\xc2 {\x04\xecT\x06\x19b\xf5\xaa\x1e5\
e%C*\xca\x07\x8e\xdb\xb7\xe5\xab@\x1b\xd6^1\
\xf7\xa2\x08\xca\xa7\xc7p{|8g*\xbd\xdc\xb1\xbd\
\x80\xc9\x9b\x9a\x91*\xa3\x01\x08\xb6\x09o\x8e\x8d\xe2\xe8\
\x0d\xd1\xf4\x8d\xb0\xb3\xf2p)]\xd6\xb8H\xcb\xaf\xc5\
=d\xe9(\x1ey\xf3\xe9\xfd\x96\x94\x95\x00\xf2\xea\xc9\
H\x90\xa9fZ\x19\xb1\xd1\x0d\x8ej\xa9QU\xc0\x14\
i+rGb\x97\x1d\xe6\xc7\x0cMr^\x08pT\
$6\xc88f\xc9\xf1N\xdd\xf7\x0c]\xba\xa7\x8a\x82\
\xb6\x85\xa89Z\x1a\x97F\x05\xb1xhG\xae\xeb\x19\
\x82\x00\xfbO\xbb\xf9\xc5\xae\xd3\xad~\xa0i|\x8f`\
\x96^\xd6\x99\x8bM\xfe\xc0\x8f]\xe5\xdc\xb25\xbf\xfe\
P}\xcb\xf9\xde\xac\x9f\xf4)\x16\xd5H \xcb\xa9\xda\
\x0f@R]O\xa0<j\xe6~^\x93\x9c\x0f\x05\xda\
\xbe\xf3\xe2j\x91\x94\xdc\xf7@&\x1a\x1f\x98\xad\x89\xce\
\xd7\x01\x5c\x22/cP\xf03\xebW\xcb\xf7n\x181\
q(\xd0\xe4aU\xad\x85\xc9q\xa1\xdc\x95\x10\xce\x0f\
\xa2C\x08\xb6\x0b\x8a\x11K\xb8\xe8\xcb\x226\xe7\xb5\x9e\
\xc1\x09p{|8\xf7_\xd8\x81!\x9d\x0d\x83S`\
\xc5\xa1\x12\xee\xdc~\xfa\x1c[jf\x09f?\xf7\xd2\
\x1f\xef\xdb|\xf3\xb6\xbf\x8f3SgF\xab\xa6\xc8\xab\
'#\x09u\x1f\xc7\xe0\xc7\xf6\xe0\xf6\xc4T\xa7\xdah\
T{\xcf\xcb\xf8Vf\x0f\xc0\xe6\xf8\x8f\xd9\xee\x02\x1c\
\xf91:\xed\xe2\x8a,\x91\xa8`\xe34{\x88\xdb\xee\
8\xd6\xe7\xf5\xc3=\xbdb\x0b\xe8|n[\x80o\x8f\
\xf9g\x09\x11\xfe\xf3\x16\x0a\xac\xcf)\xe7\x97\xbb\x0b\xc8\
,l\xd9P\xfd\x9b{\x87\xf2\xf8%\x91\xf4\xef\xe0\xf0\
\xcf+\xab\xe3P\xb1\x87_\xed>\xedw\x015\x08f\
\xaf\xd7\xe7xV\xee\xf6\x07\xae\xe8\x8e1-\xab\x8a\xe5\
K\xc9}\x05d\xb6\x91Y\x17hR\xcc\xe2\xf3y\x8e\
\xf3\xa7\xc5Mq-\x00\x1e7\x1b\x94\xaaI13\x00\
\xf2D\xaeWx\x1b\xe0\xcb>\x83?\xbbz\xc9\x87c\
\xfc7\xb5\x13\x03L\xee\x17\xc6s\xc3;\x11mq\xe0\
g\x15{\xf8\xd9\x8e\xd3|\x90\xdb\xb8C>\x02\xcc\x8a\
\x0f\xe7\xc6^\xa1\xc4\x86\xd9\xe9\x10$5\xd6av\x81\
\x8eA6:\x07\x09\x8e\xda\xd8\xc4\xeb\x81\x02_\xe4W\
\xf2\xf2\x81b^\x0ddqc\xa1Y;2\xab_f\
pey?\x05\xb7\x03\xfatWu\xc9\xea\xbc\xc9x\
u\xad\x99\xf7?\x9a\xe8\xbc\xb8\xee\xc2\x1aXeSP\
\xa4I\xaa\xeb\xdf(\xc3\xcd\x12\xef\xd1\xc4\x98\xff\x05\xc8\
\x15y^L\xc9\xf4\xa7\xa7=\xbc\xfd\x85\xa9\xf7\x1b!\
\xf7\xcdDY\xdbT\x18\xd55\x88\xf5\x13\xba\xd0=\xd4\
N\xfa\xfd\xbf&\xea\xc5\xdf6\xea\xfe\x19\x0f\xa7\xb0\xe5\
\x92\xf1\x8c\xef\x11\xc2\xdc\x8b\x22\xb8\xb6g(\xbe\x0e\xaa\
\xc8\xad\xe4\x95z\xf1\xa0\xa8B\xa9Gq\x08\xd8m\x82\
\x0d\x88\x0e\xb5\xd5\xe9f\xca)\xf5\x92q\xc6MF\xa1\
\x9b\xafNW\xb2\xd1UAzS\xec)[B\xa8\xde\
}\xfc\xfa\xad#2\xd3|\x1d\xc5t\xa7\xea\x1aY\x91\
\xd7\x03\xbb\x1e\xc1\x18n\x15\xb7\xe7b\xbd\xad\xe7\x81\xf3\
\xae\xb6I\x8c\xef\xd5\x93\x91\x84\xb9\x8f\xa2D\x9a\xa5\x8e\
\xd7\xc4\x98m\x00\xb9\x22\x1f\x89\xc1\xfd\xcbCs~\xbb\
{\xe5U\xc9\xa3\x806;\xff\xbb\xb9w(o\x8e\xed\
\xc2\x81B7\x13?\xf9\x96\xbf\xfc|\x02\x17d7\x8e\
\x15\xe2\xcb\xb4#\x5c;\xcc \xbf/r+\xcf\xee/\
b\xf1\xde\xc26\xf8\xb4\x9cex)\xcf$n\xb9*\
}\xb3\x8fU`\xb1Su\x81l\xc2A\xae\xebk\xd4\
']!\xc9\x9a\x14\xbd\xba)\xaan\x12O\xae\xce\xee\
V\x88\xda\x86\x83\xc9\xc1\xa7\xb2IR]\x83\x00b\x0c\
a\x91\xad\x00\xbf]\xf6\xd0\x88\x9b\xb6\xfe-\x0d8\xab\
\x9bo+\xb8\xa8\x93\x83\xe5WF\xb1\xe2P\x09\x17\xbd\
s\x9c\xacb\x0f\x0eo\xe3\x9d\xc3\xfdc:\xb1\xedD\
\x05\x83\xde=A\xe4\x9b\xb9,j\x07\x86\xb7\xfc\xb9\xd9\
\x9b}\x86\xa7\xf0\x8cSu\x81\x80\x90\xeb\xdaYex\
\xcco*\xc3\x83&2>\x00M\xeaq\x10q\x8fD\
\xf0\x02\x82\xb2GV\x1f\x1b\x06\xe04vA\xfe\x05\xf0\
\xf2\x9f~~\xe9\xcf\xdfy\xc9\x88\xe7oC\x06\x18l\
\x13\xde\x1e\xdf\x85\xb7\xb3\xcb\x98\xf5Y\xd5\xa6\xbb\xcd\xdb\
\xf8\xc5\xc4-\xcb\xfe\xc5\xb8\x0fO\xb6.\x19\xd0\xb9`\
1\xbc\xf7\x1e\xbfn\xdb\x8f\xd2>\xf0Q\xd4\xfd>F\
u\xbe\xac\xc1N\xaa+\x1d5h\xec@\x96h\x92\xf3\
\x99\xa6lB\x93\xeeaib\x5c:\xea\xbe\x18\xa1\x12\
\x10\xbc\xb6]\xb2\xda5\x09\xc0\xa9:N\x0d\xdd\x08\xe6\
\xaf~\xea\xf2w\x17^\xbf\x0d0l\xaf\x0e5\x9f\x96\
\xc4\x1b\xa3;\x93\x10\xe9\xa8\x16T\x09\x0eO\xe3\x8d\xaf\
\xd2^\x97\xcaU\x1bA\x95/\xcf\x939;\xe1\xeba\
\x99_\x98sq\xe68U\x1f\x94WOFR\xe9:\
\x8c\xfa\x83\x83\xe7kRt\x83\x03\x8c\x1b\x8a&\xdf@\
\xd5\xa4\xb8\x0c\xca\xcb\x9c\x08\xc6\xde\xae\x97\x7fH\x8ak\
!@\x8c\xea\x1c\x8c0}Fd\xa4\x8d\xce\x9c\x1d\x9f\
\x11Z^f8\xc6DZ\xad\x13\x9c\x18\x13\xca\xad}\
\xc2\xd8\x7f\xba\x92M\xd5\xfct\xf6\x00\x86\xdd\x0aG\x1b\
\x0d\x8c\x10\xf1\x1b\xde\x80c\x19\xd9Y\xb7\xf5)\x09/\
/\x1e\x08T\x0a\x0cu\xaa.\x97\x959C\x09s\x9f\
\xc0\x17\x18l\xb3\xdd\xdc\xd4=\x9e\x0f\x01\x86T\xd5\x0f\
\x9d\xd5\xb7@ \x96\x14\xd7G\x18\x0a\xdf\x8fI\xaak\
\x12\x8e\xfc1\xaa\xba<Wd\xa3\xc0\xee\xf0\xf2\xd2\xf8\
C\xb3\xfb\xb3\xe4\xd6\xf9\xdb_\x9a|\xdf\x15~'g\
\x0b\xbbb\xc6G\x1b=\xd5g'j\x0e\x93\xf6\x00\x86\
\xddI;\xd7s\xb2c\xd7F\xdf\x97\x17\xe5d\xe3\xb0\
\x1f\x9e;c \xb0\x8c.\xef,\xfc\xf1\xb6\x91\x19\xbb\
G\x03\x08\xa4W\xc2\xe88\xd5RI\xc9\x9d\x8f\xcd\xbe\
\xc8\x9c\xa0\x16\xe3\x91\xa1\x9a\xd4\xa3\x06\x03A\x935\xa9\
\xd9\xb5\xd7V\xe7\xdd\x89W\xff\xe4O\xb0I\x92N\x8f\
~\x13\xc0%\xf2;\xe0\x01\x80\xd2\xe0\xd0\x83C\x96\xa6\
\xc7\x16\x85u\xa8\x0a\x19n\x82\xb6\xf5w\x1dd\xd3\x83\
\xe3\xce\x9d\xb1\x0d`\xdb\xe0q$=\xd2d\xf3y\x03\
\x16\xa3\xbb\xe4\xf0\xde\xc3\x1b~\xf3\xa3\xae\x82F\x00j\
\x83i=T\xd7\xcak'\x9c\x84xw\xa1\xeac\xad\
\xdfD\x86\xf3j]@\xb3Fw4{\xdc\x92N\x8f\
~\x05\x8ft\xc4\xa0P\x05\xaf\xa6H\xaak\xbf\xac\xca\
\xef\xe8T}\xd0\x0b}\x05r\xc3*\xca\xfag\xcc\x19\
\x18\xbam\xee\x98\x1dv\xaf\xc7x\xe8&\x98\x0b\x06\xb9\
\x1bO\xea\xddZ\xd0\xa6\x9cwX\xe6\xd2]\x0b\xbf-\
8t{\xff\xcc\x0f\x7f3\xb1\xb7ix[\xf3!\xbc\
\x87\xeaZY\x95\xfb\x14\xc1\x9e\x1c\xc3\xf0\xd4\x8dW'\
h\x92\xf3\x07\xcdmx\xd0\x02\xc6\x07\xa03\xa3\x8b5\
\xc99\x04\x98n$p\x01RqJR\x5c\xcb{\xaa\
fG\xab\xc6y\x0dj\xad\x92x\xd7\xa1Q\xd93{\
\xf1\xda\xf3\xb7\x9b\xb1cr\xd6\x5c\xa5\xb1p\xb8\xdbF\
\x1c]C\xe0\xb5\x9d\xef\xcfa\xfd\xae\x84\x90\xca\xf2\x8a\
\xcf\xef\x1d\xfe\xf9\x97w]\xd21\xb4\xa2\xac\x1fp\xb0\
\x1c\xe2\x9c\xaa\x13\x06\xa5\xba\xc6I\x8a\xab\x04\x83o\x0f\
\x94wI\x8a\x09\xd5\x191\x0d\xa2Dk\x0a\xb4h\xc4\
\xa6&9\xd7\x90\xe4t\xa0\xfa\x8a\x99t\x1b).\xb7\
\xa4\xb8\x1e\x8eU\xfd\xd4\xa9\x1a)0\x13\xf0L\xdc\xbd\
aLnr\xacw\xeb\xdc\xb1;C*\xcb\xcd\xf3 \
\xd2\xe8\x85I\xb0\xa7\x0d\xbb;\xaa\xc1+\xe7\xf1sX\
\xbe\x97\xd8\x939'2g\xc7g\x1c\x9e\xd5\xcf\xe1,\
p\x0d\x05\xf2=0\xc2\xa9\x9a\xd0w\xe5\xd1n\x92\xe2\
:\x81W?\x04B@2\xf1\x96\xc7i\xb2sJK\
\xef;\xb5x\xb8\xb0\x82jr\xcc]\x14\xe5\x84\xa2\xbc\
o&/\x91\x14\x97GV\xe5>\x15\xad\x9a\xe2T\x0d\
6{\xc2\xfc\x01\xae\x83#\x0f\xcf\xea\xe7\xc8\x9c\x1d\x9f\
10\xe7?9F\xf6\x86\x1ba\xbb\x1av\x1b\xdb\xbb\
W\x1b\x15~\xbc\xe3\xdd\xf4\x9c\x19=\xf3w\xdf?\xaa\
kxyi\xbc\xc0^7\xf4v\xaav\x8f[u4\
XR]\xb9\x88\xe3\x0b\xa0\x0bB\x01^\xcfpM\x8a\
\x1e\xa83\xfa\xd4I]\xdb\x9ch1\xf9\xab:\x1b\xb0\
\x22/\x02\xbb\xa6bP\xad\x9a\xd0\x8f)\x0b\xbaYg\
w+4eN\xff\x0e\xf8\xc9%\xf7\xf5\x1e\xbcm\xf2\
\xc2u#KB\xc2\xc3-\xf7\xd4\xfa\xbf\x1d\xbd\xffS\
V/\xb9\xa5\xf9\x1e\xa0\x09\xb1q\xd8\x0f\xb9}\xee\xeb\
\xf5g\xaaf\xa0\xbd\x8eg\x9d\xdc\xf0\xf8u\xae\xa8\xc2\
|\xffF\xbfBJ1\xcc\x19\xa0Z.\xab\xf3f\xe3\
\xf5\xfe\x11\xc4\xf0l\x08.T'kR\xccnZ\x19\
\xadn|VH\xaa\xeb\xd7(K\xa8\xea\xd3Nbc\
\xb6Nw\xae\x07\x7f\xa4\xcc\xab\x98\xdc\x7f\x807-~\
\xd8\x9e\x99\x0f\xad\xb80?\xb2K\xd5\x11N\x05CM\
B\x98\x90\xfe\x09o<;\xa3%\x1f#`|4\xfc\
\x1a\xee\xf8\xd5\xf2\xb3\x13k\xe9\x0d\xe3s3sV?\
\x95\x98\x1b\xf7m\xf6pK\xf2WnH\x8cS\xdd+\
\xabr\xe2\xb0\xd9W\xa0U\xba\xc4\x88\xec\xc0\xa1St\
\xda\xf9s\xac4\x15\xda\x94\xf1\xf9 +\xb2/\xc7\xee\
X\x89!(b&\x92F\xa5'Yo\xeby\x00\x11\
[.\xcc\x11x\x12\xe8\xe2\xcbr\xaaC\xd4\xbe{\xee\
\xfdC\xf0\xa6!\x13.\xa8Qh\x80\xcf\x99v\xcfP\
\xba\x9d9y\xee\x8c&\xb6\x5c2\x9e\x19\x0f\xa7\x04T\
\x97\x81\x9a\xd3\x09\xbb\xd7\xe3\x9d\xfd\xe1\xf2\xdd\x8f\xa5,\
r\x06y*-\xac\x01|-\xf0\x8bh\xd5\x8d\xf2\xd2\
7!t\x8dx\x06\xe4>\xfc%\xa8\x1bd\x09\x19\xce\
E-\xb1zm,\xda\xa4\xf1Y!)\xb93\x11Y\
\x8aR5\xc4\x0a\x07P\xdb/5\xa9\xc7\x06\x80l\x91\
\xcb\x1c\x86\xe4\xfdH\xeb\xbd\x85a\x1d2\x16'>Z\
\xb4\xea\xaa\xe4\xe1\x1e[\x1d\xe4\xcd\xe7\x88\xae\xd9s\xd7\
`\xa2\x8a\x1a~\xe6\xf6\xd3AcI\x9c\xf7f}O\
d\xd4W\xcf\xbevDiq\xf9#o=\xb3k\xd6\
G\xaf\xf5sx\xdc\xcej\x97\xdf\xf2\xc0\xdc\x9e\xaa\xd9\
\xb2\xf2H\x0c\xb6\xe0\xa7A\x92\xcf.L\xd7B\xe5\x9d\
\x9a\xd4\xbbm\x1d\x16\xae\x866o|>\x18\xa1=y\
w\x83.D\xfd\x9a\x0f \x94\x80\xbe@\xa5\xf7\xf7\xbe\
\x90n\x97\xc8\x04\x85\xf9b\xe8D\x9c\x85\xe2\x90\xf0\x83\
k\xc7\xdc\x98\xb7\xf4\xfa\xbb\x13\x0eE\xf7\xebq\xaez\
\xf7\xddy!\x91%59L\xea\xc2\xf6\x8b\xae\xe4\x96\
\xdf\xfc\xadA\x8b!\x9bz\x19y`\xd7\xa1\xfb\xdf~\
\xf1\xd8\x84\xbd\x9b\xe3m^O\xf5\xf6T\x02)\x0a\xcf\
\xc6\xa8~-O`c`\xde\xad\xa0\x8f\xa3\x0c\xb4\xe4\
S\xd0Ux+\x1ei\xad\xc5C h7\xc6W\x1d\
\x92\x92}\x19\xe2x\x11eT\xb5K\xe5\xc0j\xbc\x9e\
\x17|\x04F\xd9\x22aA0E!Y\xe1\x1a\xa9c\
[\xb1<8$\xebh\xd7^\xc7\xbf\x8e\x1bX\xb9'\
~XPZ\xfc\xb0\xa8\xe5\xbf\x9b\x99\x10V\xdep.\
\xbe]\x03Gq\xe3\x82\xb7\x89\xcd?vz\xd0\x91}\
\xc7\x86e\xa4\x9d\xbe\xf4p\xba;!\xe7\x9b\xf0\x98\xfc\
cqv\xaf\xa7V\xf6.\x853\x02k\x05VF\xc3\
&T\xbd\xb2&\xbb\x0bn\xc7\x1c\x94{\xb12\x04\x00\
\x08\xdf\x82>\x86#f\x99UN\xb6=\xa1\xdd\x1a\x9f\
\x15\x02BJ\xdedD\xe7\xa2\x8c\xa9%K\x19\xa2\x1b\
\x10\xdb[\xd8\x8b\xd7\xeb\xb4\xfe\x06\xff\x88\x88-\x07\x86\
8`\xbc\x1a\x01\xafW\x00\xd5\x8d\xa3Q\xee(\x93\x5c\
\xac\xae\xf9\xd5\x11\x85\xad\x02\x9b\x046E\x9b\xcc\xed\xb2\
\x06;n\xd7X\xe0&\x94\x1b\xa8b\xfb\xb2\xe2\x18\x22\
\x7f\xc0Q\xfcG\x7f\xfb\xdb9\xbe\x13\xc6W\x1b$%\
+\x0a\x09N\x04n\xab\xa5w\xb4\xa2\x14\xe1\xdf(;\
\xb0I:^\xf7~\x82N\xef\xf7\xa9d\x1e\x15\xa9\xa4\
q\x01\x18\xbbz\xa9\xfa\xeb\x13\x10V\xbb\xfa\x00\x83\xf0\
2\x18t\x14\x22W\xa2T\x9f\xcbY\x1a\x8f\x0b\xe3\xfc\
\xf3rMt\xeekD\xdd\xed\x0a\xdfY\xe3\xab\x0b\x92\
\x9a\xdb\x0d\xb1\xfd\x00\xd5k\xcc^2\xa1\xbe\xfcGf\
\xc4\xda\xa4\x11\xdf\xd1\xbe>\x83\xb8v\xc9\xc7\x0dYY\
\xe6\x03\xdbA>F\xf5#Mv\xeeop%\xdf\x11\
\xfc\xbf3\xbe\x86@\x9e\xd8\xe4 ~pwl\xe5\xd1\
\xf7\xbe\xfd\xd2\x98\x92\x90\xc8\x88\xb2\xe0\xe0\x88\xf2\x90\xd0\
\x08\xb78B\xd5f\xb7yE\xed*v\xbb\xdd\xeb\xad\
\x00p\xb8+K\x83\xb4\xa2\xac\xd2\x16rj\xed\xe8)\
_\xe3p\x9c\xa4\xa2,\x8f\xd2\xe0<\xfdiL\xebs\
e\xb4A\xfc\xd7\xf8\xfe\x8bVC\x9b\xa6\x82\x12\x91\xd7\
M\xa9\xad\x9b,i\x0e\x119m\xa6?Q\xc7}o\
\x99\xd7G\x99\x9f\x1f\xb5\xcav\xd5\xf3:%\xa6\xf8\xb4\
\x88,;G\xde7j\xa9w\x9e\x88\xe4\x9b\xd7+\xcc\
\xf2\xdc\xe6\xe7OE$\xc1\x92\xb7\xb3\x88T\xd6S\xfe\
\x17\x222\xb6z\x1d\xe6\xbds,\xf9\x1e\xa8#\xcf\x14\
\xf3\xfa\xf9x\xbc\x9b\x15m\xda\xf8\xce\x81\xcd\xc0\xafE\
d\xc5\xb92\xaa\xeab\xabl\x17\x86F,\xc0\xfbg\
\xc9y\xa9Fi\xcd\xa1 \xb9Z\x1e\xdf\xcb\xaf\xc0)\
\x22#E\xa4\x04CN\xe2G\xe6\xf5`\xb3<\x87Y\
\xe7,U\xcd\xa8\xa5y\xe9\xd5\xcb\xc6\xf8]\xf2\x80\xad\
\x222\xcd\x9aYD\xba\x01\xcf\x02\xcb\x80W\x80'E\
\xa4\x7f\x8dR\xdb\x01\xda\xb3\xf1\x15\x01\xa3\x80)\x22\xb2\
\xcdT\xcel-\xbc\x86q\xa0\xfa{V\xb9X+\xea\
0\xbcZa\xfe\x01|\xe18\xd5c\xc2|\xe1h\x0f\
a\x18{\x89%\xad]\xa1=\x1b_\x17S\x5c:\x1e\
\xe8\x05|c\xf6\x0aM\x8dU\xb5\x0c\x89\xfe\xa1\xcc\x14\
\xb3\x1b\x04\xecW\xd5\xaf,\xe9\xe1\x22\xb2ND\xfef\
y=]K\xf9}\xcd?\xcf6\x11\xd9-\x22\xc7E\
D\x81a\xc0DU]g)\xf3\x1e`*\xb0XU\
\x0bT\xb5\x08X\x0c|_D\xe65\xc3\xb37+\x9a\
\xe5\x00QKBUO\x98\xc3\xce6\xe0\xa0\x88\x8c\xc1\
\xd0\x0cn*$\xabj}\xf3\xa6\xc3\x18\x94p\x03E\
$ZU\xf3\xccv\x95`\x18\x0a\x22\xd2\x09C\x0c\xf1\
\xc3\xda\xeeW\xd5\xb1f\xbeD`\x15\x86N\xf1\x18U\
\xf5\xef\x5c\x98\xda\xb6>\xe3}\xceT\x8d\xb2b\xa1\x88\
\xfcCU\xdb\x8d_\xb0=\xf7|~\xa8\xaaGU\xaf\
\xc4\xd0\xf8\xdd\x09\xb4\x98^\xa89D>\x0c\x84\x00\x1f\
\x8bH\xd49n\xa9\xaf\xacT`4\x86\xfa\xd3!\x11\
\x89\xb6\x5c^\x86!/1\xbc\x969\xe2\x08\x0c\x86\xf6\
?\x07Zwk\xe0;a|>\xa8\xeat\xe0E\xe0\
\xd6&,\xf6y\x11\xc9\xaa\xe5\xb5\xd9Ro*\xd0\x03\
C\xc88_D\xcaEd\xa7\x88l\x10\x91\xbd\x18\x0e\
e\xc5\xc2Y]\xcf3l\x07\x06b\x8cJ\x99\xe6b\
\xe6~\xe0:\xe0w\xaa\xfay-\xf7\xa4\x01\xcf\x03\xa3\
k\xf1\x00\x5c_G\xfb\x9bL\xc6*P\xfc\x1f\x84\x9a\
\x01\xdaG\xd8\xef(\x00\x00\x00\x00IEND\xaeB\
`\x82\
\x00\x00\x1f9\
\x89\
PNG\x0d\x0a\x1a\x0a\x00\x00\x00\x0dIHDR\x00\
\x00\x00Q\x00\x00\x00R\x08\x06\x00\x00\x00,\x1b8\x98\
\x00\x00\x00\x09pHYs\x00\x00\x01%\x00\x00\x01%\
\x01\xf2B3E\x00\x00\x00\x19tEXtSof\
tware\x00www.inksca\
pe.org\x9b\xee<\x1a\x00\x00\x1e\xc6ID\
ATx\x9c\xe5\x9dytTE\xf6\xc7?\xf5\xba;\
\xfb\x9e\x90\x90\x95= \x9b\xecDe\x80\xa0\xc8\xa2\x82\
:\x1a\x95U\x04aTDE\xc7\x0dt\xe2\x82\xfb\x82\
\x8e\xa3\xa0 ;J\x18\x19\x5c\x86M\x14\x90EV\x81\
\xb0\x13%\x84\x90\x85\x90}\xeft\xf7\xab\xdf\x1f\xd5M\
\x9a\x90\xceF\xf0\xcc9\xbf\xef99\xfd^\xbd\xaa\xfb\
\xea\xdd\xaa\xbau\xeb\xd6\xad\x1b\xc1\xff\x0en\x02\x12\x80\
\x08@\x03\x8a\x80\x87\xec\xcf&\x03\xb7\x01\xde\x80\x07\x90\
\x07\x14\x03\x93\x00\x09\x08\xfb\xef\xffK$;]?\x04\
|\x09\x98\xea\xc8?\x05\xf8\xc4~\xed\xed\x94~+p\
\x1aX\x86bx\x9bf\xacc\xbd\xd0\xfe\xc4w\x8d\x02\
\x1e\xa8\x91\x16\xe2t\x9d\x0a\x84\x02\x16{zT-4\
Z\x03g\xed\xd7eN\xe9\x93\x81\xd9\xc0S\xa8\x1e\xfc\
8`\xbc\xda\x0a\xff/\x22\x048\x0e\x0cpJKs\
\xban\x83b\xccZT\x8f\x9cP\x0b\x8d\xe5\xc0=5\
\xd2\x82\x81Bjg:@;`\x15\xd0\xaf\xf1U\xfe\
\xdfD'\xe0$\x10c\xbf?\xed\xf4\xcc\x88\xeaE\xa2\
\x8e\xf2;\x80>5\xd2\x9e\x00\xd6\xa3\x18\xbc\x11\xd5\xe3\
\x1d0\x00\xdb\x81\xa9\xc0\xfb\xc0jTo\xff\x9f\x85\x01\
%\xfc\x13Q\xb2\xcb\xd7E\xbex`\x0f\xe0\x05\x1c\xad\
\xf1\xcc1\xa4\xbd\x80X\xa0K\x8d\xe7\xe7\xb9\x5c\x04\x80\
\x92\xab]\x9d\xee=\x9c\xae\x9f\x05\x968\xdd'\xa0\x98\
\xdd\xach.\x99\xe8\x09|\x0f\xf4\x02\xb6\x00A\xc0o\
\xf6\xfb\x9a\xd8\x02\xccC\x0d\xd9\xaa\x1a\xcfv\xa0>\xfa\
\x0bT\xefqf\xa2@\x0d\xcb\x5c\xa7\xb4~\xa8\xe1l\
sJ\xab\xb4\xffv\x03f\x02\xee\xa8\xde\xeb\x86\x12%\
\xce\x22\xa4\x07uOd\x7f*&\x01\xef\xd5H\xeb\x0b\
\x9c\x03\x02\x5c\x94\x99\x03\xec\xbc,e\xcb\x16#\x89\xb2\
1\x0d\xeb\x8b\x1a\xbesQCy\x11jD\xb8\xa1\x1a\
\xf1\x16\x94\x08)E5\xf2+\xf6g\x007\x03\xc7\x80\
\xf0F\xbc\xef\x9ab\x06\xf0N-\xe9\x1f\x00O\xd7Z\
bQ\xaa\x07_e\xb5fy\x8a_\x93\xdf:\x7f\xbf\
\x89E\xa9\x1e\xacKq\xb7\xa78\x1al:\xf0O\xfb\
\xb5?\xf0G\x8d\x927\x00\xa7\x80\xb6NiM\xee\x91\
u\x09\xf1\xba`@\xc9\xad\x12\xfb}\x14\xf0+\xd0\x1f\
\xc8t\xca7\x0d\xa5\x96\xbc\x00\xc0\xbdI\x06\xfe\xd2\xd3\
\xc8\x8c\x0e\xe6+(J\xa9\xf1uv\x0c\x16!\x802\
\x8c\xe5\x02<l\xe8\xeeU\x88R\x03\xd2\xc7\x86E\xd3\
\xf0\xb3zRUe\xe4\x81\xc8\xf4Zk\x96\x94\xeeI\
Bt%j\xa2\xb2\x00\x81\xc0>\xa0\xbd=\xc7\xf5\xa8\
\x09\xe6N\x94\xb6\x00j\xa2[\x0d,@\x89\x92k\x8e\
\xbb\x80_\x80\xfd\xa8\xe1\xe3\xd0\xc7\xeeGM\x147\xd8\
\xef\xdb\xa1\x18\xdb\x85$i\xa8\x95\xd2\x16id\xbf4\
I\x10\xe7!6\x1b\xee\xc8\x82g\xb2\xe0\x93LX\x92\
\x09\xab3aS\x16\xac\xca\x82EY\xf0q6<\x91\
\x03\xc3\xb3\x1d\x0a\xf5\xc7\x97z\xe1\xe5X\x99\x19b\x7f\
\xaf'\xf0\xa9=\xb5#J#\xe8\xed\x94s\x04\xb0\x0b\
\xd8\xcd\xe5\x13\xd45\xc3L`>\xd5]\x7f\xad\xbd\x12\
\x0e\xf4\x07V\x02\xdb\x80%\xb4\xee\xde\xff\x0a\x06J)\
HL\xd4.@X&\xfc-\x0b\x92\xb2 ;\x0bl\
Y`\xcb\x14\xa2\xf0\x0fw\xef\x93G\xfdB\x0e\xee\x0b\
\x89\xda\xbb\xb3e\x9b]\x07\x82#\xf6\x1d\xf5\x0d:\x94\
\xea\xeey2\x13Q\xea\xc8\x9b\x05\xe72ai\x16L\
H\x85\x00\xb6H\x0f\x16I\x8f\xcb\xde\x97\x94\x1e\x84\x94\
\xc2^\xe7}\xc0_\xecO\x0c\xc0k\xc0\x06\xa0\xb3\xbd\
\xce\x0eD\xa3FZ\xb3#\x1a\xa5b\xdci\xbfwG\
\x09\xef\x07\xa8\xa9\xceH\xa9\x91$\xdd.\xdd/\xcf\xf3\
c\xe1E_\x09\x86,\xb8'\x0b~\xc8\x04s\x16T\
\x1c\xf3\x0b:8?n\xd4\xd6\x11O}\x99\x1c\xf6\xc9\
\x81\x22VdJW\x7f\xed\xbe\xbd \xbfI+\x97y\
\xe5\x16\xdb\xb6}\xa7..\xed9t\xebi/\xdf\xa3\
YP\x95\x05eY\x90\x94\x03\xc3\x13\x13\x135\xbe\xba\
\x18qY\x03\xce\xdfo\xa2zR\x09\x056\xa1\xd41\
\x0dx\x1e\xa5\x96\x81\xea\x14\x87Q3w\x83\xd0X\x99\
\x18\x89R3v\x01\x1dP-\x1b\x86R'\xfc\x817\
X\x94\xba\x13\x0f7\xd3%\x99\xb5(\xd5#eR\x1b\
\xe9\x0d\x135xFB\xdb\x02\x9f\xc0cK\x87N,\
\x997\xe2\xe1\x1e\x85\xde\x81\xde l 5@ k\
\xb7#$\xb4\xf2\xe4\xa3>~\xb4\xf4P|\xd1%\xb4\
\xff\xee\xa2\x9eZf\xd5\xc2\x0a\xb2\x0bg|\xf7q\xf2\
\xfd\xbf\xac\x0e\xf5\xaa,\x8b\x05\x0e\x0bx\xfb\xc4\xe0\xc1\
\xdf\xc4O\xf9\xfa:\xdc,\xbf\x93\x10]\xe1Dn\x12\
\x90\x81b\xa4@u\x86x\xd4$\xd8\x1f\x18\x07\xe44\
\x94)\x0da\xe2p;\xc1\xdf\xec\xf7&\xe0]\xd4\xb0\
\x18\x09\x5c\xb8\x943q\x8b\x91\xc4x\xab\xba\x91\x02\x84\
\xcc\x86!\x12>\x06:\xa6\x85\xb6J~b\xda\x87A\
{:\xc5\xb5F`E\x97Fe\x7fqm\x84q7\
\x08\xde\xee\xe9\xc7\xf4Xo\xcc6\xc9\xaas\x15t\x0b\
0\xd1'\xc8D\x8fu\x179\x5c`\xb1\x7f\x89\xb0\x01\
\x86\xf8\xe4\xad\xc7\xde]\xf0\xf7\xb2\xc8\xbc\x8c\xde\xc0a\
\x1d\x1e\x8fL\xcaI\xa6Ro\xc1\x84\x96\xa9\xb5\xbc\x22\
\x1ex\x10\xd5\x09\x8e\xa0z\xa7\xad\x96|.Q\x1f\x13\
\xa3P\xb3\xd6P\x94\xae\xe5\x8c\xfbPz\xd7d\x9c\xf5\
\xbd\xc4D\x8d\xd8\xa9AYc\x22\x84\x84y\x02\xee\xbc\
\x10\x10z\xe8\xfe\xe7\xbf\x0e=\x19\xdd)\x0a\x84\x0d\xa9\
\xd7>\xd1\xd4@\x8c\xb7\x81Eq\x01\x0ci\xe9NJ\
\xb1\x95\x07w\x17\xb2\xebb\x15\xef\xf4\xf4cb[/\
\x22\xd7dc\xad\xc9{M\xb3\x22\xa5\xf1\xc6c\xbbN\
/\x9e;\xc9\xea[^\xd2Q\xc2B#<\x1d\x9a(\
\xcbI\x14z\x8d\x12\xcb\x818\x94\xd1b}-\xd5\x08\
Au\x9c,W\xf5\xac\x8b\x89\x1a\xb0\x19e\xb7{\x94\
\xcbU\x17\x07\xae\x03Cg\xb0}\x03(\xb9\x13\xd8[\
\xcfJ\x10\x03\x80\xe5\xba\xa6\xb9\xcd\x9a0'm\xf1\xd0\
\x89}\x01\x1b\xd2\xc5,]\x0bz\x04\x9aX5 \x90\
X?#\xa7\x8b\xad\xdc\xb1-\x9f\xd3\xc5\xaa\x93\x7f;\
8\x08\x9b\x84\xbb\xb7\xe5\xbb\xfe,\x81MC\xd7\x9e_\
\xf5\xf6\xce\xe9\xdf}r\xbd@\xa6[\xe1\x81\xe8\xa4\xa4\
c$$8\xf7\xb4\x81(\xcb\xd09\x94\xb8\xea\x89Z\
iu\xb3?\xf7\x05\xcc\xc0hWu\xad\x8b\x89/\xda\
\x7f\xb3P\xb2\xe2'\xe0m\x9c\x99\x99\x94d\xb8T\xa1\
u)\xee\x8c\xec`\xce\x86\xc7%\xbc\x7f\xd1?\xe4\xe8\
\xad\xafol\x9d\x1d\x18\xee\x87\x90\x86\xc6\x98L\xfb\x04\
\x9bX;(\x88HO\xc3\x15\x0c\xf43\x09\xd2\xee\x0c\
c\xc6\xfe\x22\x96\xa5V\xd4MH\x89\x0a=6\xf3T\
\xd6\xfa\x97n/\xf12\x97\xc5H\x98\x10\xb1%\xf5\xbf\
\x9cnmc\x9a\xb0\xcb\x02z\xa3\xec\x94gQz\xe5\
n\xd4\xe2\xa1\x0bj%\x96\x80\xb3\xd8\xaa\xe55\xb5A\
C)\xc8o\x02:J\x17\x1c\x8f33\x13e\xf6\xa5\
\xa1\x91T\x14$\x13\xfc\x0b\xb2\xe0\x0d\x01\xcf\xfe\xd4c\
\xc8\x8e\x09\xcf,\xfd\x8b\x8eA\x87\x86\x0d]\x07nl\
\xe1\xc6\xaa\x01\x81Dy\x198Ule\xf4\xb6|N\
\xd9\x19\x08\xf0P;/^\xbb\xde\x97\x0e\xdf\xe6Pn\
kH\xcb\x08\x10\xc2\xea^U)7\xce\x1e\xbe\xafc\
\xc6\xa9~\xc0\x93\xe1R~\x8a\x10\x8a\x80\x94\xe2\xd25\
\xf8\x00\xebPL}\x0a\xa5\x8d\xb8d \xb86@\xe8\
\xa8\xb5\xadC~XQ\x8au\x0f\xe0\x100\x8f\xc4x\
U\xf6\xcb\xac\x16$\xf8\xe7g\xc3G\x02\xfe\xfe\xe5\xad\
\x0f\xee\x18\xf7\xf7\xe5\x03u4\xd1X\x06Nh\xeb\xc9\
\xa6!\xc1Dy\x198\x5c`eT\x0d\x06\x0a`l\
kO\x96\x9e\xa9h \x03\x01$H\xddhvs3\
\xc6\xbf\xfd\xf3\x0d[\xba\x0f\xda\x05|\x9c%\xc4L\x92\
\x92T\xfd\x84\x90\x97\xae\x95\xec_\x03\xbcL\x03\x18\xe8\
\xa8WM\xdc\x88\x92\x0d\xeb\xb9r2QX\x92\x1e\xc9\
\xc4\xe8\x0c\x96\xe5\xb4g|\xe8\xefY\xf0\x0f\xe0\xa5\x8f\
F?\xb1\xfb\xad{\x9f\xbb\xa9\xb1\xdb\x1d\x9d\xfd\x8dL\
i\xef\xcd\xf4X/L\x9a`S\x96\x99\xf1\xbb\x0a\xc8\
\xa9\xbc|\x0e\x18\xdf\xc6\x93\xcf\xfa\x05\xd0\xed\xbf\x17I\
-\xb5\xba\xa0V\x17\x04\x08X8w\xca\xb6\x91\xfb\xd6\
\x0d\x00\xa6\x84'\xa5\xaf\x82(\x1b\x09\xa2\x8a\xe5)~\
\x8c\xeb0\x14\x98\x85\xd2\x17\x1d\x0c\xf4B\xc9\xc4\xb1\xa8\
\x89\xe8\xeb\x1aT\xaf@{`\x0cJ\xb5\xc9\x03\xfe\x03\
|\x87\xc3\x04\xb5\xe6|0wG\xe51?\xd3\x8b\xc0\
psV\x82\x98\x00,X5\xf0\xbe\x1dON\xfbp\
\xa0j\xf9\xba?eh\xb8;C[\xba\xd3\xce\xd7\xc8\
u\xfeF:\xfa\x1a\xd1\x04T\xe9\x92\xf7\x8f\x97\xf1\x8f\
\xe4b,\xb5\xd0\xf8f`\x10\x15V\x9dq\xbb\x0a\x1b\
\xc21\xd7\x10\x82\xef\x13Go\xef\x9d\xb2\xaf\xbf\x01n\
\x0b[\x92~\x82 C\x01\x86p\x1b\xf7\x05O\xa4$\
\x7f\xad\xfd\xdboF1\xae\xa7\x9d\x07?\xa0\x8c*\x03\
\xa8\x1e\xa5\xf5\xaa8\xadQ\x86\xd6\xc1\x80\x17\x1e\xde+\
\xa9(]\x89\x10\x92\xa5\xd9\xde\xe9\x13Z\xb63\xc2\xae\
\x83\xedz\x1c\x1c\xf9\xea\xba\x01\x8ay\xae9xW\xb4\
\x073:\xfa0(\xcc\xed\x8a\x17\x9f)\xb12}\x7f\
\x11\xeb3\xaf\xb4M8\xb0gX\x0b\x16\xa7\x96\xf3\xd9\
\xe92\x97y\x1a\x06\x81\x86.\xf7O\xefs \xbc0\
;\xda\x0a\xbd\xa3\x97\xe7\xf93.\xf88__h\xc7\
\xfda\xf7\xa1:\xd2\x0e\xd4\xcc|\x0c\xf8\xdc^\xf8S\
\xd4\xd2v\x87\x83Z\xcd\xcd\x9c\xf6\xa8\x95\x88\xe3\xb7\x15\
Jn\x9a\x81\xdf\x89\xe8P\x88\x10\x92\x15\x99\xad2\xc7\
\xb6\xbc(`U\xb9\xbb\xf7\xf9\xbbg\xaf\xe9\x87\xea\x82\
\xb56\xcaM-\xdcx\xa3\x87\x1f\x03C\xabW\x82E\
U:G\x8a\xac\x9c,\xb6p(\xdf\xca\xb2\xd4\x0a\x8a\
-5U\xb8\xcb\x11\xe2!\xe8\xe2\xdf\x1c6T\x89.\
49\xf4\xcdM\x1d\x0e?\xd6\xb3\xd4\xa8\xdbV\xc8q\
\xc1C\xc4\xba\x14wF\x86\xfd\xc1\xa0{\xb7\xb0m\xf5\
{(\xa3\xf10\xd4|\xb0\x05\xb8\x88\xe2\xcde\x95p\
fb(\x8a\xbbE\xf6B\x1f\xa3\xcc\xf5J\x85Y\x99\
\x19\xc2\x98\x88\x5c>NqglD\x1aj\xe6\x8e\x19\
\xf1\xda\x0f\x05\x95n\x1e\x06\xfb\x22\xff\x0a<\x12\xeb\xc5\
\x07\xbd\xfc\xf10\xa8\xc7'\x8a\xad|\x91R\xc6\x923\
\x15\xe4W\xd5\xcd\xb4\x9a\xf8o\x86\x99Gb\xbd\x89\xf1\
\xd6\x98{\xb2\x8c\x9f\xb3]\xf7\xdaz!\xa5\x96\xe7\x17\
\xe23i\xe6\x97\xe9K\xdf\x9b8 \x1b\xa6\x91\xeb\xbb\
\x140\xb3-i7\x08\x892\x9b}\x08<\x8c2\xfc\
\xfa\xa2z\xe1\x16gR5?\xdc\x80\x9aX\xeeB)\
\xa1GQ\x96\x9a\x8d +AH\x16\x9e\xf4\xcd\x9a\xdc\
)\x068\xb0\xe6\xc6\xbbv?\xf6\xd8'\x03\x91\xb5\x8b\
\x85\x89m=Y\x18\x17\x88MJ6d\x9aIJ\xab\
 )\xad\xa2Vy\xd7P\xdc\x1e\xe9\xce\x9b=\xfd\xe9\
\xe4gdEj9\xcf\x1f,&\xbb\xb2q\x8dq\x19\
\x84`\xc3\xec\xe1;\xba\xa7&w\xb5B\x97\x98u2\
\x8f\x91\xc2L\xef[;q`\xd3\x7fP+\xb3\xe4Z\
J\x86`\x9f'\xea\x93\x89=Q\xd3\xfcM\xc0H\xb6\
H\x9dxa\xcd\x84u\x16\x93[\xc7\x0e\x0bRb\xaa\
\x8c&cmF\x83\x00\x93\xc6\x91\xdb[ \x81\x87~\
-d\xf3\xd5\xf4\x9a\x1a\xf07i|\xde\xdf\x9f\x84V\
\x9e\xfcQbe\xe2\xaf\x85\xec\xbcXs\xbb\xa6\x81\x10\
B\x06\x15\x17\x94\x1cy\xb4\xabE\x932)<)\xe9\
q\xfb\x02\xc2\x1f\xb5jq\xc8\xbeP\xd4Ds3j\
og\x1fj\xc9{IO\xec\x8bZx\xd7\xc4A\x94\
\xfar\x0bP\xc5\xf1\xe3\x1e\x99\xd0K\xc0\xado\xde\xfb\
\xe2\x85*\xa3\x09WV\x97{b<(\xb3JF\xfc\
\x9c\xdf\xac\x0c\x04(\xb2\xe8<\xb0\xb3\x80y\xa7\xcbi\
\xe7kd\xc5M\x81\x04\xbb7q\xcfMJ\x91\xef\x17\
\xe8\xf3\xcd\x80{\x8e\x02\x932\x13\x12\x22\xed\xdb\x0dE\
\x84\xb5\xb6\xa0\xb6Z\xf7\x01I(y\xb8\x10\xb5,\x9c\
\xec \xe1x\xf3-T\xef\x01\xf7\x05\xde\xba\xf4\x12M\
{\x09\xe8\x03R\xf0X\x97R`v\x95\xc9\xed\xdc\x17\
#&\xf7GJ\x97^\x06\x83\xc2\xdc\xb8\xfb\x97\x022\
\xcam\xdc\x1e\xe9A\xa0\xa9y\x9d-t\x093\xf6\x17\
\xf2c\xb6\x99V\xde\x06\x12\xbb\xb9\xda\xa1m\x08\xa46\
k\xc2\xeb\xfdt!\xca\x81\x99\x94\x1eTJ\xe8\x85\xb3\
V\x94\xfd`\xb0\xfd\xef5\x94\xb5\xfe2%\xd5\xf1e\
C\x80\x9f\xed\xd7\xb7\xe0\xbc\x1f\xec\x13x\x17p\x92\xe5\
\x19\x91\xe9\x10)\xe0\xf6\xf9\xc3\xa6\x9e\xb7\x09\x83K\xc9\
\xa6\x09\x98\x9fR\xce\xc9b\x0b\xbf\xdc\x1a\xc2\xf7\x83\x83\
8t[\x0bFFx\xb8*\xd2$X$L\xdd]\
DA\x95\xce\xdfb\xbd\xe9\x19\xd4\xc4\x99[B\x89\x97\
\xaf\xfb\x8f\xbdnM\x160>5!\xc1A\xe8\x00R\
n\x00*\x80\x89(]\xf10\xcad\xf6-\xf6-a\
e\x08U\xbf\x1bP\xca\xe4d\x94\xa1\xb5\x17\x10\x8dn\
+gi\xb6dld\x86Q\x19+-\xff\x1a\xf5X\
O\x04.\x97t\xba\x84\x1d\x17\xab\xe8\x1e`\xa2[\x80\
\x91\xdd\xb9UDy\x19XyS\x00\xfd\x82\xdd\x5c\x15\
k\x12\xce\x96YYr\xa6\x02\xa3\x80\xe1\xe1W\xd5H\
bN\xc2\x0b\xed\x01\x7f\x0f\x18\xe5\xb4$\x14(\xe6\xf5\
F9\x03\x5c\x8f\x92\x95\xb3\x80\xc5@\xa4\x86\xd2\x8eo\
F\xad\x8b\x1fC\xd9\xd54`\x06\xee^\xdfRZ\xf8\
\x03\xd0\xd5\xbe@\x1f\xf3{D\xbbCE\xde\xfe>\xae\
d\xa13\xc2=UG\x7fl_\x11O\xffV\x84\xaf\
Ic\xcd\xa0@\x86\xb4\xac}o\xa9\xa9HJ\xab@\
\x97J\x0e7u\xfb\x12\xa4H\x89\x8a\x8d*\xf6\xf2?\
\x0e\x8cs2\x97\x0dE\xad^f\xa0\x5c`\x1c8\x8a\
\xf2B\x1b^SP\xa5\xa1\xd6\xcc\xef\x02\x0f\xb2\xec\xec\
H\xe0-\xdc\x0c\x96s\xcao\xb0\xeb\xb2\x9b'\x08j\
\xc8\x04Wp\xd7\xd4'I\x09sO\x961;\xb9\x98\
p\x0f\x03\x1b\xe2\x83\xd88$\x98\xe7:\xfbpK\xb8\
\x1b\xad\xbd\x0d\x97\xf4\xc8\xc6\xe2\x8e(\x0f~\xcd\xadb\
s\xb6\x99^A&\x1el\xeb\xd9$:\xf6\x85\x96m\
C\x9fa\xf9@|\x0a\xb8\xdb\x1d\x09\x04\x9aV^K\
\x09#J\xf4\x9d\xd2P[\x9co\xd5\x92i\x00\xaf\xdc\
\xfd\x04\x00E\x96\x93\xeeJn\xca\xef\xe2Fu\xa2\x81\
nk\x06\x01\x16]\x92cVz\xdc\x9bGKy\xe1\
P1\x12\x88\x0fs\xe3\xd1Xo\xde\xb8\xde\x9f\xf5C\
\x82\xc9\xbb\xb7%\x87G\x86\xf2Jw\xdf\x06MBa\
\x1e\x1a\xeb\xe3\x83\xf9\xe6/\x81x\x1b\x85]_\xb4\xf1\
I\xdf\x00fw\xf5\xc1\xbdi\x8d\xa2}=\xe8\xfe0\
\xc0\xcb\x1b\xfa\xd1\xb9 \x0a\xf8\x91\xa8\xd8n(\x1e\x0d\
A1\xeei`/J\xe9\xde!P\xb6\xb3g\xa8\xde\
\xc8\xbeD\x90\xb0\xd6\xbfs\xe1lg\xa02\x13\xe6U\
\xbay\x0ci\xbb\xe8L\x87\x86\x18\x19@)\xc6\xafv\
\xf7\xa3\xd7\xfa\x8b\x97\xa5G{\x1b(\xaa\xd2)v\xd2\
\xbac\xbc\x0c\xfc5\xc6\x83\x97\xbb\xf9\x92]\xa93\xda\
\xc9\x10[\x13\x02\xd88$\x98\xa1\xe1J,\xb4\xf9\xf6\
\x02gKm\xdc\xd0\xc2\x8d/\xfa\x07\xd0\xc5\xdf\xc8\xa1\
\x02\x0b\xaf\x1f-\xe1\x9bs\x95\xb5\xd2pE\xd8\xa0\xeb\
z\xfa\x84\x98\x22\xa4|?\x22)\xfd3\x12\xa2\xf3\x99\
\x7f\xa4\x1d\xd3\xba\xf5Eu\xb8J\xd4J\xee{\xd4f\
\x17\x1a\xca\x8b!\xa8\x16\x92F\x0a\xb2\xccL\x9d\xaf\xd9\
\xe9wNo\x11\xa3v\xc0\x1a\xb8\xe2\xe8\xe0kdg\
\xee\x95Jpz\x99\xed2\x06\x02\x9c+\xb7\xf1\xe1\xc9\
2\xc6\xec* \xc6\xcb\xc0\x82\xfe\x01\x98\x5ct\xa60\
O\x8d\xf4r\x1b\x1f\x9e(\xe3\xc9\x03ET\xd8y\xfd\
\xeb\xc5*\x06l\xcc\xe5\xf5#\xa5Dx\x1a\xf8\xf7_\
\x82\xd8zK\x08\xa3\xa3\x1a.+m\x9aA+\xf6\xf2\
?\x07\x5cGBT\x81J5\x9fC\x99\xbf\x9e\x00\x9e\
C9de8\xcah\xc0\xeb(\x0b\xc5T\xd4&v\
\x1b\x94-m\x03U\xe6\x8f\x18r\xa7\xc3\xe1\xa7\xd3\xf1\
\x98\xce\x16D\xfd;a]\xfdM|\xd0\xdb\x8fR\xab\
\xe4\xf9\x83\xc5\x0d\xac\xbe\xc2\xfa\x0c3O\xffV\xc4\x80\
P7\x1e\xe9\xe8]k\x9e\xec\x0a\x9d\xc9\xbb\x0b\x99\xf9\
[\x11\x1f\x9d,\xe3Beu\x95\x0a-:/%\x17\
\xd3\xfe\xdb\x0bL\xd9]H\x89Ug\xc9\x8d\x01\xec\x1d\
\xd1\x82\xc7;z\xd3\xc1\xb7\x0eIdo\xd7\xb4\xd0\x98\
b\x01\x1dAH\x12\x135\xa6\xf5\xb1\xb8.\xa4d\xdb\
\x11\xd4:y\x0aju\xe2\x86\xdakx\x16\xd8\x8fE\
\xeb\x98\xaa\x1c\x85\x82\x0f\xb7\xe9\xee\x8e\x14.\xc7\xb2\x00\
^\xea\xe6K[_\x033\xf6\x15\xd7k\x95q\x85y\
)\xe5\xc4\x85\xb83\xb3\x93\x0fK\xff\xa8\xa0\xb0\x09t\
J\xac\x92\x85\x7f\x94\xb3\xf0\x8fr\xfcL\x82{c<\
\xb9\xb7\x95'\xef\xf6\xf4#\xb5\xcc\xc6\xbe\xbc*\xf6\xe7\
Y8f\xb7$e\x94;\xde!\xac\xc7\xa3;\xeb\xdd\
R\x93\x95\xefNbb\xbd/w4K.\xb5O.\
0\xbe\xc5)\x0feW\xe4BP\xb8;Rw\xd9\x94\
/t\xf1!\xca\xcb\xc0\xa4]\x85W\xed\xca\xff\xd4\xfe\
\x22v\x0d\x0faVW\x1f\xfe\xde\xc8\xde\x5c\x13\xc5\x96\
j\x86v\xf43\xf2`[/\xc6\xb6\xf1d|\x1b\xe5\
)r\xb2\xd8J\xdc\x86\x5c\x8aTc\xc9\x9c\xc0PM\
\x80\xaf\x04\x83Xz~\x10n\x86`\xee\x0f_\xed\x8a\
\xbe\xebi\xf0?\x05\x01\xac\xc8\xda\xcb\xf2\xac\xbeBm\
\xde\x90\xef\x13\xe8R\xb8\x98\x04\xdc\x13\xe3\xc93\xbf\x15\
7\x99\x81An\x1aq!n\xb4\xf44P`\xd1\x99\
y\xa0\x88Gc\xbd\x19\xd3\xba\x89jK-8Ul\
\xe5\x85C\xc5\xc4~\x97\xc3\xdf\x7fS\x8d\xd3\xc9\xcf\xc8\
3\x9d\x1d\xa2C\x8a\x02\xdf \x03 \xce\x80\x0f\x06\xed\
^l\xf2\xfd\xbah\xbaf\xa2\xa5\xd2\x04\xf4F\x93\xee\
\x16\xfbq\x87RO\x1fwW\x1c\x1a\x10\xe6\xc6/9\
UM\x1e\xc2\xd1^\x06\x92ok\xc1\xaf\xc3\xd42\x11\
`}\xa6\x997\x8e\x95\xf0e\x5c\x00\xff\xea\x1bpI\
yo\x0eT\xda$sO\x96r\xacH\xcdJ\x93\xda\
:\xfc\x97\xa4\xa1\xc0KY~M\xea\xbb+@\xd4\xb9\
:p]\xabb\xab\x92\xd6\x9a\xc1K\x11\x02\xcf\xcaR\
\x97\x02\xb6\xa3\xaf\x89\xef2\x1a\xa1N\xd4@\x94\xb7\x81\
s\xe56\xb6\xe5T\xf1\xe6\xd1\x92K\xe9s\x8e\x96\xf2\
\xf8\xfe\x22n\x8ft\xe7\xd0\xc8P\xe6\x5c\xef\x87o3\
\x193\xac\x12V\xa4*=\xba\xb0Z[\xd0}+J\
\xac\x00\x12*\x10\xf8\x80\xacM\xd9\xbe\x04\xd7S\x95\x87\
\x97\x15\xaa\xc0\x86\x8f\x09J$\x10TVT\xe1\xea\xec\
\x92\x9fIPz\x85OG\xc3\xf1\xeb\xc5*n\xdc\x98\
[\xeb\xb3/~/')\xad\x92\xe7\xbb\xf8\xf0BW\
\x1fb\xbc\x0d\x8c\xdfU\xd0\xe4w9\xc3Q\xe7\x95g\
\x1d\x8e\x00B\x0f)\xc9\xb7\x02\xc4@\x09R\xf8\x22D\
\x9dB\xd9u\x93\x96\x99U?\xd7d\x80Em\x19\x10\
Z\x98mF\x8aZU\x9c\xc2*\x9dp\x8fkw\xb6\
\xa8\xc8\xa2\xf3\xc2\xa1b\xf6\xe5Y\xb8\xaf\x95\x07\xe1\x1e\
\x8d\xda\xd2v\x89\xdb\x22=H/\xb71?\xe5\xd2\xe6\
\x97\x08*\xce\xd5\x81R\x01V\xa4\x0c@\xea%u\x90\
\xa8\x83\x89S\xc3+\x10X\xd0\xf5v\xd1\x90\x0f\x14v\
O=jv5\xb1\xfc\x98]EPS\x0d\xa3\x8d@\
v\xa5\x0d\x8b\x0e\xc5\xd6\xab\xd8\x12\xb0c`\xa8\x1bC\
[\xba\xf3\xe6\xb1\x12\xf2\xcc\x97\xe8\x19;\xa7\x1d\xd7\x04\
\x9c\x01@h\xed\xb8\xfc\xc4\xc1\x15p\xfd\xd5\xcajs\
\x06\xe5}\x8f\x80S]\xd2\x8e\x19\xa1v\x13Xj\xa9\
\x95%g\xea\x14\x1dW\x8dP\x0f\x8d\xbeA&\xb6\x5c\
0Sv\x15\xa2\x03\xc0(\xe0\x95\xee~\xec\xce\xadb\
~\x8a\xa3\xde\xaa\x87\xb4\xb9\x90\xe6#\xe1\xb4re\x96\
\xadA\x9ctI\x88\xfa\xce\xb1Hy\x0a!:\x03H\
8\xd9\xeaBZm\xcb\xc3K\xd0\xaf\xe19O\x7f\x93\
\xc6W7\x05b\x95\xf0\xfc\xa1:GW\xbd\xd0\x04\xcc\
\xeb\x17@\x97\x00#\xd3\xf6\x16]Vo!\xa5\x0c(\
+\x88\x06N\x10\xe2\xd1\x110\xa0\x89\xd3\xaehA\xfd\
\x87\x81\xf6!\xe9\xc0\xa2\x9c\x96\x02vx\x9b\xcb:\x04\
\x96\x16^\xdd\x174\x01\x03B\xdd\xd8rK0~&\
\x8d\xdb\xb6\xe4s\xb4\xb0\xceUX\x9d\x08r\xd3X=\
 \x88\xbf\xc6x\xf0\xd0\xaf\x055hI\xba\x9f9\x94\
\xaaI=H\xc0vt\xa3\xf2\xef\xb6Z\x0e\xd4E\xb3\
\x9e\x9e\xa8\xff\x0c\x08\xdc\xf4\xc1\xba\xf2\x06\xd3n\xdf\xfb\
\xc3\x09\xe5\x1e|\xed18\xd4\x8d\xef\x06\x07\xf1\xed\xa0\
 \xbe\xcf\xa8d\xe0\x8f\xb9\x1ci\x22\x03\x0d\x02&\xb7\
\xf3b\xcf\xf0\x10z\x06\x19\x19\xbd-\x9f\x1f2jl\
\xa0i\x9a\xf5\xfe\xedI\xe7\x01\xb3\x05v\xa1\xc9\x9b\x11\
\x9cc|\xf4\xefu\xd1\xae\x9b\x89\x91\x91\xfb\x81\x22\x84\
\x1c\x1a\xa1\x84\xeb\xef\xe37/\xad\xaakk\xa09\xd0\
\xc1\xd7\xc8\xf2\x9b\x02\xd8|K\x08\x9e\x06\xc1\x8d\x1bs\
\xf9Gr\x09\x15\x0d\xf6\x04Sh\xe3c\xe4\xbd^\xfe\
\xac\x1d\x14\xc4\x99\xd1a,\x88\x0b \xabBg\xc8\xe6\
|~\xc9\xa9a]\x12\x80\x94\xc6;\xf6\xfc\xd7W\xc2\
\x8e\xe8\xf9\xfb\xad \x06!\xe5O\xf5\xbd\xa7n\xe3j\
\xbc\xb0\xb2\x22s\x1d\x88;Y\x94\xfa\x18\x93\xda|\xd5\
5\xed\xd8Losye\x99\x9bg\xf3\xee:\xd9\x91\
\xd0\xca\x93O\xfb\xf8\x11\xe8n\xe0\xd3#y$\xee\xc9\
\xc1*\xd5&p\xa5\x9b\x07f\x93Z<\xf4\x0d6q\
[\xa4\x07\x9ev\xe3\xab\x10\x10\xe4&\x08t3\x10\xe4\
\xa6\x11\xec\xae\xd1\xda\xdb\x80\xaf\xdd\x9e\x96k\xd6y\xed\
h\x09o\x1d-\xad\xdd-OBd\xde\xf9\xdc\xe0\xe2\
\xdcn\xc0\xc3\xf8E\x8d@\x97\x01h\xdaw\xf5\xd5\xb9\
~\x0b\xb50,A\xea\x0f\xe0\xe19\xda\x02\xcbL\xc8\
\xd9\x0fmZ\xb4\xe7\x9fwL\xefW\x971\xa2)\x18\
\x16\xee\xce\xacV\x92rO#\xe5(_6g\x1f\xdf\
W\xc7&\xb2\xeb\xfeGx\xae\xb3\x0f\xf7\xb5\xf2$\xbf\
J\xbf\xccg;\xd8M\xc3\xcb\xa8\x98Vd\xd19R\
h\xe1P\x81\x85\xdd\xb9U\xfc\x90a\xa6\xa0.\xb7\x15\
M\xb3=\xff\xefw\x8f\x02}\x8c\xf0\x0d\xba\xbe\x18!\
\xf20\xe4m\xa8\xaf\xde\xf53\xe1t\xe8Ot\xc8N\
G\xd7'\xc7\xc0\xaaL\xd8\xf2\xe4\x7f\xe6F}r\xfb\
\xa3\x06\xd9\x8c\xa1\x17L\x02\xe6\xf4\xf0c\xcd\xb6#\xd5\
\xbb\xe25\x107\xa8'\xff\x1c\xd1\x82]\x17\xab\xb8a\
S.\x07\xf3/\x97\x8f\xdeFA\xd7\x00\x13\x17\xcd6\
\xd2Jm4x\xf4\x0b\x81\xbb\xb9R\xbfk\xe7\x9a\x8e\
\x12V\xb5Xy\xc1\x0b\xa9\x8f\x049\x8f\x84.\xf5\xba\
V\xd4\xaf\x1d'\x0a\x1d)\xe6\x83\xb8\x99\x15\xe9\xfd\x04\
\xbc\xe1e.\x8b\xbdg\xc7\xea\x03h\x0d\xdb\xb0j\x08\
\x12Zy\x92\x5c`a\xfdA\xd7zml\xa7V|\
\xfe{9\xc3\x7f\xce\xbb\x82\x81\x00eV\xc9\x9e\xdc*\
\xce\x944\x82\x81\x00\x02\xdb\x8b\xab\xde\xd8m\xd0m!\
:\xbc\x83\xae?\x8d\xd2\x87\xe77\xa4x\x03\x97\x18\xa6\
\x7f\x01\xf9H\xe3\xacp\xb59\xb3\xf3\xcd\xc5\xb3\xbc\x0d\
6\x9b\x01\xd1\xf4MJg\xdc\xd7\xca\x93\xc4\xe4R4\
\xdd\xf5\x90\xfb~\xc3^\x9e\xd8_tU\x0eQWB\
\xe0]Qf\x99\xbc\xe9\xcbv\x12VE\xad\xcc\xccG\
0\x0dd\x12c\x22\xeaT\xb2\x1dh\x18\x13\xc7\x05\x17\
\x03\x1f#\xb8\x8d\xe5\x197Y\xe1\x19\xef\xca\xb2\x0e/\
}\xf5\xfav\x9c<F\x9b\x8aX?#~&\xc1\xb9\
r+Z\x1d\xfb\xd9\x19\x17\xae\xd2C\xd6\x05\x16\xce\x9d\
\xb2\xd7\xa0\xdb\xfc\x0d\xf0\x0f$/!\xf0\xc2\xc6\x9c\x86\
\x96o\xf8b\xd7&>\x00\xd2\x10\xdag\xd1\xf3\xf7\x1f\
\x94\xb0p\xea\xfa\xcf\xbb\x87\xe7g\x16\xd8O35\x19\
##\xdcI-u\x90p\xcdD\x9b\xd6\xcc\x9a\x95&\
\xac=\xce\x1c<3\xf0\xc8\xb68\x01s\xc2Vd\x06\
\x82x\x04\xc9\x17L\x888\xd1P2\x0d\x9f]'\xb4\
,cE\xf6L\x90k\xf0\x8dz\xda\x06/\x1a\xa5\xbc\
m\xf3\x0b\xc3.^\xff\xe9\xc1@\xab\xc1\xe8\xd2C\xac\
>t\xf23\x92Zf7_\xd61\x9c\x03K\x0b\x88\
\xc9\xa9]fZ\x8cnd\x055\xe2\x10\xbd@zW\
\x94Y\xd7\xbev\xb7\xd4\xe0\xc4\xbc;\xa6~\x04b+\
\x90KU\xe5\x8b\xf5\x15\xbf\x9cTc\xb12s\x0dR\
\x8c\x00\xeb\xa0\xcc\xb1\xd1\x1e\xc0\x8f\x1b\xfb\x0c\xdb=\xe9\
\xc9E\x03\x1b2S\xbb[\xcc\xfc\xf4\x5c\xfcei^\
\xb1\x1d\xb0\x16\x97P\x95\x9d\x8dGU\x05\xa1\x85\x0d>\
\x9bx\x09\xc7Zua\xc4\x9cM\x0d\xcc\xadN\x11l\
}6~W\xc7\x8cS]%\xf4\x8fX\x919\x1e\xc4\
\xf3hb\x0c\x0f\xb4\x5c\xd5\x98w7^\xcf\x93\x96\xc9\
\x08\xb7}HcR\xc4\xca\xcc>Yc\x22^\x1e\xbe\
\x7f\xe3\x9c\xa7\xd6~\xb8\xfd\xc3\xbb\x9f\x1a\x80t}R\
\x14\xc0h\xb3^\xd9\x9b\x5c\xf4\xaeFUK4T2\
)\x06~\xf6\xc9\xa3[;f\x9c\x1a(`l\xf8\x8a\
\xac\xb6\xc0s \xbf\xe4\x81\xf0F1\x10\x9a\x12\x8dd\
l\xab\x02\xac\xd6\xb1@\x18\x92\xafnH\xdc\xf2\x91\x84\
\x05\xcf\xfe\xfb\xdd\xb8\x89\x9b\x97\xee\xa3\x9e\xeeX\xd7p\
\xbd\xe6P\xfeo\xf2\xc5Uol\xbf\xf3\xd7\xb5\x03\x05\
\xccn\xb92\xeb\x08\xb0\x14A2&\xdb\x8c\xa6\x90m\
\x9a\x15uB\xf4\x1e\xe0\x11\x10\xf1g;t\x5c\x9e8\
u\xfe\xe3\xc0\x9a\xb7\xbe|\xbe\xfb\x94\x8d\x0b\xf7\xd5%\
%4ym\x98(\xebU\xb5\x04 xm\xc9\xcb\xdb\
\x1f\xff\xee\x93\x1b\x80\xcfZ.\xcd\xfe\x1a\xc9\x06\x04f\
\xa4vO\x8d3\xd1\x0dF\xd3M\xd1c\xc3\x17#\xe4\
\xb3 \xee\xfa|\xd0\x1d\x0b\xde\xb9\xf7\xa9I\x12V\xbf\
\xb6\xf4\xa5^\xaf-{y;B\x80\xb8\xb2W\x1a\xf4\
kc\x00r\xe1{\xaf\xa0\x09\x9b\x86.W\xbc;\xee\
\x97)\x1b\x17\x0c\x00\xdeo\xb3(\xf5=\x0clT\xea\
\x8cm$c\xc3\xce4\xf5\xddWg\xcf\x1f\x13\xf1\x01\
\xf0*\x88q\x1f\x8e~v\xf5\xf5\xff:\xf6(\xf0\xfe\
\x94\x8d\x0bn\xfa\xf9\xb9!\xbb|*\xcb*\xd14\xab\
s\xcf\xd4\xae\x15\x13]\xf5D!l\xa1\xf99%\xbf\
M\xefup\xc8\xa1\x9fo\x14\xf0d\xf8W\x19\xab*\
\xdd=w\x80\xde\x02]\x1f\xc5\xf8\xa8\xc3W\xf3\xee\xab\
\xdf\x14\x19\x1b\xfe\x0a0\x1d\xc1\xad\x17\x03\x83~\x0a_\
\x9a\xf9\xa9\x80\xb1\x9d\xce\x9f\xec|\xeco\xdd\xb2\x07%\
oMQ<T'R\x0d\xd7H&^q\x8aF\x08\
\x1d!H\xd8\xbe\xfa\xd0o3z\x99\xc3\x0asZ\x0a\
\x18\xd6re\xf6Y\xa4\xb6\x05\xa4\x8e\xb0\x0db\x5c\xe4\
\xceZ\x096\x02\xcd\xb3f\x03X\x91=\x1a\xe4R\xa0\
\x0a\xa1=\x9c>&\xec\xa8\x09\x96H\xe8\x7f\xa4U\xd7\
=\xe3\x9e]\xde%' \xd4\xcf\xa7\xb2\x94\xf1\x9b\x16\
_z\xaf\xd9\xcd\x9dJS\xb5U-6#\x85\x876\
.\xa8\xf5\x15_\x8c\x98J\xae_\xcdPa\x0a\x17\x02\
\xc3X3\xe0\x1e\xec\x8d\xa5\xb5\xcd>sa\xd5[\xf7\
\x9f\x8b\xca=\xdf\x1bX\x9f\xdc\xae\xeb#\xc3^\xdd\xf4\
4\x88\xe9\x08\x92\x11\xfah\x97\xb1u\x1a\x89\xe6c\x22\
\xc0\x92\xf3\xb1\x98\x0c+\x90\xf4\x02\xb9\xc8\xc7V\xfe\xe2\
\xe9\x09\xed\x87\x09xG\x22|\xb6w\x1dpx\xe6\xc3\
\x1ft\xce\x08\x89\x0c\xc4\xc5I\xfcA\xc9[Y\xf6\xce\
\xd8Z\xc9\xdf\xfc\xf6\x16R\x22ck\xff\x0c\x81\x150\
\xb6\xc9>\x93\xf5\xc1\xe7O\x9f\x88;\xb5'\x0e\xc8\x93\
0+bY\xc6\x1f\x18\xb4O\x90\x5c\x0f|FU\xe5\
3Lj\xd3tO\x83\x1ah\xde=\xce\x89Q\xa7\xc9\
-\x1d\x80\xe4}`|\xa9\xc1\xfbx\xc4\x8a,\xff\xbd\
m\xba\xf6\x10\xc8\x0f\x06\x1e\xdd\xdei\xff\x13}=\xb6\
>\x17\xff\xeb\xdd;\xd7&\x1bu\x9b\xae& aU\
\x86\x0c\x81V\xc7R\xbczf\x17\xca\x0a\xabiV\x84\
\xc0\xddb\xb6<\xf8\xe3\x92\x83{\x9f\xe8\xbfw\xd7\xd3\
\x03B\xe2N\xed\x89\x95\xf0\xd2\xf8\xa7\xbe\x1c\x1c\xb12\
\xebf4\xed\x17\x10\xa1\x08\xed\xaf\x8c\x0d\x9f\xde\x9c\x0c\
\xb4\xd7\xe6\x1aaYFG\x84\x98\x8b\x10\xb7\x02i \
\xe6\xbe\xbb$\xf1\xeb\xb1\x9b\xe6\x8d\xd1\xe0A\x09\xddt\
\xa1\xe5\xa5Dv\xf8}]\xbf\x91rm\xdc\x9d\xad\xff\
\x08o\x1b>\xe8\xf0\x16\xb1\xf8\xbd\xda\xe2O\xc2\xb07\
\x7f\xe2D\xccu\x18mV\xfd\xba\xf4\x93\xe7\xff\xba\xe3\
\xdf\xe7n\xfdm\x93[\xeb\x9c\xb4X!\xa5\x9fPg\
L\x16\x0f~c\xf3/'[u~\x14!&\x03&\
\xa4\x9c\x87\xa9\xe2\x1f$\xb4+\xba\x16\x9fz\xed\x98\xe8\
\xc0W\xd9\xa3\xd0y\x01d?\xe0\x22\xc8\x95\xd8X\x99\
>!\xa2\xca\x00\x09\x1a\xc4\xeb\xd0G\xa8\xd5S\x95\xd9\
\xe8Vh\xb2V\xb5t\x14w\xe8H\x02\xc8\xf7\x0b9\
\xeeWQ\xe2i\xb2\x98#\xed\xf9+\x81=\x126\x9f\
l\xd9\xfe\xdb!\x1f\xee\x8cE\xb7\x8d\x03nG\x08\x89\
\xe4+t\xfd-\xc6G\x9e\xba\x96\x9fx\xed\x99\xe8\xc0\
\x8a\xacx$O\xa21\x0c\x89\x09\xc1i\xa4\xdc\x08\xda\
\x96\xc9\xff]ph\xce\xca\xd9\xed%\xc4\xea\xcaK\xf7\
\x8e\x9a\x95\xb33\xf3g\x0d\x0e\x08H\xd1\xe1\xd4\xd0W\
7\x14\x1d\xeb\xd0\xa3\x1f6=\x1eM\x0cC\x12\x00\xe4\
\x22\xe4J$s\xed\xa7a\xaf9\xfe<&:\xb0\xe4\
|0FC\x02*6l\x1c*\xf2\xa6\x04\xce\x81L\
yx\xfd\xe7\xd6\x97\x96'\x8e\xac\xad\xe8c\x8f\xcf\xff\
\xec\xfb\xb8Q\x9e\x08\x11\x8b\x94\xb18|\xcd\x059\xe8\
r3B|Ei\xc6\x8f\xf5\xb9\x0777\xfe\xfc\x08\
\xc0\x13\xa3\xf2\x80\xcf\x80\xcfHJ\xf7\xc4f\xec\x8fd\
 \x92\xce :\x9c\x0dm}]\x91\xb7\x7f\xadES\
[\xb6\x9e\x86 \x07\xe4)\x90k\x91\xe2\x10\x1a[y\
\xa0\xe5q\xa7h\x22\x7f:\xfe\xfc\x9e\xd8\x10$I\x03\
\x05\x074\xa2{k\xa4g\x190\x97\xd9\xe8\xd6\xde\xc6\
\xb6W\xf4\x86\xf8P\xff\xd9\xb8\x16L\x9c\x88\x8a\xd8\xe1\
\x89\x1a\xb2\xcb\xa9>\x81\xf5WT\x90\xb38T\xc4\x13\
g\xa4\xa1\x0e\x1f:G'\x16\xa8\xa3\x0f\x15\xa8Q3\
\x1a\x15\x03\xf1\x0c*\xf0\x9bD\xc5\xfar\x84Y\xb8\x80\
:\x15\xeapm0\xa1\xce#~Ou,Z\x15-\
\xaa:\xf6\xd9U\xe3Z\xf8\xc2\xbd\x8d\xfa\xe0 TT\
\xcciN\xcf^F\x9dX\xf7E\x9dHH@1&\
\x00\x156%\x12x\xd5~\xef\xf8\xd3Prs\x9d=\
\x7f1*\xb8\xc7#v\x9a\x13Q\xa7\x9cBQ\x8d\xf6\
\xb3\xd3w\x0dE\x9d\xe3v\x8e\xcd=\x0a\x15i\xe5\x7f\
\x1a\xd9\xa8\xd8\x8a1\xa8P\xd0\x07\xa8\x8em}\x98\xcb\
C\xda\xcf\xc1\x11*U\xa1\x1b\xea\xa0zM<\xc5\x95\
\xa1\x9d\x1d\xa3h1\xaa\xb79p\x98\xea\xa8\xc8\x9f\xa3\
\x0e}:\x07R{\x8d\xea\x10^\xcd\x82k\xed\x95\xa9\
\xa1B>\xcfjD\x99\x00T`\xdd\xe9\xa8\x83\xda\xa0\
\xc2'\xfc\xa7F\xbe\x9a\x13\x89\x00\x06\xa1<N2Q\
\x0d\x19\x87bd\x0b\xae\x14\x1f\xcd\x86k\xcdDw\xd4\
L\x1c\x87:\x0a\xdc\x90I\xc1\x0d5\xe4C\xa8\x0eI\
\x1a@u\x10\xe0OQ\xf1lW8\x95\x99\x0d\x9c@\
1l\x12P\x80\x0a\xc5\x92\x82\x0a_\xb8\x1f\xb8\xfb*\
\xbe\xa3N\xfc\x19\xff\xc0\xc1\x82\x92K\xaf\xe2*l\xd6\
\xe5\xc8\xb1\xe7OD\xc9AP!\x9e;\xdb\xaf\x1fE\
\xc9\xc3@\xa72\xaf\xa3\xe4\x9f\x91\xeap\xd0\xa3Pr\
\xf9C\xd4a&\xe7\x09\xabY\xf1g\xfd\x17\x8c\xf5(\
f\xc6\xd4\x97\xd1\x05\xbe@\xc96GT\xe2\xe0Z\xf2\
\xa4\xa3B<\xbf\x82\x9a\x88\xe2Q\x91T\xeeDE\x1c\
m\x8b\x9a\xc5\x9b\x1d\xd7B\xd9NA\xc9+\x0b\x0e\xe7\
q\x85Y\xa8!\xe8\xbc\x9a\xc8\xc5~F\xc6\x0e3j\
\xc8\xefpJ\x9b\x86\x1a\x8eO\x02\xffB\x1d\xd0)\xa2\
\xfa\x18]6\xd5C\xfd#T\x1c\x9f\x89\xc0\x8f\xf6|\
\xd8i&\xa1B\xb8\xe6\xa1\xc2Y;VE?\xa2\x18\
\xdfd\xfc\x1f\xce\xba?\xbe\xad(\xb4\xbd\x00\x00\x00\x00\
IEND\xaeB`\x82\
"

qt_resource_name = b"\
\x00\x0a\
\x04g\xc4\xec\
\x00i\
\x00c\x00o\x00n\x00_\x00s\x00m\x00a\x00l\x00l\
\x00\x08\
\x0adn\x14\
\x00i\
\x00c\x00o\x00n\x00_\x00m\x00i\x00d\
\x00\x08\
\x0adU\x17\
\x00i\
\x00c\x00o\x00n\x00_\x00b\x00i\x00g\
\x00\x0b\
\x08`\xeb'\
\x00L\
\x00o\x00g\x00o\x00B\x00i\x00g\x00.\x00p\x00n\x00g\
\x00\x0b\
\x03Q\xeb\xc7\
\x00L\
\x00o\x00g\x00o\x00M\x00i\x00d\x00.\x00p\x00n\x00g\
\x00\x0b\
\x08\x95\x08g\
\x00C\
\x00V\x00I\x00c\x00a\x00j\x00a\x00.\x00p\x00n\x00g\
"

qt_resource_struct = b"\
\x00\x00\x00\x00\x00\x02\x00\x00\x00\x03\x00\x00\x00\x01\
\x00\x00\x00\x00\x00\x00\x00\x00\
\x00\x00\x00\x00\x00\x02\x00\x00\x00\x01\x00\x00\x00\x06\
\x00\x00\x00\x00\x00\x00\x00\x00\
\x00\x00\x000\x00\x02\x00\x00\x00\x01\x00\x00\x00\x05\
\x00\x00\x00\x00\x00\x00\x00\x00\
\x00\x00\x00\x1a\x00\x02\x00\x00\x00\x01\x00\x00\x00\x04\
\x00\x00\x00\x00\x00\x00\x00\x00\
\x00\x00\x00b\x00\x00\x00\x00\x00\x01\x00\x00\x9d&\
\x00\x00\x01\x96\xc6\x11l\xce\
\x00\x00\x00F\x00\x00\x00\x00\x00\x01\x00\x00\x00\x00\
\x00\x00\x01\x96\xc6\x0f\x0a\x81\
\x00\x00\x00~\x00\x00\x00\x00\x00\x01\x00\x00\xf6}\
\x00\x00\x01\x92\x8dBu\xf1\
"

def qInitResources():
    QtCore.qRegisterResourceData(0x03, qt_resource_struct, qt_resource_name, qt_resource_data)

def qCleanupResources():
    QtCore.qUnregisterResourceData(0x03, qt_resource_struct, qt_resource_name, qt_resource_data)

qInitResources()
